task_id,task_name,concept,execution_stream,phase,start,finish,critical,implementation_readiness,quality_score,implementation_summary,linked_playbooks,task_specific_tests,implementation_steps,authorizations,procurement_actions,long_lead_items,decision_points,field_lab_vendor_activities,contingencies,implementation_records,open_decisions,first_hold_point
S-0.1.b,Define Licensing Products & Scope (ESP/DC/COL/CP/OL/Topicals),Shared,"Cross-cutting  engineering, QA and program backbone",Orientation,2026-10-01,2026-12-31,True,"Execution definition complete; task-specific facility, supplier, and final design inputs remain subject to the listed hold points.",100,"Deliver Define Licensing Products & Scope (ESP/DC/COL/CP/OL/Topicals) between 2026-10-01 and 2026-12-31 through a controlled sequence of implementation authorization, input/facility readiness, technical execution, independent verification, and downstream handoff. The producing lead is Licensing Engineer; temporary laboratory, supplier, construction, or regulatory support is purchased only for defined products and acceptance evidence.",PB-FUEL-01; PB-MAT-01; PB-MCA-01; PB-SUPPLY-01; PB-TEST-01,,5,3,5,1,3,1,3,5,4,HP-I1 implementation authorization
S-0.2.b,Implement Corrective Action Program (CAP) and Nonconformance Control,Shared,"Cross-cutting  engineering, QA and program backbone",Orientation,2026-10-01,2030-03-31,True,"Execution definition complete; task-specific facility, supplier, and final design inputs remain subject to the listed hold points.",100,"Deliver Implement Corrective Action Program (CAP) and Nonconformance Control between 2026-10-01 and 2030-03-31 through a controlled sequence of implementation authorization, input/facility readiness, technical execution, independent verification, and downstream handoff. The producing lead is Quality Assurance; temporary laboratory, supplier, construction, or regulatory support is purchased only for defined products and acceptance evidence.",PB-MAT-01; PB-SUPPLY-01; PB-TEST-01; PB-WASTE-01,,5,2,5,1,3,1,3,5,2,HP-I1 implementation authorization
S-10.a,Project Execution Plan (PEP) & Controls Governance,Shared,"Cross-cutting  engineering, QA and program backbone",Project Controls,2026-10-01,2035-06-30,False,"Execution definition complete; task-specific facility, supplier, and final design inputs remain subject to the listed hold points.",100,"Deliver Project Execution Plan (PEP) & Controls Governance between 2026-10-01 and 2035-06-30 through a controlled sequence of implementation authorization, input/facility readiness, technical execution, independent verification, and downstream handoff. The producing lead is Project Controls; temporary laboratory, supplier, construction, or regulatory support is purchased only for defined products and acceptance evidence.",PB-TEST-01,,5,2,1,1,3,1,3,5,2,HP-I1 implementation authorization
S-GOV-01,"Establish Engineering Organization, Design Authority and Delegations",Shared,"Cross-cutting  engineering, QA and program backbone",Leadership and Governance,2026-10-01,2027-06-30,True,"Execution definition complete; task-specific facility, supplier, and final design inputs remain subject to the listed hold points.",100,"Deliver Establish Engineering Organization, Design Authority and Delegations between 2026-10-01 and 2027-06-30 through a controlled sequence of implementation authorization, input/facility readiness, technical execution, independent verification, and downstream handoff. The producing lead is Chief Nuclear Officer; temporary laboratory, supplier, construction, or regulatory support is purchased only for defined products and acceptance evidence.",PB-SUPPLY-01; PB-TEST-01,,5,2,1,1,3,1,3,5,2,HP-I1 implementation authorization
S-GOV-07,"Executive Technical Decision Rights, Escalation and Design-Use Concurrence Protocol",Shared,"Cross-cutting  engineering, QA and program backbone",Leadership and Governance,2026-10-01,2027-03-31,True,"Execution definition complete; task-specific facility, supplier, and final design inputs remain subject to the listed hold points.",100,"Deliver Executive Technical Decision Rights, Escalation and Design-Use Concurrence Protocol between 2026-10-01 and 2027-03-31 through a controlled sequence of implementation authorization, input/facility readiness, technical execution, independent verification, and downstream handoff. The producing lead is Chief Nuclear Officer; temporary laboratory, supplier, construction, or regulatory support is purchased only for defined products and acceptance evidence.",PB-SUPPLY-01; PB-TEST-01,,5,2,1,1,3,1,3,5,2,HP-I1 implementation authorization
S-PKG-02,"QA, EDMS, Requirements and Digital Thread Toolchain",Shared,"Cross-cutting  engineering, QA and program backbone",Shared Platform Packages,2026-10-01,2038-12-31,False,"Execution definition complete; task-specific facility, supplier, and final design inputs remain subject to the listed hold points.",100,"Deliver QA, EDMS, Requirements and Digital Thread Toolchain between 2026-10-01 and 2038-12-31 through a controlled sequence of implementation authorization, input/facility readiness, technical execution, independent verification, and downstream handoff. The producing lead is Data/Software Engineer; temporary laboratory, supplier, construction, or regulatory support is purchased only for defined products and acceptance evidence.",PB-MAT-01; PB-SUPPLY-01; PB-TEST-01,,5,2,5,1,3,1,3,5,2,HP-I1 implementation authorization
S-PKG-04,"Program Controls, Schedule Risk and Independent Cost Reviews",Shared,"Cross-cutting  engineering, QA and program backbone",Shared Platform Packages,2026-10-01,2038-12-31,False,"Execution definition complete; task-specific facility, supplier, and final design inputs remain subject to the listed hold points.",100,"Deliver Program Controls, Schedule Risk and Independent Cost Reviews between 2026-10-01 and 2038-12-31 through a controlled sequence of implementation authorization, input/facility readiness, technical execution, independent verification, and downstream handoff. The producing lead is Fuel/Materials Engineer; temporary laboratory, supplier, construction, or regulatory support is purchased only for defined products and acceptance evidence.",PB-SUPPLY-01; PB-TEST-01,,5,2,1,1,3,1,3,5,2,HP-I1 implementation authorization
S-TECH-01,"Technology Strategy, R&D Portfolio and Integrated Technology Roadmap",Shared,"Cross-cutting  engineering, QA and program backbone",Technology Strategy,2026-10-01,2035-09-30,True,"Execution definition complete; task-specific facility, supplier, and final design inputs remain subject to the listed hold points.",100,"Deliver Technology Strategy, R&D Portfolio and Integrated Technology Roadmap between 2026-10-01 and 2035-09-30 through a controlled sequence of implementation authorization, input/facility readiness, technical execution, independent verification, and downstream handoff. The producing lead is Chief Technology Officer; temporary laboratory, supplier, construction, or regulatory support is purchased only for defined products and acceptance evidence.",PB-FUEL-01; PB-MAT-01; PB-MCA-01; PB-SUPPLY-01; PB-TEST-01,,5,2,1,1,3,1,3,5,4,HP-I1 implementation authorization
S-0.1.a,Regulatory Pathway Decision Analysis (Part 50 vs Part 52),Shared,"Cross-cutting  engineering, QA and program backbone",Orientation,2026-10-01,2027-03-31,True,"Execution definition complete; task-specific facility, supplier, and final design inputs remain subject to the listed hold points.",100,"Deliver Regulatory Pathway Decision Analysis (Part 50 vs Part 52) between 2026-10-01 and 2027-03-31 through a controlled sequence of implementation authorization, input/facility readiness, technical execution, independent verification, and downstream handoff. The producing lead is Licensing Engineer; temporary laboratory, supplier, construction, or regulatory support is purchased only for defined products and acceptance evidence.",PB-SUPPLY-01; PB-TEST-01,,5,3,2,1,3,3,3,5,2,HP-I1 implementation authorization
S-0.1.f,"RACI, Interface Control & Governance",Shared,"Cross-cutting  engineering, QA and program backbone",Orientation,2026-10-01,2027-06-30,True,"Execution definition complete; task-specific facility, supplier, and final design inputs remain subject to the listed hold points.",100,"Deliver RACI, Interface Control & Governance between 2026-10-01 and 2027-06-30 through a controlled sequence of implementation authorization, input/facility readiness, technical execution, independent verification, and downstream handoff. The producing lead is Licensing Engineer; temporary laboratory, supplier, construction, or regulatory support is purchased only for defined products and acceptance evidence.",PB-SUPPLY-01; PB-TEST-01,,5,2,5,1,3,1,3,5,2,HP-I1 implementation authorization
S-0.1.g,Commitment & Configuration Management Setup,Shared,"Cross-cutting  engineering, QA and program backbone",Orientation,2026-10-01,2027-03-31,True,"Execution definition complete; task-specific facility, supplier, and final design inputs remain subject to the listed hold points.",100,"Deliver Commitment & Configuration Management Setup between 2026-10-01 and 2027-03-31 through a controlled sequence of implementation authorization, input/facility readiness, technical execution, independent verification, and downstream handoff. The producing lead is Licensing Engineer; temporary laboratory, supplier, construction, or regulatory support is purchased only for defined products and acceptance evidence.",PB-SUPPLY-01; PB-TEST-01,,5,2,5,1,3,1,3,5,2,HP-I1 implementation authorization
S-GOV-02,Issue Integrated Engineering Management Plan and Technical Governance Procedures,Shared,"Cross-cutting  engineering, QA and program backbone",Leadership and Governance,2026-10-01,2027-09-30,True,"Execution definition complete; task-specific facility, supplier, and final design inputs remain subject to the listed hold points.",100,"Deliver Issue Integrated Engineering Management Plan and Technical Governance Procedures between 2026-10-01 and 2027-09-30 through a controlled sequence of implementation authorization, input/facility readiness, technical execution, independent verification, and downstream handoff. The producing lead is Chief Engineer; temporary laboratory, supplier, construction, or regulatory support is purchased only for defined products and acceptance evidence.",PB-SUPPLY-01; PB-TEST-01,,5,2,1,1,3,1,3,5,2,HP-I1 implementation authorization
S-0.1.h,Decision Record & Strategy Memo,Shared,"Cross-cutting  engineering, QA and program backbone",Orientation,2026-10-01,2027-03-31,True,"Execution definition complete; task-specific facility, supplier, and final design inputs remain subject to the listed hold points.",100,"Deliver Decision Record & Strategy Memo between 2026-10-01 and 2027-03-31 through a controlled sequence of implementation authorization, input/facility readiness, technical execution, independent verification, and downstream handoff. The producing lead is Licensing Engineer; temporary laboratory, supplier, construction, or regulatory support is purchased only for defined products and acceptance evidence.",PB-TEST-01,,5,2,1,1,3,1,3,5,2,HP-I1 implementation authorization
S-0.2.d,"Supplier Qualification, Audits & Surveillance",Shared,"Cross-cutting  engineering, QA and program backbone",Orientation,2026-10-01,2030-06-30,True,"Execution definition complete; task-specific facility, supplier, and final design inputs remain subject to the listed hold points.",100,"Deliver Supplier Qualification, Audits & Surveillance between 2026-10-01 and 2030-06-30 through a controlled sequence of implementation authorization, input/facility readiness, technical execution, independent verification, and downstream handoff. The producing lead is Quality Assurance; temporary laboratory, supplier, construction, or regulatory support is purchased only for defined products and acceptance evidence.",PB-MAT-01; PB-SUPPLY-01; PB-TEST-01,,5,2,5,1,3,4,4,5,2,HP-I1 implementation authorization
S-11.a,"Data Model, IDs & Governance",Shared,"Cross-cutting  engineering, QA and program backbone",Traceability,2026-10-01,2033-12-31,False,"Execution definition complete; task-specific facility, supplier, and final design inputs remain subject to the listed hold points.",100,"Deliver Data Model, IDs & Governance between 2026-10-01 and 2033-12-31 through a controlled sequence of implementation authorization, input/facility readiness, technical execution, independent verification, and downstream handoff. The producing lead is Quality Assurance; temporary laboratory, supplier, construction, or regulatory support is purchased only for defined products and acceptance evidence.",PB-CHEM-01; PB-SUPPLY-01; PB-TEST-01,,5,2,2,1,3,3,3,5,3,HP-I1 implementation authorization
S-GOV-06,"Engineering Competency, Staffing, Qualification and Succession Management",Shared,"Cross-cutting  engineering, QA and program backbone",Leadership and Governance,2026-10-01,2038-12-31,True,"Execution definition complete; task-specific facility, supplier, and final design inputs remain subject to the listed hold points.",100,"Deliver Engineering Competency, Staffing, Qualification and Succession Management between 2026-10-01 and 2038-12-31 through a controlled sequence of implementation authorization, input/facility readiness, technical execution, independent verification, and downstream handoff. The producing lead is Chief Nuclear Officer; temporary laboratory, supplier, construction, or regulatory support is purchased only for defined products and acceptance evidence.",PB-TEST-01,,5,2,1,1,3,1,3,5,2,HP-I1 implementation authorization
S-0.1.d,Regulatory Precedent & Risk/Opportunity Scan,Shared,"Cross-cutting  engineering, QA and program backbone",Orientation,2026-10-01,2027-03-31,True,"Execution definition complete; task-specific facility, supplier, and final design inputs remain subject to the listed hold points.",100,"Deliver Regulatory Precedent & Risk/Opportunity Scan between 2026-10-01 and 2027-03-31 through a controlled sequence of implementation authorization, input/facility readiness, technical execution, independent verification, and downstream handoff. The producing lead is Licensing Engineer; temporary laboratory, supplier, construction, or regulatory support is purchased only for defined products and acceptance evidence.",PB-FP-01; PB-TEST-01,,5,2,1,1,3,1,3,5,3,HP-I1 implementation authorization
S-14.a,Tailoring Strategy & Regulatory Alignment,Shared,"Cross-cutting  engineering, QA and program backbone",Tailoring,2026-10-01,2028-09-30,False,"Execution definition complete; task-specific facility, supplier, and final design inputs remain subject to the listed hold points.",100,"Deliver Tailoring Strategy & Regulatory Alignment between 2026-10-01 and 2028-09-30 through a controlled sequence of implementation authorization, input/facility readiness, technical execution, independent verification, and downstream handoff. The producing lead is Licensing Engineer; temporary laboratory, supplier, construction, or regulatory support is purchased only for defined products and acceptance evidence.",PB-TEST-01,,5,3,1,1,3,1,3,5,2,HP-I1 implementation authorization
S-GOV-03,"Operate Engineering Council, Technical Baseline and Decision Log",Shared,"Cross-cutting  engineering, QA and program backbone",Leadership and Governance,2027-01-01,2038-12-31,True,"Execution definition complete; task-specific facility, supplier, and final design inputs remain subject to the listed hold points.",100,"Deliver Operate Engineering Council, Technical Baseline and Decision Log between 2027-01-01 and 2038-12-31 through a controlled sequence of implementation authorization, input/facility readiness, technical execution, independent verification, and downstream handoff. The producing lead is Chief Nuclear Officer; temporary laboratory, supplier, construction, or regulatory support is purchased only for defined products and acceptance evidence.",PB-SUPPLY-01; PB-TEST-01,,5,2,1,1,3,1,3,5,2,HP-I1 implementation authorization
S-GOV-04,Execute Stage-Gate Design Reviews and Maturity Assessments (SRR/PDR/CDR/PRR/TRR/ORR),Shared,"Cross-cutting  engineering, QA and program backbone",Leadership and Governance,2027-01-01,2038-12-31,True,"Execution definition complete; task-specific facility, supplier, and final design inputs remain subject to the listed hold points.",100,"Deliver Execute Stage-Gate Design Reviews and Maturity Assessments (SRR/PDR/CDR/PRR/TRR/ORR) between 2027-01-01 and 2038-12-31 through a controlled sequence of implementation authorization, input/facility readiness, technical execution, independent verification, and downstream handoff. The producing lead is Chief Engineer; temporary laboratory, supplier, construction, or regulatory support is purchased only for defined products and acceptance evidence.",PB-SUPPLY-01; PB-TEST-01,,5,2,1,1,3,1,3,5,2,HP-I1 implementation authorization
S-GOV-05,"Independent Technical Assurance, Nuclear Safety Challenge and Stop-Work Process",Shared,"Cross-cutting  engineering, QA and program backbone",Leadership and Governance,2027-01-01,2038-12-31,True,"Execution definition complete; task-specific facility, supplier, and final design inputs remain subject to the listed hold points.",100,"Deliver Independent Technical Assurance, Nuclear Safety Challenge and Stop-Work Process between 2027-01-01 and 2038-12-31 through a controlled sequence of implementation authorization, input/facility readiness, technical execution, independent verification, and downstream handoff. The producing lead is Chief Nuclear Officer; temporary laboratory, supplier, construction, or regulatory support is purchased only for defined products and acceptance evidence.",PB-CHEM-01; PB-SUPPLY-01; PB-TEST-01,,5,2,1,1,3,1,3,5,3,HP-I1 implementation authorization
S-TECH-02,"Technology Readiness, Down-Selection and ITHF/Model Evidence Integration",Shared,"Cross-cutting  engineering, QA and program backbone",Technology Strategy,2027-01-01,2033-06-30,True,"Execution definition complete; task-specific facility, supplier, and final design inputs remain subject to the listed hold points.",100,"Deliver Technology Readiness, Down-Selection and ITHF/Model Evidence Integration between 2027-01-01 and 2033-06-30 through a controlled sequence of implementation authorization, input/facility readiness, technical execution, independent verification, and downstream handoff. The producing lead is Chief Technology Officer; temporary laboratory, supplier, construction, or regulatory support is purchased only for defined products and acceptance evidence.",PB-TEST-01,,5,2,2,1,3,3,3,5,2,HP-I1 implementation authorization
S-TECH-03,"Digital Engineering, Model/Data Governance, IP and Knowledge Management",Shared,"Cross-cutting  engineering, QA and program backbone",Technology Strategy,2027-01-01,2036-12-31,True,"Execution definition complete; task-specific facility, supplier, and final design inputs remain subject to the listed hold points.",100,"Deliver Digital Engineering, Model/Data Governance, IP and Knowledge Management between 2027-01-01 and 2036-12-31 through a controlled sequence of implementation authorization, input/facility readiness, technical execution, independent verification, and downstream handoff. The producing lead is Chief Technology Officer; temporary laboratory, supplier, construction, or regulatory support is purchased only for defined products and acceptance evidence.",PB-CHEM-01; PB-MCA-01; PB-TEST-01,,5,2,1,1,3,1,3,5,3,HP-I1 implementation authorization
S-0.1.c,Topical Report Portfolio & Methods Qualification Plan,Shared,"Cross-cutting  engineering, QA and program backbone",Orientation,2026-10-01,2027-03-31,True,"Execution definition complete; task-specific facility, supplier, and final design inputs remain subject to the listed hold points.",100,"Deliver Topical Report Portfolio & Methods Qualification Plan between 2026-10-01 and 2027-03-31 through a controlled sequence of implementation authorization, input/facility readiness, technical execution, independent verification, and downstream handoff. The producing lead is Licensing Engineer; temporary laboratory, supplier, construction, or regulatory support is purchased only for defined products and acceptance evidence.",PB-FUEL-01; PB-TEST-01,,5,4,2,1,3,3,3,5,4,HP-I1 implementation authorization
S-0.1.e,Integrated Schedule & Resource Model,Shared,"Cross-cutting  engineering, QA and program backbone",Orientation,2026-10-01,2027-03-31,True,"Execution definition complete; task-specific facility, supplier, and final design inputs remain subject to the listed hold points.",100,"Deliver Integrated Schedule & Resource Model between 2026-10-01 and 2027-03-31 through a controlled sequence of implementation authorization, input/facility readiness, technical execution, independent verification, and downstream handoff. The producing lead is Licensing Engineer; temporary laboratory, supplier, construction, or regulatory support is purchased only for defined products and acceptance evidence.",PB-FUEL-01; PB-SUPPLY-01; PB-TEST-01,,5,3,1,1,3,1,3,5,4,HP-I1 implementation authorization
S-0.2.f,"Document Control, Records & Electronic Records Management",Shared,"Cross-cutting  engineering, QA and program backbone",Orientation,2027-01-01,2030-12-31,True,"Execution definition complete; task-specific facility, supplier, and final design inputs remain subject to the listed hold points.",100,"Deliver Document Control, Records & Electronic Records Management between 2027-01-01 and 2030-12-31 through a controlled sequence of implementation authorization, input/facility readiness, technical execution, independent verification, and downstream handoff. The producing lead is Quality Assurance; temporary laboratory, supplier, construction, or regulatory support is purchased only for defined products and acceptance evidence.",PB-SUPPLY-01; PB-TEST-01,,5,2,5,1,3,1,3,5,2,HP-I1 implementation authorization
S-0.2.g,Configuration Management (CM) & Change Control,Shared,"Cross-cutting  engineering, QA and program backbone",Orientation,2027-01-01,2030-06-30,True,"Execution definition complete; task-specific facility, supplier, and final design inputs remain subject to the listed hold points.",100,"Deliver Configuration Management (CM) & Change Control between 2027-01-01 and 2030-06-30 through a controlled sequence of implementation authorization, input/facility readiness, technical execution, independent verification, and downstream handoff. The producing lead is Quality Assurance; temporary laboratory, supplier, construction, or regulatory support is purchased only for defined products and acceptance evidence.",PB-SUPPLY-01; PB-TEST-01,,5,2,5,1,3,1,3,5,2,HP-I1 implementation authorization
S-12.a,Acceptance Criteria Catalog & Checklists,Shared,"Cross-cutting  engineering, QA and program backbone",Verification,2027-01-01,2030-03-31,False,"Execution definition complete; task-specific facility, supplier, and final design inputs remain subject to the listed hold points.",100,"Deliver Acceptance Criteria Catalog & Checklists between 2027-01-01 and 2030-03-31 through a controlled sequence of implementation authorization, input/facility readiness, technical execution, independent verification, and downstream handoff. The producing lead is Quality Assurance; temporary laboratory, supplier, construction, or regulatory support is purchased only for defined products and acceptance evidence.",PB-SUPPLY-01; PB-TEST-01,,5,2,5,1,3,1,3,5,2,HP-I1 implementation authorization
S-8.a,Requirements Traceability (regulation -> design criteria -> requirements -> design -> verification),Shared,"Cross-cutting  engineering, QA and program backbone",Cross-Cutting,2027-01-01,2030-03-31,False,"Execution definition complete; task-specific facility, supplier, and final design inputs remain subject to the listed hold points.",100,"Deliver Requirements Traceability (regulation -> design criteria -> requirements -> design -> verification) between 2027-01-01 and 2030-03-31 through a controlled sequence of implementation authorization, input/facility readiness, technical execution, independent verification, and downstream handoff. The producing lead is Systems Engineer; temporary laboratory, supplier, construction, or regulatory support is purchased only for defined products and acceptance evidence.",PB-TEST-01,,5,2,5,1,3,1,3,5,2,HP-I1 implementation authorization
S-0.2.h,"Licensing Basis, Commitments & 50.71(e) FSAR Update Process",Shared,"Cross-cutting  engineering, QA and program backbone",Orientation,2027-04-01,2030-09-30,True,"Execution definition complete; task-specific facility, supplier, and final design inputs remain subject to the listed hold points.",100,"Deliver Licensing Basis, Commitments & 50.71(e) FSAR Update Process between 2027-04-01 and 2030-09-30 through a controlled sequence of implementation authorization, input/facility readiness, technical execution, independent verification, and downstream handoff. The producing lead is Licensing Engineer; temporary laboratory, supplier, construction, or regulatory support is purchased only for defined products and acceptance evidence.",PB-TEST-01,,5,2,5,1,3,1,3,5,2,HP-I1 implementation authorization
S-8.b,Configuration & Records Management,Shared,"Cross-cutting  engineering, QA and program backbone",Cross-Cutting,2027-04-01,2035-12-31,False,"Execution definition complete; task-specific facility, supplier, and final design inputs remain subject to the listed hold points.",100,"Deliver Configuration & Records Management between 2027-04-01 and 2035-12-31 through a controlled sequence of implementation authorization, input/facility readiness, technical execution, independent verification, and downstream handoff. The producing lead is Systems Engineer; temporary laboratory, supplier, construction, or regulatory support is purchased only for defined products and acceptance evidence.",PB-TEST-01,,5,2,5,1,3,1,3,5,2,HP-I1 implementation authorization
S-PKG-03,"NRC Fees, Topical Review and Independent Licensing Advisors",Shared,"Cross-cutting  engineering, QA and program backbone",Shared Platform Packages,2027-04-01,2036-12-31,False,"Execution definition complete; task-specific facility, supplier, and final design inputs remain subject to the listed hold points.",100,"Deliver NRC Fees, Topical Review and Independent Licensing Advisors between 2027-04-01 and 2036-12-31 through a controlled sequence of implementation authorization, input/facility readiness, technical execution, independent verification, and downstream handoff. The producing lead is Licensing Engineer; temporary laboratory, supplier, construction, or regulatory support is purchased only for defined products and acceptance evidence.",PB-SUPPLY-01; PB-TEST-01,,5,3,1,1,3,1,3,5,2,HP-I1 implementation authorization
S-0.2.a,Author QAPD/QATR and Appendix B Mapping,Shared,"Cross-cutting  engineering, QA and program backbone",Orientation,2027-01-01,2028-03-31,True,"Execution definition complete; task-specific facility, supplier, and final design inputs remain subject to the listed hold points.",100,"Deliver Author QAPD/QATR and Appendix B Mapping between 2027-01-01 and 2028-03-31 through a controlled sequence of implementation authorization, input/facility readiness, technical execution, independent verification, and downstream handoff. The producing lead is Quality Assurance; temporary laboratory, supplier, construction, or regulatory support is purchased only for defined products and acceptance evidence.",PB-SUPPLY-01; PB-TEST-01,,5,2,5,1,3,1,3,5,2,HP-I1 implementation authorization
S-0.2.i,"Internal Audits, Independent Assessments & Surveillances",Shared,"Cross-cutting  engineering, QA and program backbone",Orientation,2027-04-01,2030-12-31,True,"Execution definition complete; task-specific facility, supplier, and final design inputs remain subject to the listed hold points.",100,"Deliver Internal Audits, Independent Assessments & Surveillances between 2027-04-01 and 2030-12-31 through a controlled sequence of implementation authorization, input/facility readiness, technical execution, independent verification, and downstream handoff. The producing lead is Quality Assurance; temporary laboratory, supplier, construction, or regulatory support is purchased only for defined products and acceptance evidence.",PB-SUPPLY-01; PB-TEST-01,,5,2,2,1,3,3,3,5,2,HP-I1 implementation authorization
S-0.2.k,Program Performance Metrics & Management Review,Shared,"Cross-cutting  engineering, QA and program backbone",Orientation,2027-04-01,2031-03-31,True,"Execution definition complete; task-specific facility, supplier, and final design inputs remain subject to the listed hold points.",100,"Deliver Program Performance Metrics & Management Review between 2027-04-01 and 2031-03-31 through a controlled sequence of implementation authorization, input/facility readiness, technical execution, independent verification, and downstream handoff. The producing lead is Quality Assurance; temporary laboratory, supplier, construction, or regulatory support is purchased only for defined products and acceptance evidence.",PB-MAT-01; PB-SUPPLY-01; PB-TEST-01,,5,2,5,1,3,1,3,5,2,HP-I1 implementation authorization
S-0.2.l,Interface with Design & Analysis Organizations,Shared,"Cross-cutting  engineering, QA and program backbone",Orientation,2027-07-01,2031-03-31,True,"Execution definition complete; task-specific facility, supplier, and final design inputs remain subject to the listed hold points.",100,"Deliver Interface with Design & Analysis Organizations between 2027-07-01 and 2031-03-31 through a controlled sequence of implementation authorization, input/facility readiness, technical execution, independent verification, and downstream handoff. The producing lead is Quality Assurance; temporary laboratory, supplier, construction, or regulatory support is purchased only for defined products and acceptance evidence.",PB-MAT-01; PB-SUPPLY-01; PB-TEST-01,,5,2,5,1,3,1,3,5,2,HP-I1 implementation authorization
S-10.f,"Commitments, License Conditions & Action Tracking",Shared,"Cross-cutting  engineering, QA and program backbone",Project Controls,2027-07-01,2038-03-31,False,"Execution definition complete; task-specific facility, supplier, and final design inputs remain subject to the listed hold points.",100,"Deliver Commitments, License Conditions & Action Tracking between 2027-07-01 and 2038-03-31 through a controlled sequence of implementation authorization, input/facility readiness, technical execution, independent verification, and downstream handoff. The producing lead is Licensing Engineer; temporary laboratory, supplier, construction, or regulatory support is purchased only for defined products and acceptance evidence.",PB-TEST-01,,5,2,2,1,3,1,3,5,2,HP-I1 implementation authorization
S-11.c,GDC -> PDC Mapping & Departure Basis,Shared,"Cross-cutting  engineering, QA and program backbone",Traceability,2027-07-01,2030-09-30,False,"Execution definition complete; task-specific facility, supplier, and final design inputs remain subject to the listed hold points.",100,"Deliver GDC -> PDC Mapping & Departure Basis between 2027-07-01 and 2030-09-30 through a controlled sequence of implementation authorization, input/facility readiness, technical execution, independent verification, and downstream handoff. The producing lead is Systems Engineer; temporary laboratory, supplier, construction, or regulatory support is purchased only for defined products and acceptance evidence.",PB-TEST-01,,5,2,5,1,3,1,3,5,2,HP-I1 implementation authorization
S-12.b,IV&V Planning & Independence Matrix,Shared,"Cross-cutting  engineering, QA and program backbone",Verification,2027-07-01,2031-03-31,False,"Execution definition complete; task-specific facility, supplier, and final design inputs remain subject to the listed hold points.",100,"Deliver IV&V Planning & Independence Matrix between 2027-07-01 and 2031-03-31 through a controlled sequence of implementation authorization, input/facility readiness, technical execution, independent verification, and downstream handoff. The producing lead is Quality Assurance; temporary laboratory, supplier, construction, or regulatory support is purchased only for defined products and acceptance evidence.",PB-SUPPLY-01; PB-TEST-01,,5,2,5,1,3,1,3,5,2,HP-I1 implementation authorization
S-0.2.c,10 CFR 21 Evaluation & Reporting Process,Shared,"Cross-cutting  engineering, QA and program backbone",Orientation,2027-07-01,2028-09-30,True,"Execution definition complete; task-specific facility, supplier, and final design inputs remain subject to the listed hold points.",100,"Deliver 10 CFR 21 Evaluation & Reporting Process between 2027-07-01 and 2028-09-30 through a controlled sequence of implementation authorization, input/facility readiness, technical execution, independent verification, and downstream handoff. The producing lead is Quality Assurance; temporary laboratory, supplier, construction, or regulatory support is purchased only for defined products and acceptance evidence.",PB-SUPPLY-01; PB-TEST-01,,5,2,2,1,3,3,3,5,2,HP-I1 implementation authorization
S-10.h,Earned Value Management (EVM) & Performance Reporting,Shared,"Cross-cutting  engineering, QA and program backbone",Project Controls,2028-01-01,2037-03-31,False,"Execution definition complete; task-specific facility, supplier, and final design inputs remain subject to the listed hold points.",100,"Deliver Earned Value Management (EVM) & Performance Reporting between 2028-01-01 and 2037-03-31 through a controlled sequence of implementation authorization, input/facility readiness, technical execution, independent verification, and downstream handoff. The producing lead is Project Controls; temporary laboratory, supplier, construction, or regulatory support is purchased only for defined products and acceptance evidence.",PB-TEST-01,,5,2,1,1,3,1,3,5,2,HP-I1 implementation authorization
S-11.d,DBFR Authoring & Classification,Shared,"Cross-cutting  engineering, QA and program backbone",Traceability,2028-01-01,2031-06-30,False,"Execution definition complete; task-specific facility, supplier, and final design inputs remain subject to the listed hold points.",100,"Deliver DBFR Authoring & Classification between 2028-01-01 and 2031-06-30 through a controlled sequence of implementation authorization, input/facility readiness, technical execution, independent verification, and downstream handoff. The producing lead is Quality Assurance; temporary laboratory, supplier, construction, or regulatory support is purchased only for defined products and acceptance evidence.",PB-MAT-01; PB-SUPPLY-01; PB-TEST-01,,5,2,5,1,3,1,3,5,2,HP-I1 implementation authorization
S-0.2.e,Software Quality Assurance (SQA) for Safety-Significant Codes,Shared,"Cross-cutting  engineering, QA and program backbone",Orientation,2027-07-01,2028-12-31,True,"Execution definition complete; task-specific facility, supplier, and final design inputs remain subject to the listed hold points.",100,"Deliver Software Quality Assurance (SQA) for Safety-Significant Codes between 2027-07-01 and 2028-12-31 through a controlled sequence of implementation authorization, input/facility readiness, technical execution, independent verification, and downstream handoff. The producing lead is Quality Assurance; temporary laboratory, supplier, construction, or regulatory support is purchased only for defined products and acceptance evidence.",PB-SUPPLY-01; PB-TEST-01,,5,2,5,1,3,1,3,5,2,HP-I1 implementation authorization
S-11.i,Commitments & License Conditions Register,Shared,"Cross-cutting  engineering, QA and program backbone",Traceability,2028-01-01,2035-12-31,False,"Execution definition complete; task-specific facility, supplier, and final design inputs remain subject to the listed hold points.",100,"Deliver Commitments & License Conditions Register between 2028-01-01 and 2035-12-31 through a controlled sequence of implementation authorization, input/facility readiness, technical execution, independent verification, and downstream handoff. The producing lead is Licensing Engineer; temporary laboratory, supplier, construction, or regulatory support is purchased only for defined products and acceptance evidence.",PB-TEST-01,,5,2,2,1,3,1,3,5,2,HP-I1 implementation authorization
S-14.d,"LMP: LBEs, PRA & Safety Classification",Shared,"Cross-cutting  engineering, QA and program backbone",Tailoring,2028-01-01,2031-09-30,False,"Execution definition complete; task-specific facility, supplier, and final design inputs remain subject to the listed hold points.",100,"Deliver LMP: LBEs, PRA & Safety Classification between 2028-01-01 and 2031-09-30 through a controlled sequence of implementation authorization, input/facility readiness, technical execution, independent verification, and downstream handoff. The producing lead is Systems Engineer; temporary laboratory, supplier, construction, or regulatory support is purchased only for defined products and acceptance evidence.",PB-TEST-01,,5,3,2,1,3,3,3,5,2,HP-I1 implementation authorization
S-10.j,Interfaces & Data Pipelines (Reqs/EDMS/Models/CMMS),Shared,"Cross-cutting  engineering, QA and program backbone",Project Controls,2028-04-01,2038-06-30,False,"Execution definition complete; task-specific facility, supplier, and final design inputs remain subject to the listed hold points.",100,"Deliver Interfaces & Data Pipelines (Reqs/EDMS/Models/CMMS) between 2028-04-01 and 2038-06-30 through a controlled sequence of implementation authorization, input/facility readiness, technical execution, independent verification, and downstream handoff. The producing lead is Project Controls; temporary laboratory, supplier, construction, or regulatory support is purchased only for defined products and acceptance evidence.",PB-TEST-01,,5,2,2,1,3,3,3,5,2,HP-I1 implementation authorization
S-14.i,"Programs Tailoring (EP, Fire, RP, ISI/IST) to Technology",Shared,"Cross-cutting  engineering, QA and program backbone",Tailoring,2028-04-01,2035-12-31,False,"Execution definition complete; task-specific facility, supplier, and final design inputs remain subject to the listed hold points.",100,"Deliver Programs Tailoring (EP, Fire, RP, ISI/IST) to Technology between 2028-04-01 and 2035-12-31 through a controlled sequence of implementation authorization, input/facility readiness, technical execution, independent verification, and downstream handoff. The producing lead is Systems Engineer; temporary laboratory, supplier, construction, or regulatory support is purchased only for defined products and acceptance evidence.",PB-CHEM-01; PB-MAT-01; PB-TEST-01,,5,4,5,1,3,1,3,5,3,HP-I1 implementation authorization
S-8.o,Fire Modeling & Program Interfaces,Shared,"Cross-cutting  engineering, QA and program backbone",Cross-Cutting,2028-07-01,2037-12-31,False,"Execution definition complete; task-specific facility, supplier, and final design inputs remain subject to the listed hold points.",100,"Deliver Fire Modeling & Program Interfaces between 2028-07-01 and 2037-12-31 through a controlled sequence of implementation authorization, input/facility readiness, technical execution, independent verification, and downstream handoff. The producing lead is Systems Engineer; temporary laboratory, supplier, construction, or regulatory support is purchased only for defined products and acceptance evidence.",PB-TEST-01,,5,2,2,1,3,3,3,5,2,HP-I1 implementation authorization
S-10.k,QA Baseline Control & Auditable Records,Shared,"Cross-cutting  engineering, QA and program backbone",Project Controls,2028-07-01,2038-12-31,False,"Execution definition complete; task-specific facility, supplier, and final design inputs remain subject to the listed hold points.",100,"Deliver QA Baseline Control & Auditable Records between 2028-07-01 and 2038-12-31 through a controlled sequence of implementation authorization, input/facility readiness, technical execution, independent verification, and downstream handoff. The producing lead is Quality Assurance; temporary laboratory, supplier, construction, or regulatory support is purchased only for defined products and acceptance evidence.",PB-MAT-01; PB-SUPPLY-01; PB-TEST-01,,5,2,1,1,3,1,3,5,2,HP-I1 implementation authorization
S-14.g,I&C Architecture Tailoring (Non-LWR Physics & Digital Safety),Shared,"Cross-cutting  engineering, QA and program backbone",Tailoring,2028-07-01,2031-03-31,False,"Execution definition complete; task-specific facility, supplier, and final design inputs remain subject to the listed hold points.",100,"Deliver I&C Architecture Tailoring (Non-LWR Physics & Digital Safety) between 2028-07-01 and 2031-03-31 through a controlled sequence of implementation authorization, input/facility readiness, technical execution, independent verification, and downstream handoff. The producing lead is Systems Engineer; temporary laboratory, supplier, construction, or regulatory support is purchased only for defined products and acceptance evidence.",PB-TEST-01,,5,3,5,1,3,1,3,5,2,HP-I1 implementation authorization
S-11.b,Regulatory Source Library & Edition Control,Shared,"Cross-cutting  engineering, QA and program backbone",Traceability,2028-10-01,2031-12-31,False,"Execution definition complete; task-specific facility, supplier, and final design inputs remain subject to the listed hold points.",100,"Deliver Regulatory Source Library & Edition Control between 2028-10-01 and 2031-12-31 through a controlled sequence of implementation authorization, input/facility readiness, technical execution, independent verification, and downstream handoff. The producing lead is Licensing Engineer; temporary laboratory, supplier, construction, or regulatory support is purchased only for defined products and acceptance evidence.",PB-TEST-01,,5,2,5,1,3,1,3,5,2,HP-I1 implementation authorization
S-11.m,"Dashboards, Exports & Audit Packs",Shared,"Cross-cutting  engineering, QA and program backbone",Traceability,2028-10-01,2036-03-31,False,"Execution definition complete; task-specific facility, supplier, and final design inputs remain subject to the listed hold points.",100,"Deliver Dashboards, Exports & Audit Packs between 2028-10-01 and 2036-03-31 through a controlled sequence of implementation authorization, input/facility readiness, technical execution, independent verification, and downstream handoff. The producing lead is Quality Assurance; temporary laboratory, supplier, construction, or regulatory support is purchased only for defined products and acceptance evidence.",PB-SUPPLY-01; PB-TEST-01,,5,2,5,1,3,1,3,5,2,HP-I1 implementation authorization
S-14.b,Non-LWR Design Criteria (ARDC/PDC) & DBFRs,Shared,"Cross-cutting  engineering, QA and program backbone",Tailoring,2028-10-01,2031-12-31,False,"Execution definition complete; task-specific facility, supplier, and final design inputs remain subject to the listed hold points.",100,"Deliver Non-LWR Design Criteria (ARDC/PDC) & DBFRs between 2028-10-01 and 2031-12-31 through a controlled sequence of implementation authorization, input/facility readiness, technical execution, independent verification, and downstream handoff. The producing lead is Systems Engineer; temporary laboratory, supplier, construction, or regulatory support is purchased only for defined products and acceptance evidence.",PB-CHEM-01; PB-TEST-01,,5,4,5,1,3,1,3,5,3,HP-I1 implementation authorization
S-10.b,SRP-Aligned WBS (L1-L3) & Dictionary,Shared,"Cross-cutting  engineering, QA and program backbone",Project Controls,2029-01-01,2032-12-31,False,"Execution definition complete; task-specific facility, supplier, and final design inputs remain subject to the listed hold points.",100,"Deliver SRP-Aligned WBS (L1-L3) & Dictionary between 2029-01-01 and 2032-12-31 through a controlled sequence of implementation authorization, input/facility readiness, technical execution, independent verification, and downstream handoff. The producing lead is Project Controls; temporary laboratory, supplier, construction, or regulatory support is purchased only for defined products and acceptance evidence.",PB-MCA-01; PB-TEST-01,,5,2,1,1,3,1,3,5,2,HP-I1 implementation authorization
S-12.j,"Records Indexing, Hashing & Retention",Shared,"Cross-cutting  engineering, QA and program backbone",Verification,2029-04-01,2038-09-30,False,"Execution definition complete; task-specific facility, supplier, and final design inputs remain subject to the listed hold points.",100,"Deliver Records Indexing, Hashing & Retention between 2029-04-01 and 2038-09-30 through a controlled sequence of implementation authorization, input/facility readiness, technical execution, independent verification, and downstream handoff. The producing lead is Quality Assurance; temporary laboratory, supplier, construction, or regulatory support is purchased only for defined products and acceptance evidence.",PB-SUPPLY-01; PB-TEST-01; PB-WASTE-01,,5,2,5,1,3,1,3,5,2,HP-I1 implementation authorization
S-14.c,Mechanistic Source Term (MST) & EPZ Tailoring (50.160),Shared,"Cross-cutting  engineering, QA and program backbone",Tailoring,2029-04-01,2032-12-31,False,"Execution definition complete; task-specific facility, supplier, and final design inputs remain subject to the listed hold points.",100,"Deliver Mechanistic Source Term (MST) & EPZ Tailoring (50.160) between 2029-04-01 and 2032-12-31 through a controlled sequence of implementation authorization, input/facility readiness, technical execution, independent verification, and downstream handoff. The producing lead is Systems Engineer; temporary laboratory, supplier, construction, or regulatory support is purchased only for defined products and acceptance evidence.",PB-FP-01; PB-SUPPLY-01; PB-TEST-01,,5,4,2,1,3,3,3,5,3,HP-I1 implementation authorization
S-10.c,Master Deliverables List (MDL) Build-out,Shared,"Cross-cutting  engineering, QA and program backbone",Project Controls,2029-07-01,2033-09-30,False,"Execution definition complete; task-specific facility, supplier, and final design inputs remain subject to the listed hold points.",100,"Deliver Master Deliverables List (MDL) Build-out between 2029-07-01 and 2033-09-30 through a controlled sequence of implementation authorization, input/facility readiness, technical execution, independent verification, and downstream handoff. The producing lead is Project Controls; temporary laboratory, supplier, construction, or regulatory support is purchased only for defined products and acceptance evidence.",PB-MAT-01; PB-TEST-01,,5,3,1,1,3,1,3,5,2,HP-I1 implementation authorization
S-0.2.j,"Training, Qualification & Indoctrination",Shared,"Cross-cutting  engineering, QA and program backbone",Orientation,2029-07-01,2031-03-31,True,"Execution definition complete; task-specific facility, supplier, and final design inputs remain subject to the listed hold points.",100,"Deliver Training, Qualification & Indoctrination between 2029-07-01 and 2031-03-31 through a controlled sequence of implementation authorization, input/facility readiness, technical execution, independent verification, and downstream handoff. The producing lead is Quality Assurance; temporary laboratory, supplier, construction, or regulatory support is purchased only for defined products and acceptance evidence.",PB-TEST-01,,5,2,2,1,3,1,3,5,2,HP-I1 implementation authorization
S-8.d,"Uncertainty, Sensitivity & BEPU",Shared,"Cross-cutting  engineering, QA and program backbone",Cross-Cutting,2029-07-01,2034-03-31,False,"Execution definition complete; task-specific facility, supplier, and final design inputs remain subject to the listed hold points.",100,"Deliver Uncertainty, Sensitivity & BEPU between 2029-07-01 and 2034-03-31 through a controlled sequence of implementation authorization, input/facility readiness, technical execution, independent verification, and downstream handoff. The producing lead is Systems Engineer; temporary laboratory, supplier, construction, or regulatory support is purchased only for defined products and acceptance evidence.",PB-CHEM-01; PB-TEST-01,,5,2,2,1,3,3,3,5,3,HP-I1 implementation authorization
S-8.e,Setpoint / Allowable Value Methodology (RG 1.105),Shared,"Cross-cutting  engineering, QA and program backbone",Cross-Cutting,2029-10-01,2034-09-30,False,"Execution definition complete; task-specific facility, supplier, and final design inputs remain subject to the listed hold points.",100,"Deliver Setpoint / Allowable Value Methodology (RG 1.105) between 2029-10-01 and 2034-09-30 through a controlled sequence of implementation authorization, input/facility readiness, technical execution, independent verification, and downstream handoff. The producing lead is Systems Engineer; temporary laboratory, supplier, construction, or regulatory support is purchased only for defined products and acceptance evidence.",PB-TEST-01,,5,2,2,1,3,3,3,5,2,HP-I1 implementation authorization
S-10.d,Integrated Master Schedule (IMS) & Logic,Shared,"Cross-cutting  engineering, QA and program backbone",Project Controls,2030-01-01,2034-09-30,False,"Execution definition complete; task-specific facility, supplier, and final design inputs remain subject to the listed hold points.",100,"Deliver Integrated Master Schedule (IMS) & Logic between 2030-01-01 and 2034-09-30 through a controlled sequence of implementation authorization, input/facility readiness, technical execution, independent verification, and downstream handoff. The producing lead is Project Controls; temporary laboratory, supplier, construction, or regulatory support is purchased only for defined products and acceptance evidence.",PB-MAT-01; PB-SUPPLY-01; PB-TEST-01,,5,2,1,1,3,1,3,5,2,HP-I1 implementation authorization
S-RESERVE,Shared Program Reserve and Scope Contingency,Shared,"Cross-cutting  engineering, QA and program backbone",Program Reserve,2030-01-01,2038-12-31,False,"Execution definition complete; task-specific facility, supplier, and final design inputs remain subject to the listed hold points.",100,"Deliver Shared Program Reserve and Scope Contingency between 2030-01-01 and 2038-12-31 through a controlled sequence of implementation authorization, input/facility readiness, technical execution, independent verification, and downstream handoff. The producing lead is Responsible Discipline Lead; temporary laboratory, supplier, construction, or regulatory support is purchased only for defined products and acceptance evidence.",PB-TEST-01,,5,2,1,1,3,1,3,5,2,HP-I1 implementation authorization
S-11.e,DBFRs -> SDDs / Calcs / Drawings / Specs,Shared,"Cross-cutting  engineering, QA and program backbone",Traceability,2030-01-01,2034-03-31,False,"Execution definition complete; task-specific facility, supplier, and final design inputs remain subject to the listed hold points.",100,"Deliver DBFRs -> SDDs / Calcs / Drawings / Specs between 2030-01-01 and 2034-03-31 through a controlled sequence of implementation authorization, input/facility readiness, technical execution, independent verification, and downstream handoff. The producing lead is Quality Assurance; temporary laboratory, supplier, construction, or regulatory support is purchased only for defined products and acceptance evidence.",PB-SUPPLY-01; PB-TEST-01,,5,2,5,1,3,1,3,5,2,HP-I1 implementation authorization
S-12.c,Calculation Package Acceptance (Inputs -> Methods -> Checks -> Results),Shared,"Cross-cutting  engineering, QA and program backbone",Verification,2030-04-01,2034-06-30,False,"Execution definition complete; task-specific facility, supplier, and final design inputs remain subject to the listed hold points.",100,"Deliver Calculation Package Acceptance (Inputs -> Methods -> Checks -> Results) between 2030-04-01 and 2034-06-30 through a controlled sequence of implementation authorization, input/facility readiness, technical execution, independent verification, and downstream handoff. The producing lead is Quality Assurance; temporary laboratory, supplier, construction, or regulatory support is purchased only for defined products and acceptance evidence.",PB-SUPPLY-01; PB-TEST-01,,5,2,2,1,3,3,3,5,2,HP-I1 implementation authorization
S-8.f,"Seismic Hazard, SSI & ISRS Generation",Shared,"Cross-cutting  engineering, QA and program backbone",Cross-Cutting,2030-04-01,2035-06-30,False,"Execution definition complete; task-specific facility, supplier, and final design inputs remain subject to the listed hold points.",100,"Deliver Seismic Hazard, SSI & ISRS Generation between 2030-04-01 and 2035-06-30 through a controlled sequence of implementation authorization, input/facility readiness, technical execution, independent verification, and downstream handoff. The producing lead is Systems Engineer; temporary laboratory, supplier, construction, or regulatory support is purchased only for defined products and acceptance evidence.",PB-MAT-01; PB-TEST-01,,5,2,5,1,3,1,3,5,2,HP-I1 implementation authorization
S-14.e,Thermal-Hydraulic & Neutronics Methods for Non-LWRs,Shared,"Cross-cutting  engineering, QA and program backbone",Tailoring,2030-04-01,2034-06-30,False,"Execution definition complete; task-specific facility, supplier, and final design inputs remain subject to the listed hold points.",100,"Deliver Thermal-Hydraulic & Neutronics Methods for Non-LWRs between 2030-04-01 and 2034-06-30 through a controlled sequence of implementation authorization, input/facility readiness, technical execution, independent verification, and downstream handoff. The producing lead is Systems Engineer; temporary laboratory, supplier, construction, or regulatory support is purchased only for defined products and acceptance evidence.",PB-FUEL-01; PB-SUPPLY-01; PB-TEST-01,,5,4,2,1,3,3,3,5,4,HP-I1 implementation authorization
S-8.g,Structural & Piping Dynamics (Pipe Whip / Jet Impingement / Water-Hammer),Shared,"Cross-cutting  engineering, QA and program backbone",Cross-Cutting,2030-04-01,2033-12-31,False,"Execution definition complete; task-specific facility, supplier, and final design inputs remain subject to the listed hold points.",100,"Deliver Structural & Piping Dynamics (Pipe Whip / Jet Impingement / Water-Hammer) between 2030-04-01 and 2033-12-31 through a controlled sequence of implementation authorization, input/facility readiness, technical execution, independent verification, and downstream handoff. The producing lead is Systems Engineer; temporary laboratory, supplier, construction, or regulatory support is purchased only for defined products and acceptance evidence.",PB-MAT-01; PB-SUPPLY-01; PB-TEST-01,,5,2,5,1,3,1,3,5,2,HP-I1 implementation authorization
S-10.e,Milestone Framework (L0-L9) & Gate Reviews,Shared,"Cross-cutting  engineering, QA and program backbone",Project Controls,2030-07-01,2035-09-30,False,"Execution definition complete; task-specific facility, supplier, and final design inputs remain subject to the listed hold points.",100,"Deliver Milestone Framework (L0-L9) & Gate Reviews between 2030-07-01 and 2035-09-30 through a controlled sequence of implementation authorization, input/facility readiness, technical execution, independent verification, and downstream handoff. The producing lead is Project Controls; temporary laboratory, supplier, construction, or regulatory support is purchased only for defined products and acceptance evidence.",PB-TEST-01,,5,3,1,1,3,1,3,5,2,HP-I1 implementation authorization
S-11.f,Design -> FSAR Section Mapping,Shared,"Cross-cutting  engineering, QA and program backbone",Traceability,2030-07-01,2034-12-31,False,"Execution definition complete; task-specific facility, supplier, and final design inputs remain subject to the listed hold points.",100,"Deliver Design -> FSAR Section Mapping between 2030-07-01 and 2034-12-31 through a controlled sequence of implementation authorization, input/facility readiness, technical execution, independent verification, and downstream handoff. The producing lead is Licensing Engineer; temporary laboratory, supplier, construction, or regulatory support is purchased only for defined products and acceptance evidence.",PB-TEST-01,,5,2,5,1,3,1,3,5,2,HP-I1 implementation authorization
S-12.d,Model Deck & Software QA Acceptance,Shared,"Cross-cutting  engineering, QA and program backbone",Verification,2030-10-01,2035-06-30,False,"Execution definition complete; task-specific facility, supplier, and final design inputs remain subject to the listed hold points.",100,"Deliver Model Deck & Software QA Acceptance between 2030-10-01 and 2035-06-30 through a controlled sequence of implementation authorization, input/facility readiness, technical execution, independent verification, and downstream handoff. The producing lead is Quality Assurance; temporary laboratory, supplier, construction, or regulatory support is purchased only for defined products and acceptance evidence.",PB-MAT-01; PB-SUPPLY-01; PB-TEST-01,,5,2,2,1,3,3,3,5,2,HP-I1 implementation authorization
S-14.f,Modular/Multi-Unit Interactions & Shared Systems,Shared,"Cross-cutting  engineering, QA and program backbone",Tailoring,2030-10-01,2035-03-31,False,"Execution definition complete; task-specific facility, supplier, and final design inputs remain subject to the listed hold points.",100,"Deliver Modular/Multi-Unit Interactions & Shared Systems between 2030-10-01 and 2035-03-31 through a controlled sequence of implementation authorization, input/facility readiness, technical execution, independent verification, and downstream handoff. The producing lead is Systems Engineer; temporary laboratory, supplier, construction, or regulatory support is purchased only for defined products and acceptance evidence.",PB-FP-01; PB-TEST-01; PB-WASTE-01,,5,3,5,1,3,1,3,5,3,HP-I1 implementation authorization
S-11.g,Safety Analysis/Design -> Construction Verification and Evidence Path,Shared,"Cross-cutting  engineering, QA and program backbone",Traceability,2031-01-01,2033-12-31,False,"Execution definition complete; task-specific facility, supplier, and final design inputs remain subject to the listed hold points.",100,"Deliver Safety Analysis/Design -> Construction Verification and Evidence Path between 2031-01-01 and 2033-12-31 through a controlled sequence of implementation authorization, input/facility readiness, technical execution, independent verification, and downstream handoff. The producing lead is Licensing Engineer; temporary laboratory, supplier, construction, or regulatory support is purchased only for defined products and acceptance evidence.",PB-TEST-01,,5,2,5,1,3,1,3,5,2,HP-I1 implementation authorization
S-GOV-08,"Transition Design Authority to Construction, Commissioning and Operations",Shared,"Cross-cutting  engineering, QA and program backbone",Leadership and Governance,2031-01-01,2038-12-31,True,"Execution definition complete; task-specific facility, supplier, and final design inputs remain subject to the listed hold points.",100,"Deliver Transition Design Authority to Construction, Commissioning and Operations between 2031-01-01 and 2038-12-31 through a controlled sequence of implementation authorization, input/facility readiness, technical execution, independent verification, and downstream handoff. The producing lead is Chief Nuclear Officer; temporary laboratory, supplier, construction, or regulatory support is purchased only for defined products and acceptance evidence.",PB-SUPPLY-01; PB-TEST-01; PB-WASTE-01,,5,2,1,1,3,1,3,5,2,HP-I1 implementation authorization
S-8.j,Fuel Performance & Subchannel Thermal Limits,Shared,"Cross-cutting  engineering, QA and program backbone",Cross-Cutting,2031-04-01,2035-12-31,True,"Execution definition complete; task-specific facility, supplier, and final design inputs remain subject to the listed hold points.",100,"Deliver Fuel Performance & Subchannel Thermal Limits between 2031-04-01 and 2035-12-31 through a controlled sequence of implementation authorization, input/facility readiness, technical execution, independent verification, and downstream handoff. The producing lead is Systems Engineer; temporary laboratory, supplier, construction, or regulatory support is purchased only for defined products and acceptance evidence.",PB-FUEL-01; PB-TEST-01,,5,3,5,1,3,1,3,5,4,HP-I1 implementation authorization
S-11.h,Design/Analyses -> Technical Specifications (TS) & COL Items,Shared,"Cross-cutting  engineering, QA and program backbone",Traceability,2031-04-01,2034-09-30,False,"Execution definition complete; task-specific facility, supplier, and final design inputs remain subject to the listed hold points.",100,"Deliver Design/Analyses -> Technical Specifications (TS) & COL Items between 2031-04-01 and 2034-09-30 through a controlled sequence of implementation authorization, input/facility readiness, technical execution, independent verification, and downstream handoff. The producing lead is Quality Assurance; temporary laboratory, supplier, construction, or regulatory support is purchased only for defined products and acceptance evidence.",PB-SUPPLY-01; PB-TEST-01,,5,2,5,1,3,1,3,5,2,HP-I1 implementation authorization
S-12.e,Drawing/Spec/SDD Acceptance,Shared,"Cross-cutting  engineering, QA and program backbone",Verification,2031-07-01,2036-06-30,False,"Execution definition complete; task-specific facility, supplier, and final design inputs remain subject to the listed hold points.",100,"Deliver Drawing/Spec/SDD Acceptance between 2031-07-01 and 2036-06-30 through a controlled sequence of implementation authorization, input/facility readiness, technical execution, independent verification, and downstream handoff. The producing lead is Quality Assurance; temporary laboratory, supplier, construction, or regulatory support is purchased only for defined products and acceptance evidence.",PB-MAT-01; PB-SUPPLY-01; PB-TEST-01,,5,2,5,1,3,1,3,5,2,HP-I1 implementation authorization
S-8.k,Dose Consequence & chi/Q Analyses,Shared,"Cross-cutting  engineering, QA and program backbone",Cross-Cutting,2031-07-01,2036-06-30,False,"Execution definition complete; task-specific facility, supplier, and final design inputs remain subject to the listed hold points.",100,"Deliver Dose Consequence & chi/Q Analyses between 2031-07-01 and 2036-06-30 through a controlled sequence of implementation authorization, input/facility readiness, technical execution, independent verification, and downstream handoff. The producing lead is Systems Engineer; temporary laboratory, supplier, construction, or regulatory support is purchased only for defined products and acceptance evidence.",PB-TEST-01,,5,2,5,1,3,1,3,5,2,HP-I1 implementation authorization
S-8.l,"PRA Modeling, Peer Review & RIDM Support",Shared,"Cross-cutting  engineering, QA and program backbone",Cross-Cutting,2031-10-01,2036-12-31,False,"Execution definition complete; task-specific facility, supplier, and final design inputs remain subject to the listed hold points.",100,"Deliver PRA Modeling, Peer Review & RIDM Support between 2031-10-01 and 2036-12-31 through a controlled sequence of implementation authorization, input/facility readiness, technical execution, independent verification, and downstream handoff. The producing lead is PRA/Risk Engineer; temporary laboratory, supplier, construction, or regulatory support is purchased only for defined products and acceptance evidence.",PB-TEST-01,,5,2,2,1,3,3,3,5,2,HP-I1 implementation authorization
S-14.h,HFE & Operations for Multi-Module Control Rooms,Shared,"Cross-cutting  engineering, QA and program backbone",Tailoring,2031-10-01,2035-03-31,False,"Execution definition complete; task-specific facility, supplier, and final design inputs remain subject to the listed hold points.",100,"Deliver HFE & Operations for Multi-Module Control Rooms between 2031-10-01 and 2035-03-31 through a controlled sequence of implementation authorization, input/facility readiness, technical execution, independent verification, and downstream handoff. The producing lead is Systems Engineer; temporary laboratory, supplier, construction, or regulatory support is purchased only for defined products and acceptance evidence.",PB-TEST-01,,5,3,1,1,3,4,3,5,2,HP-I1 implementation authorization
S-8.m,Human Factors Engineering (HFE) V&V & ISV,Shared,"Cross-cutting  engineering, QA and program backbone",Cross-Cutting,2032-01-01,2035-09-30,False,"Execution definition complete; task-specific facility, supplier, and final design inputs remain subject to the listed hold points.",100,"Deliver Human Factors Engineering (HFE) V&V & ISV between 2032-01-01 and 2035-09-30 through a controlled sequence of implementation authorization, input/facility readiness, technical execution, independent verification, and downstream handoff. The producing lead is Systems Engineer; temporary laboratory, supplier, construction, or regulatory support is purchased only for defined products and acceptance evidence.",PB-TEST-01,,5,2,1,1,3,4,3,5,2,HP-I1 implementation authorization
S-8.c,Software QA & Tool Qualification (NQA-1 Subpart 2.7),Shared,"Cross-cutting  engineering, QA and program backbone",Cross-Cutting,2032-01-01,2035-12-31,False,"Execution definition complete; task-specific facility, supplier, and final design inputs remain subject to the listed hold points.",100,"Deliver Software QA & Tool Qualification (NQA-1 Subpart 2.7) between 2032-01-01 and 2035-12-31 through a controlled sequence of implementation authorization, input/facility readiness, technical execution, independent verification, and downstream handoff. The producing lead is Quality Assurance; temporary laboratory, supplier, construction, or regulatory support is purchased only for defined products and acceptance evidence.",PB-MCA-01; PB-SUPPLY-01; PB-TEST-01,,5,2,5,1,3,1,3,5,2,HP-I1 implementation authorization
S-8.n,Cybersecurity CDA Identification & Controls,Shared,"Cross-cutting  engineering, QA and program backbone",Cross-Cutting,2032-04-01,2036-03-31,False,"Execution definition complete; task-specific facility, supplier, and final design inputs remain subject to the listed hold points.",100,"Deliver Cybersecurity CDA Identification & Controls between 2032-04-01 and 2036-03-31 through a controlled sequence of implementation authorization, input/facility readiness, technical execution, independent verification, and downstream handoff. The producing lead is Systems Engineer; temporary laboratory, supplier, construction, or regulatory support is purchased only for defined products and acceptance evidence.",PB-MCA-01; PB-TEST-01,,5,2,5,1,3,1,3,5,2,HP-I1 implementation authorization
S-11.j,"Automated QC: Orphans, Conflicts & Impact Analysis",Shared,"Cross-cutting  engineering, QA and program backbone",Traceability,2032-04-01,2036-03-31,False,"Execution definition complete; task-specific facility, supplier, and final design inputs remain subject to the listed hold points.",100,"Deliver Automated QC: Orphans, Conflicts & Impact Analysis between 2032-04-01 and 2036-03-31 through a controlled sequence of implementation authorization, input/facility readiness, technical execution, independent verification, and downstream handoff. The producing lead is Quality Assurance; temporary laboratory, supplier, construction, or regulatory support is purchased only for defined products and acceptance evidence.",PB-SUPPLY-01; PB-TEST-01,,5,2,2,1,3,3,3,5,2,HP-I1 implementation authorization
S-12.g,FSAR Section/Table Acceptance,Shared,"Cross-cutting  engineering, QA and program backbone",Verification,2032-10-01,2036-03-31,False,"Execution definition complete; task-specific facility, supplier, and final design inputs remain subject to the listed hold points.",100,"Deliver FSAR Section/Table Acceptance between 2032-10-01 and 2036-03-31 through a controlled sequence of implementation authorization, input/facility readiness, technical execution, independent verification, and downstream handoff. The producing lead is Licensing Engineer; temporary laboratory, supplier, construction, or regulatory support is purchased only for defined products and acceptance evidence.",PB-TEST-01,,5,2,5,1,3,1,3,5,2,HP-I1 implementation authorization
S-8.p,Hydrology & Flooding (External/Internal),Shared,"Cross-cutting  engineering, QA and program backbone",Cross-Cutting,2032-10-01,2037-06-30,False,"Execution definition complete; task-specific facility, supplier, and final design inputs remain subject to the listed hold points.",100,"Deliver Hydrology & Flooding (External/Internal) between 2032-10-01 and 2037-06-30 through a controlled sequence of implementation authorization, input/facility readiness, technical execution, independent verification, and downstream handoff. The producing lead is Systems Engineer; temporary laboratory, supplier, construction, or regulatory support is purchased only for defined products and acceptance evidence.",PB-TEST-01,,5,2,5,1,3,1,3,5,2,HP-I1 implementation authorization
S-11.k,50.71(e) FSAR Update Support & Redline/Strikeout,Shared,"Cross-cutting  engineering, QA and program backbone",Traceability,2032-10-01,2036-12-31,False,"Execution definition complete; task-specific facility, supplier, and final design inputs remain subject to the listed hold points.",100,"Deliver 50.71(e) FSAR Update Support & Redline/Strikeout between 2032-10-01 and 2036-12-31 through a controlled sequence of implementation authorization, input/facility readiness, technical execution, independent verification, and downstream handoff. The producing lead is Licensing Engineer; temporary laboratory, supplier, construction, or regulatory support is purchased only for defined products and acceptance evidence.",PB-TEST-01,,5,2,5,1,3,1,3,5,2,HP-I1 implementation authorization
S-8.h,Equipment Qualification (EQ) IEEE 323/344 & 10 CFR 50.49,Shared,"Cross-cutting  engineering, QA and program backbone",Cross-Cutting,2033-01-01,2036-06-30,False,"Execution definition complete; task-specific facility, supplier, and final design inputs remain subject to the listed hold points.",100,"Deliver Equipment Qualification (EQ) IEEE 323/344 & 10 CFR 50.49 between 2033-01-01 and 2036-06-30 through a controlled sequence of implementation authorization, input/facility readiness, technical execution, independent verification, and downstream handoff. The producing lead is Systems Engineer; temporary laboratory, supplier, construction, or regulatory support is purchased only for defined products and acceptance evidence.",PB-MAT-01; PB-TEST-01,,5,2,5,1,3,1,3,5,2,HP-I1 implementation authorization
S-8.q,"Data Acquisition, Calibration (M&TE) & Time Sync",Shared,"Cross-cutting  engineering, QA and program backbone",Cross-Cutting,2033-01-01,2038-03-31,False,"Execution definition complete; task-specific facility, supplier, and final design inputs remain subject to the listed hold points.",100,"Deliver Data Acquisition, Calibration (M&TE) & Time Sync between 2033-01-01 and 2038-03-31 through a controlled sequence of implementation authorization, input/facility readiness, technical execution, independent verification, and downstream handoff. The producing lead is Data/Software Engineer; temporary laboratory, supplier, construction, or regulatory support is purchased only for defined products and acceptance evidence.",PB-TEST-01,,5,2,5,1,3,1,3,5,2,HP-I1 implementation authorization
S-14.k,FSAR/ITAAC/Departures Packaging,Shared,"Cross-cutting  engineering, QA and program backbone",Tailoring,2033-04-01,2036-12-31,False,"Execution definition complete; task-specific facility, supplier, and final design inputs remain subject to the listed hold points.",100,"Deliver FSAR/ITAAC/Departures Packaging between 2033-04-01 and 2036-12-31 through a controlled sequence of implementation authorization, input/facility readiness, technical execution, independent verification, and downstream handoff. The producing lead is Licensing Engineer; temporary laboratory, supplier, construction, or regulatory support is purchased only for defined products and acceptance evidence.",PB-MAT-01; PB-TEST-01,,5,3,5,1,3,1,3,5,2,HP-I1 implementation authorization
S-8.r,IST/ISI Baselines & Trending,Shared,"Cross-cutting  engineering, QA and program backbone",Cross-Cutting,2033-04-01,2036-09-30,False,"Execution definition complete; task-specific facility, supplier, and final design inputs remain subject to the listed hold points.",100,"Deliver IST/ISI Baselines & Trending between 2033-04-01 and 2036-09-30 through a controlled sequence of implementation authorization, input/facility readiness, technical execution, independent verification, and downstream handoff. The producing lead is Systems Engineer; temporary laboratory, supplier, construction, or regulatory support is purchased only for defined products and acceptance evidence.",PB-TEST-01,,5,2,5,1,3,1,3,5,2,HP-I1 implementation authorization
S-14.j,Testing & ITP Adaptations (Prototype/First-of-a-Kind),Shared,"Cross-cutting  engineering, QA and program backbone",Tailoring,2033-07-01,2036-12-31,False,"Execution definition complete; task-specific facility, supplier, and final design inputs remain subject to the listed hold points.",100,"Deliver Testing & ITP Adaptations (Prototype/First-of-a-Kind) between 2033-07-01 and 2036-12-31 through a controlled sequence of implementation authorization, input/facility readiness, technical execution, independent verification, and downstream handoff. The producing lead is Systems Engineer; temporary laboratory, supplier, construction, or regulatory support is purchased only for defined products and acceptance evidence.",PB-TEST-01,,6,4,5,1,3,4,3,5,2,HP-I1 implementation authorization
S-14.l,Pre-Application Engagement & NRC Feedback Loop,Shared,"Cross-cutting  engineering, QA and program backbone",Tailoring,2033-10-01,2036-12-31,False,"Execution definition complete; task-specific facility, supplier, and final design inputs remain subject to the listed hold points.",100,"Deliver Pre-Application Engagement & NRC Feedback Loop between 2033-10-01 and 2036-12-31 through a controlled sequence of implementation authorization, input/facility readiness, technical execution, independent verification, and downstream handoff. The producing lead is Systems Engineer; temporary laboratory, supplier, construction, or regulatory support is purchased only for defined products and acceptance evidence.",PB-TEST-01,,5,3,2,1,3,1,3,5,2,HP-I1 implementation authorization
S-8.t,ALARA & Shielding Evaluations,Shared,"Cross-cutting  engineering, QA and program backbone",Cross-Cutting,2033-10-01,2037-12-31,False,"Execution definition complete; task-specific facility, supplier, and final design inputs remain subject to the listed hold points.",100,"Deliver ALARA & Shielding Evaluations between 2033-10-01 and 2037-12-31 through a controlled sequence of implementation authorization, input/facility readiness, technical execution, independent verification, and downstream handoff. The producing lead is Systems Engineer; temporary laboratory, supplier, construction, or regulatory support is purchased only for defined products and acceptance evidence.",PB-TEST-01,,5,2,2,1,3,3,3,5,2,HP-I1 implementation authorization
S-12.f,Test Procedure/Report Acceptance (Pre-op/Startup/ITAAC),Shared,"Cross-cutting  engineering, QA and program backbone",Verification,2033-10-01,2038-09-30,False,"Execution definition complete; task-specific facility, supplier, and final design inputs remain subject to the listed hold points.",100,"Deliver Test Procedure/Report Acceptance (Pre-op/Startup/ITAAC) between 2033-10-01 and 2038-09-30 through a controlled sequence of implementation authorization, input/facility readiness, technical execution, independent verification, and downstream handoff. The producing lead is Quality Assurance; temporary laboratory, supplier, construction, or regulatory support is purchased only for defined products and acceptance evidence.",PB-SUPPLY-01; PB-TEST-01,,6,3,5,1,3,4,3,5,2,HP-I1 implementation authorization
S-12.i,Automated QC & Trace Integrity (with Node 11 Links),Shared,"Cross-cutting  engineering, QA and program backbone",Verification,2034-01-01,2038-06-30,False,"Execution definition complete; task-specific facility, supplier, and final design inputs remain subject to the listed hold points.",100,"Deliver Automated QC & Trace Integrity (with Node 11 Links) between 2034-01-01 and 2038-06-30 through a controlled sequence of implementation authorization, input/facility readiness, technical execution, independent verification, and downstream handoff. The producing lead is Systems Engineer; temporary laboratory, supplier, construction, or regulatory support is purchased only for defined products and acceptance evidence.",PB-TEST-01,,5,2,5,1,3,1,3,5,2,HP-I1 implementation authorization
S-10.l,Dashboards & Analytics,Shared,"Cross-cutting  engineering, QA and program backbone",Project Controls,2034-04-01,2038-12-31,False,"Execution definition complete; task-specific facility, supplier, and final design inputs remain subject to the listed hold points.",100,"Deliver Dashboards & Analytics between 2034-04-01 and 2038-12-31 through a controlled sequence of implementation authorization, input/facility readiness, technical execution, independent verification, and downstream handoff. The producing lead is Project Controls; temporary laboratory, supplier, construction, or regulatory support is purchased only for defined products and acceptance evidence.",PB-MAT-01; PB-TEST-01,,5,2,1,1,3,1,3,5,2,HP-I1 implementation authorization
S-8.v,Operability Determinations (OD/F) & CRMP,Shared,"Cross-cutting  engineering, QA and program backbone",Cross-Cutting,2034-04-01,2038-12-31,False,"Execution definition complete; task-specific facility, supplier, and final design inputs remain subject to the listed hold points.",100,"Deliver Operability Determinations (OD/F) & CRMP between 2034-04-01 and 2038-12-31 through a controlled sequence of implementation authorization, input/facility readiness, technical execution, independent verification, and downstream handoff. The producing lead is Systems Engineer; temporary laboratory, supplier, construction, or regulatory support is purchased only for defined products and acceptance evidence.",PB-TEST-01,,5,2,1,1,3,4,3,5,2,HP-I1 implementation authorization
S-11.l,RAI/SER Trace & Closure Evidence,Shared,"Cross-cutting  engineering, QA and program backbone",Traceability,2034-07-01,2036-12-31,False,"Execution definition complete; task-specific facility, supplier, and final design inputs remain subject to the listed hold points.",100,"Deliver RAI/SER Trace & Closure Evidence between 2034-07-01 and 2036-12-31 through a controlled sequence of implementation authorization, input/facility readiness, technical execution, independent verification, and downstream handoff. The producing lead is Systems Engineer; temporary laboratory, supplier, construction, or regulatory support is purchased only for defined products and acceptance evidence.",PB-MAT-01; PB-TEST-01,,5,2,2,1,3,1,3,5,2,HP-I1 implementation authorization
S-8.i,Containment Mass/Energy Releases & TH Response,Shared,"Cross-cutting  engineering, QA and program backbone",Cross-Cutting,2034-07-01,2037-09-30,False,"Execution definition complete; task-specific facility, supplier, and final design inputs remain subject to the listed hold points.",100,"Deliver Containment Mass/Energy Releases & TH Response between 2034-07-01 and 2037-09-30 through a controlled sequence of implementation authorization, input/facility readiness, technical execution, independent verification, and downstream handoff. The producing lead is Systems Engineer; temporary laboratory, supplier, construction, or regulatory support is purchased only for defined products and acceptance evidence.",PB-TEST-01,,5,2,2,1,3,3,3,5,2,HP-I1 implementation authorization
S-8.w,ITAAC Evidence Packaging & ICN Content Controls,Shared,"Cross-cutting  engineering, QA and program backbone",Cross-Cutting,2034-07-01,2038-12-31,False,"Execution definition complete; task-specific facility, supplier, and final design inputs remain subject to the listed hold points.",100,"Deliver ITAAC Evidence Packaging & ICN Content Controls between 2034-07-01 and 2038-12-31 through a controlled sequence of implementation authorization, input/facility readiness, technical execution, independent verification, and downstream handoff. The producing lead is Systems Engineer; temporary laboratory, supplier, construction, or regulatory support is purchased only for defined products and acceptance evidence.",PB-MAT-01; PB-TEST-01,,5,2,5,1,3,1,3,5,2,HP-I1 implementation authorization
S-10.m,Risk & Opportunity Register (Schedule/Technical/Regulatory),Shared,"Cross-cutting  engineering, QA and program backbone",Project Controls,2034-07-01,2038-06-30,False,"Execution definition complete; task-specific facility, supplier, and final design inputs remain subject to the listed hold points.",100,"Deliver Risk & Opportunity Register (Schedule/Technical/Regulatory) between 2034-07-01 and 2038-06-30 through a controlled sequence of implementation authorization, input/facility readiness, technical execution, independent verification, and downstream handoff. The producing lead is Licensing Engineer; temporary laboratory, supplier, construction, or regulatory support is purchased only for defined products and acceptance evidence.",PB-TEST-01,,5,2,1,1,3,1,3,5,2,HP-I1 implementation authorization
S-12.h,ITAAC Evidence & ICN Content Verification,Shared,"Cross-cutting  engineering, QA and program backbone",Verification,2034-07-01,2038-03-31,False,"Execution definition complete; task-specific facility, supplier, and final design inputs remain subject to the listed hold points.",100,"Deliver ITAAC Evidence & ICN Content Verification between 2034-07-01 and 2038-03-31 through a controlled sequence of implementation authorization, input/facility readiness, technical execution, independent verification, and downstream handoff. The producing lead is Quality Assurance; temporary laboratory, supplier, construction, or regulatory support is purchased only for defined products and acceptance evidence.",PB-SUPPLY-01; PB-TEST-01,,5,2,5,1,3,1,3,5,2,HP-I1 implementation authorization
S-10.g,RAI / Inspection Calendar & Readiness,Shared,"Cross-cutting  engineering, QA and program backbone",Project Controls,2034-10-01,2037-03-31,False,"Execution definition complete; task-specific facility, supplier, and final design inputs remain subject to the listed hold points.",100,"Deliver RAI / Inspection Calendar & Readiness between 2034-10-01 and 2037-03-31 through a controlled sequence of implementation authorization, input/facility readiness, technical execution, independent verification, and downstream handoff. The producing lead is Test/Commissioning Engineer; temporary laboratory, supplier, construction, or regulatory support is purchased only for defined products and acceptance evidence.",PB-MAT-01; PB-SUPPLY-01; PB-TEST-01,,5,2,2,1,3,1,3,5,2,HP-I1 implementation authorization
S-8.s,"Materials, Aging & Environmental Qualification Profiles",Shared,"Cross-cutting  engineering, QA and program backbone",Cross-Cutting,2034-10-01,2038-03-31,False,"Execution definition complete; task-specific facility, supplier, and final design inputs remain subject to the listed hold points.",100,"Deliver Materials, Aging & Environmental Qualification Profiles between 2034-10-01 and 2038-03-31 through a controlled sequence of implementation authorization, input/facility readiness, technical execution, independent verification, and downstream handoff. The producing lead is Systems Engineer; temporary laboratory, supplier, construction, or regulatory support is purchased only for defined products and acceptance evidence.",PB-CHEM-01; PB-MAT-01; PB-TEST-01,,5,2,5,1,3,1,3,5,3,HP-I1 implementation authorization
S-8.x,Calculation Package Standard (Inputs -> Methods -> Checks -> Results),Shared,"Cross-cutting  engineering, QA and program backbone",Cross-Cutting,2034-10-01,2038-06-30,False,"Execution definition complete; task-specific facility, supplier, and final design inputs remain subject to the listed hold points.",100,"Deliver Calculation Package Standard (Inputs -> Methods -> Checks -> Results) between 2034-10-01 and 2038-06-30 through a controlled sequence of implementation authorization, input/facility readiness, technical execution, independent verification, and downstream handoff. The producing lead is Data/Software Engineer; temporary laboratory, supplier, construction, or regulatory support is purchased only for defined products and acceptance evidence.",PB-SUPPLY-01; PB-TEST-01,,5,2,2,1,3,3,3,5,2,HP-I1 implementation authorization
S-8.u,Emergency Preparedness EAL Development & Validation,Shared,"Cross-cutting  engineering, QA and program backbone",Cross-Cutting,2035-01-01,2038-12-31,False,"Execution definition complete; task-specific facility, supplier, and final design inputs remain subject to the listed hold points.",100,"Deliver Emergency Preparedness EAL Development & Validation between 2035-01-01 and 2038-12-31 through a controlled sequence of implementation authorization, input/facility readiness, technical execution, independent verification, and downstream handoff. The producing lead is Systems Engineer; temporary laboratory, supplier, construction, or regulatory support is purchased only for defined products and acceptance evidence.",PB-TEST-01,,6,3,5,1,3,4,3,5,2,HP-I1 implementation authorization
S-10.i,Schedule Risk & Readiness Monte Carlo,Shared,"Cross-cutting  engineering, QA and program backbone",Project Controls,2035-04-01,2038-06-30,False,"Execution definition complete; task-specific facility, supplier, and final design inputs remain subject to the listed hold points.",100,"Deliver Schedule Risk & Readiness Monte Carlo between 2035-04-01 and 2038-06-30 through a controlled sequence of implementation authorization, input/facility readiness, technical execution, independent verification, and downstream handoff. The producing lead is Safety Analysis; temporary laboratory, supplier, construction, or regulatory support is purchased only for defined products and acceptance evidence.",PB-TEST-01,,6,3,5,1,3,4,3,5,2,HP-I1 implementation authorization
S-8.y,Peer Review / Independent Verification (IV&V) Discipline,Shared,"Cross-cutting  engineering, QA and program backbone",Cross-Cutting,2035-10-01,2038-12-31,False,"Execution definition complete; task-specific facility, supplier, and final design inputs remain subject to the listed hold points.",100,"Deliver Peer Review / Independent Verification (IV&V) Discipline between 2035-10-01 and 2038-12-31 through a controlled sequence of implementation authorization, input/facility readiness, technical execution, independent verification, and downstream handoff. The producing lead is Systems Engineer; temporary laboratory, supplier, construction, or regulatory support is purchased only for defined products and acceptance evidence.",PB-TEST-01,,5,2,5,1,3,1,3,5,2,HP-I1 implementation authorization
S-10.n,Readiness Reviews & Lessons Learned,Shared,"Cross-cutting  engineering, QA and program backbone",Project Controls,2036-04-01,2038-12-31,False,"Execution definition complete; task-specific facility, supplier, and final design inputs remain subject to the listed hold points.",100,"Deliver Readiness Reviews & Lessons Learned between 2036-04-01 and 2038-12-31 through a controlled sequence of implementation authorization, input/facility readiness, technical execution, independent verification, and downstream handoff. The producing lead is Test/Commissioning Engineer; temporary laboratory, supplier, construction, or regulatory support is purchased only for defined products and acceptance evidence.",PB-SUPPLY-01; PB-TEST-01,,6,3,5,1,3,4,3,5,2,HP-I1 implementation authorization
S-12.k,Closeout Certificates & Readiness Reviews,Shared,"Cross-cutting  engineering, QA and program backbone",Verification,2036-07-01,2038-12-31,False,"Execution definition complete; task-specific facility, supplier, and final design inputs remain subject to the listed hold points.",100,"Deliver Closeout Certificates & Readiness Reviews between 2036-07-01 and 2038-12-31 through a controlled sequence of implementation authorization, input/facility readiness, technical execution, independent verification, and downstream handoff. The producing lead is Quality Assurance; temporary laboratory, supplier, construction, or regulatory support is purchased only for defined products and acceptance evidence.",PB-MAT-01; PB-SUPPLY-01; PB-TEST-01; PB-WASTE-01,,6,3,5,1,3,4,3,5,2,HP-I1 implementation authorization
S-8.z,Inspection/RAI Readiness & Evidence Binders,Shared,"Cross-cutting  engineering, QA and program backbone",Cross-Cutting,2036-07-01,2038-12-31,False,"Execution definition complete; task-specific facility, supplier, and final design inputs remain subject to the listed hold points.",100,"Deliver Inspection/RAI Readiness & Evidence Binders between 2036-07-01 and 2038-12-31 through a controlled sequence of implementation authorization, input/facility readiness, technical execution, independent verification, and downstream handoff. The producing lead is Systems Engineer; temporary laboratory, supplier, construction, or regulatory support is purchased only for defined products and acceptance evidence.",PB-MAT-01; PB-TEST-01,,5,2,2,1,3,1,3,5,2,HP-I1 implementation authorization
S-2.a,Codes & Standards Basis and Compliance Matrix,Shared,"1 - Methods, validation and topical reports",Engineering Process,2026-10-01,2027-09-30,True,"Execution definition complete; task-specific facility, supplier, and final design inputs remain subject to the listed hold points.",100,"Deliver Codes & Standards Basis and Compliance Matrix between 2026-10-01 and 2027-09-30 through a controlled sequence of implementation authorization, input/facility readiness, technical execution, independent verification, and downstream handoff. The producing lead is Chief Engineer; temporary laboratory, supplier, construction, or regulatory support is purchased only for defined products and acceptance evidence.",PB-TEST-01,,5,3,2,1,3,3,3,5,2,HP-I1 implementation authorization
D-RD-01,Fuel Salt Chemistry and Processing Pilot,Demonstrator,"1 - Methods, validation and topical reports",Demonstrator R&D and Qualification,2026-10-01,2027-12-31,True,"Task-specific execution sequence, procurement/partner actions, facility work, decision gates, acceptance evidence, and fallback routes are defined for the current planning basis.",100,"Execute a 25-experiment staged chemistry program from feed qualification and purification through properties, redox, corrosion, fission-product surrogates, off-gas/capture, integrated processing, irradiated confirmation, and demonstrator validation; use the results to select and qualify the minimum processing architecture.",PB-CHEM-01; PB-FP-01; PB-MAT-01; PB-MCA-01; PB-SUPPLY-01; PB-TEST-01; PB-WASTE-01,CHEM-01; CHEM-02; CHEM-03; CHEM-04; CHEM-05; CHEM-06; CHEM-07; CHEM-08; CHEM-09; CHEM-10; CHEM-11; CHEM-12; CHEM-13; CHEM-14; CHEM-15; CHEM-16; CHEM-17; CHEM-18; CHEM-19; CHEM-20; CHEM-21; CHEM-22; CHEM-23; CHEM-24; CHEM-25,8,4,3,4,4,4,4,5,5,HP-C1 chemistry validation baseline
D-RD-02,"Materials, Corrosion and Compatibility Qualification",Demonstrator,"1 - Methods, validation and topical reports",Demonstrator R&D and Qualification,2026-10-01,2028-03-31,True,"Task-specific execution sequence, facility work, decision gates, acceptance evidence, records, and fallback routes are defined for the current planning basis.",100,"Qualify salt-wetted base metals, weldments, coatings, seals and nonmetallics for demonstrator material and joining down-select using traceable material heats, controlled chemistry, static and flowing exposures, thermal gradients, fission-product/impurity perturbations, mechanical and microstructural examinations, irradiation confirmation where needed, and repair/inspection demonstrations.",PB-CHEM-01; PB-MAT-01; PB-SUPPLY-01; PB-TEST-01,CHEM-08; CHEM-09; CHEM-10; CHEM-11; CHEM-12; CHEM-17; CHEM-22; CHEM-23; CHEM-24; CHEM-25,7,4,2,2,2,3,3,5,3,HP-DMAT1 materials test matrix
S-2.b,Software Quality Assurance (SQA) & Configuration Control for Analysis Codes,Shared,"1 - Methods, validation and topical reports",Engineering Process,2026-10-01,2029-03-31,True,"Execution definition complete; task-specific facility, supplier, and final design inputs remain subject to the listed hold points.",100,"Deliver Software Quality Assurance (SQA) & Configuration Control for Analysis Codes between 2026-10-01 and 2029-03-31 through a controlled sequence of implementation authorization, input/facility readiness, technical execution, independent verification, and downstream handoff. The producing lead is Quality Assurance; temporary laboratory, supplier, construction, or regulatory support is purchased only for defined products and acceptance evidence.",PB-SUPPLY-01; PB-TEST-01,,5,3,2,1,3,3,3,5,2,HP-I1 implementation authorization
S-MTH-01,Integrated analytical-methods and topical-report program plan,Shared,"1 - Methods, validation and topical reports",Methods Program,2027-01-01,2027-03-31,True,"Execution definition complete; task-specific facility, supplier, and final design inputs remain subject to the listed hold points.",100,"Deliver Integrated analytical-methods and topical-report program plan between 2027-01-01 and 2027-03-31 through a controlled sequence of implementation authorization, input/facility readiness, technical execution, independent verification, and downstream handoff. The producing lead is Chief Engineer; temporary laboratory, supplier, construction, or regulatory support is purchased only for defined products and acceptance evidence.",PB-TEST-01,,5,4,2,1,3,3,3,5,2,HP-I1 implementation authorization
S-MTH-07,"Software quality assurance, reproducibility and validation-evidence repository",Shared,"1 - Methods, validation and topical reports",Methods Assurance,2026-10-01,2032-12-31,True,"Execution definition complete; task-specific facility, supplier, and final design inputs remain subject to the listed hold points.",100,"Deliver Software quality assurance, reproducibility and validation-evidence repository between 2026-10-01 and 2032-12-31 through a controlled sequence of implementation authorization, input/facility readiness, technical execution, independent verification, and downstream handoff. The producing lead is Data/Software Engineer; temporary laboratory, supplier, construction, or regulatory support is purchased only for defined products and acceptance evidence.",PB-SUPPLY-01; PB-TEST-01,,5,2,2,1,3,3,3,5,2,HP-I1 implementation authorization
S-MTH-02,"Neutronics, moving-fuel kinetics and criticality-safety method development and topical report",Shared,"1 - Methods, validation and topical reports",Methods Development,2027-01-01,2031-12-31,True,"Execution definition complete; task-specific facility, supplier, and final design inputs remain subject to the listed hold points.",100,"Deliver Neutronics, moving-fuel kinetics and criticality-safety method development and topical report between 2027-01-01 and 2031-12-31 through a controlled sequence of implementation authorization, input/facility readiness, technical execution, independent verification, and downstream handoff. The producing lead is Reactor Physics; temporary laboratory, supplier, construction, or regulatory support is purchased only for defined products and acceptance evidence.",PB-FUEL-01; PB-SUPPLY-01; PB-TEST-01,,5,5,2,1,3,3,3,5,4,HP-I1 implementation authorization
S-MTH-03,"Thermal-hydraulics, free-surface, gas-entrainment and freeze-drain method development and topical report",Shared,"1 - Methods, validation and topical reports",Methods Development,2027-01-01,2032-06-30,True,"Execution definition complete; task-specific facility, supplier, and final design inputs remain subject to the listed hold points.",100,"Deliver Thermal-hydraulics, free-surface, gas-entrainment and freeze-drain method development and topical report between 2027-01-01 and 2032-06-30 through a controlled sequence of implementation authorization, input/facility readiness, technical execution, independent verification, and downstream handoff. The producing lead is Thermal-Hydraulics; temporary laboratory, supplier, construction, or regulatory support is purchased only for defined products and acceptance evidence.",PB-CHEM-01; PB-FUEL-01; PB-TEST-01,,5,5,2,1,3,3,3,5,5,HP-I1 implementation authorization
S-MTH-04,"Fuel-salt chemistry, thermophysical properties, source-term and off-gas method development and topical report",Shared,"1 - Methods, validation and topical reports",Methods Development,2027-01-01,2032-12-31,True,"Task-specific execution sequence, facility work, decision gates, acceptance evidence, records, and fallback routes are defined for the current planning basis.",100,"Qualify the chemistry, property, fission-product, source-term and off-gas methods as one controlled methods package: define the phenomena and data needs, execute the 25-test evidence ladder, fit correlations with covariance and conditions of use, perform blind validation against integral and irradiated data, and issue the topical report and code/model release used by design and licensing.",PB-CHEM-01; PB-FP-01; PB-FUEL-01; PB-MAT-01; PB-TEST-01,CHEM-01; CHEM-02; CHEM-03; CHEM-04; CHEM-05; CHEM-06; CHEM-07; CHEM-08; CHEM-09; CHEM-10; CHEM-11; CHEM-12; CHEM-13; CHEM-14; CHEM-15; CHEM-16; CHEM-17; CHEM-18; CHEM-19; CHEM-20; CHEM-21; CHEM-22; CHEM-23; CHEM-24; CHEM-25,6,5,2,2,3,2,4,5,2,HP-MC1 methods requirements freeze
S-MTH-05,"Materials, corrosion, joining, irradiation and aging method development and topical report",Shared,"1 - Methods, validation and topical reports",Methods Development,2027-01-01,2032-12-31,True,"Task-specific execution sequence, facility work, decision gates, acceptance evidence, records, and fallback routes are defined for the current planning basis.",100,"Qualify salt-wetted base metals, weldments, coatings, seals and nonmetallics for materials/corrosion/irradiation topical methods using traceable material heats, controlled chemistry, static and flowing exposures, thermal gradients, fission-product/impurity perturbations, mechanical and microstructural examinations, irradiation confirmation where needed, and repair/inspection demonstrations.",PB-MAT-01; PB-SUPPLY-01; PB-TEST-01,CHEM-08; CHEM-09; CHEM-10; CHEM-11; CHEM-12; CHEM-17; CHEM-22; CHEM-23; CHEM-24; CHEM-25,7,5,2,2,2,3,3,5,3,HP-MMTH1 materials test matrix
S-PKG-01,Methods V&V Data and Independent Review Contracts,Shared,"1 - Methods, validation and topical reports",Shared Platform Packages,2026-10-01,2032-12-31,True,"Execution definition complete; task-specific facility, supplier, and final design inputs remain subject to the listed hold points.",100,"Deliver Methods V&V Data and Independent Review Contracts between 2026-10-01 and 2032-12-31 through a controlled sequence of implementation authorization, input/facility readiness, technical execution, independent verification, and downstream handoff. The producing lead is Safety Analysis; temporary laboratory, supplier, construction, or regulatory support is purchased only for defined products and acceptance evidence.",PB-MAT-01; PB-SUPPLY-01; PB-TEST-01,,5,2,5,1,3,4,4,5,2,HP-I1 implementation authorization
S-PKG-05,Shared External Laboratory and Vendor Validation Packages (Excludes ITHF),Shared,"1 - Methods, validation and topical reports",Shared Platform Packages,2026-10-01,2031-12-31,True,"Execution definition complete; task-specific facility, supplier, and final design inputs remain subject to the listed hold points.",100,"Deliver Shared External Laboratory and Vendor Validation Packages (Excludes ITHF) between 2026-10-01 and 2031-12-31 through a controlled sequence of implementation authorization, input/facility readiness, technical execution, independent verification, and downstream handoff. The producing lead is Fuel/Materials Engineer; temporary laboratory, supplier, construction, or regulatory support is purchased only for defined products and acceptance evidence.",PB-MAT-01; PB-SUPPLY-01; PB-TEST-01,,5,3,5,3,3,4,4,5,3,HP-I1 implementation authorization
D-RD-03,Separate-Effects and Component Test Loops (Excludes Integral 1:1 Facility),Demonstrator,"1 - Methods, validation and topical reports",Demonstrator R&D and Qualification,2026-10-01,2027-12-31,True,"Execution definition complete; task-specific facility, supplier, and final design inputs remain subject to the listed hold points.",100,"Deliver Separate-Effects and Component Test Loops (Excludes Integral 1:1 Facility) between 2026-10-01 and 2027-12-31 through a controlled sequence of implementation authorization, input/facility readiness, technical execution, independent verification, and downstream handoff. The producing lead is Thermal-Hydraulics; temporary laboratory, supplier, construction, or regulatory support is purchased only for defined products and acceptance evidence.",PB-CHEM-01; PB-FUEL-01; PB-TEST-01,,5,4,2,1,3,3,3,5,5,HP-I1 implementation authorization
S-MSR-01,"Liquid-Fuel MSR Regulatory Applicability, Event Taxonomy and LWR Crosswalk",Shared,"1 - Methods, validation and topical reports",MSR Applicability and Safety Basis,2026-10-01,2027-03-31,True,"Execution definition complete; task-specific facility, supplier, and final design inputs remain subject to the listed hold points.",100,"Deliver Liquid-Fuel MSR Regulatory Applicability, Event Taxonomy and LWR Crosswalk between 2026-10-01 and 2027-03-31 through a controlled sequence of implementation authorization, input/facility readiness, technical execution, independent verification, and downstream handoff. The producing lead is Licensing Engineer; temporary laboratory, supplier, construction, or regulatory support is purchased only for defined products and acceptance evidence.",PB-FUEL-01; PB-MAT-01; PB-SUPPLY-01; PB-TEST-01; PB-WASTE-01,,5,4,2,2,3,3,3,5,5,HP-I1 implementation authorization
S-MSR-02,"Fuel-Salt Thermophysical Property Database, Correlations and Uncertainty",Shared,"1 - Methods, validation and topical reports",MSR Data and Methods,2026-10-01,2031-06-30,True,"Task-specific execution sequence, facility work, decision gates, acceptance evidence, records, and fallback routes are defined for the current planning basis.",100,"Produce the controlled salt property database used by design and safety analysis from independently verified composition, phase and property measurements; quantify correlations, covariance, extrapolation limits and batch-to-batch uncertainty; and release machine-readable and report forms under configuration control.",PB-CHEM-01; PB-FUEL-01; PB-MAT-01; PB-SUPPLY-01; PB-TEST-01,CHEM-01; CHEM-03; CHEM-04; CHEM-05; CHEM-22; CHEM-23; CHEM-24,5,3,2,2,3,3,3,5,6,HP-P1 property scope freeze
S-MSR-09,"Salt-Wetted Materials, Joining, Corrosion Surveillance, Code Cases and Inservice Inspection Basis",Shared,"1 - Methods, validation and topical reports",MSR Materials and Codes,2026-10-01,2032-12-31,True,"Task-specific execution sequence, facility work, decision gates, acceptance evidence, records, and fallback routes are defined for the current planning basis.",100,"Qualify salt-wetted base metals, weldments, coatings, seals and nonmetallics for commercial methods, code cases, surveillance and inservice inspection using traceable material heats, controlled chemistry, static and flowing exposures, thermal gradients, fission-product/impurity perturbations, mechanical and microstructural examinations, irradiation confirmation where needed, and repair/inspection demonstrations.",PB-CHEM-01; PB-MAT-01; PB-TEST-01,CHEM-08; CHEM-09; CHEM-10; CHEM-11; CHEM-12; CHEM-17; CHEM-22; CHEM-23; CHEM-24; CHEM-25,7,3,2,2,2,3,3,5,4,HP-MAT1 materials test matrix
S-MTH-06,"Multiphysics coupling, scaling, uncertainty quantification and safety-margin integration",Shared,"1 - Methods, validation and topical reports",Methods Integration,2026-10-01,2033-06-30,True,"Execution definition complete; task-specific facility, supplier, and final design inputs remain subject to the listed hold points.",100,"Deliver Multiphysics coupling, scaling, uncertainty quantification and safety-margin integration between 2026-10-01 and 2033-06-30 through a controlled sequence of implementation authorization, input/facility readiness, technical execution, independent verification, and downstream handoff. The producing lead is Data/Software Engineer; temporary laboratory, supplier, construction, or regulatory support is purchased only for defined products and acceptance evidence.",PB-MAT-01; PB-SUPPLY-01; PB-TEST-01,,5,3,2,2,3,3,3,5,3,HP-I1 implementation authorization
S-MSR-03,"Coupled Liquid-Fuel Neutronics, Delayed-Neutron-Precursor Transport and Decay-Heat Methods",Shared,"1 - Methods, validation and topical reports",MSR Data and Methods,2026-10-01,2031-12-31,True,"Execution definition complete; task-specific facility, supplier, and final design inputs remain subject to the listed hold points.",100,"Deliver Coupled Liquid-Fuel Neutronics, Delayed-Neutron-Precursor Transport and Decay-Heat Methods between 2026-10-01 and 2031-12-31 through a controlled sequence of implementation authorization, input/facility readiness, technical execution, independent verification, and downstream handoff. The producing lead is Reactor Physics; temporary laboratory, supplier, construction, or regulatory support is purchased only for defined products and acceptance evidence.",PB-FUEL-01; PB-SUPPLY-01; PB-TEST-01,,5,3,2,1,3,3,3,5,4,HP-I1 implementation authorization
S-MSR-04,"Mechanistic Source Term, Fission-Product Transport, Off-Gas and Plate-Out Basis",Shared,"1 - Methods, validation and topical reports",MSR Data and Methods,2026-10-01,2032-06-30,True,"Task-specific execution sequence, facility work, decision gates, acceptance evidence, records, and fallback routes are defined for the current planning basis.",100,"Close a configuration-specific fission-product mass balance over fuel salt, cover gas, deposits, filters/sorbents, samples, processing residues, structures and releases; validate gas transfer, aerosol, volatile species, noble-metal plate-out and retention with surrogates, then confirm with irradiated and demonstrator data before releasing source-term parameters and uncertainty.",PB-CHEM-01; PB-FP-01; PB-MCA-01; PB-TEST-01,CHEM-11; CHEM-12; CHEM-13; CHEM-14; CHEM-15; CHEM-16; CHEM-17; CHEM-18; CHEM-19; CHEM-20; CHEM-21; CHEM-22; CHEM-23; CHEM-24,6,3,2,1,3,3,3,5,3,HP-ST1 source-term architecture freeze
S-MSR-06,"Liquid-Fuel Material Control, Accounting, Safeguards and Security Interfaces",Shared,"1 - Methods, validation and topical reports",MSR Safeguards and Security,2026-10-01,2031-06-30,True,"Task-specific execution sequence, facility work, decision gates, acceptance evidence, records, and fallback routes are defined for the current planning basis.",100,"Implement liquid-fuel MC&A by defining material balance areas and key measurement points, qualifying mass/volume/composition and secondary-inventory measurements, validating a dynamic inventory model with surrogate and fuel batches, exercising anomaly detection and confirming the approach during the INL experiment and demonstrator.",PB-CHEM-01; PB-FUEL-01; PB-MCA-01; PB-WASTE-01,CHEM-01; CHEM-03; CHEM-19; CHEM-20; CHEM-23; CHEM-24; CHEM-25,6,3,2,2,3,3,3,5,5,HP-A1 MC&A architecture freeze
S-MSR-07,"Freeze Protection, Drain, Passive Decay-Heat Removal, Recovery and End-State Basis",Shared,"1 - Methods, validation and topical reports",MSR Safety Systems Technology,2026-10-01,2031-12-31,True,"Execution definition complete; task-specific facility, supplier, and final design inputs remain subject to the listed hold points.",100,"Deliver Freeze Protection, Drain, Passive Decay-Heat Removal, Recovery and End-State Basis between 2026-10-01 and 2031-12-31 through a controlled sequence of implementation authorization, input/facility readiness, technical execution, independent verification, and downstream handoff. The producing lead is Thermal-Hydraulics; temporary laboratory, supplier, construction, or regulatory support is purchased only for defined products and acceptance evidence.",PB-CHEM-01; PB-FUEL-01; PB-MAT-01; PB-MCA-01; PB-SUPPLY-01; PB-TEST-01; PB-WASTE-01,,5,3,2,1,3,3,3,5,5,HP-I1 implementation authorization
S-2.i,Equipment Qualification (EQ) Program Plan,Shared,"1 - Methods, validation and topical reports",Engineering Process,2027-01-01,2030-12-30,True,"Execution definition complete; task-specific facility, supplier, and final design inputs remain subject to the listed hold points.",100,"Deliver Equipment Qualification (EQ) Program Plan between 2027-01-01 and 2030-12-30 through a controlled sequence of implementation authorization, input/facility readiness, technical execution, independent verification, and downstream handoff. The producing lead is Chief Engineer; temporary laboratory, supplier, construction, or regulatory support is purchased only for defined products and acceptance evidence.",PB-MAT-01; PB-SUPPLY-01; PB-TEST-01,,5,3,2,1,3,3,3,5,2,HP-I1 implementation authorization
S-MSR-05,"High-Temperature Instrumentation, Online Salt Chemistry and Sampling Qualification",Shared,"1 - Methods, validation and topical reports",MSR Instrumentation and Operations Technology,2027-01-01,2031-12-31,True,"Task-specific execution sequence, facility work, decision gates, acceptance evidence, records, and fallback routes are defined for the current planning basis.",100,"Qualify online chemistry, redox, off-gas, level/flow/temperature and representative hot-sampling methods through calibration, high-temperature exposure, drift/fouling testing, cross-calibration to independent laboratory samples, failure detection, maintenance demonstrations and irradiation confirmation.",PB-CHEM-01; PB-FP-01; PB-TEST-01,CHEM-06; CHEM-07; CHEM-20; CHEM-21; CHEM-22; CHEM-23; CHEM-24,5,3,2,2,3,3,4,5,3,HP-I1 measurement architecture freeze
S-MSR-08,"Remote Inspection, Maintenance, Decontamination and Repair Technology",Shared,"1 - Methods, validation and topical reports",MSR Maintainability and Decommissioning Technology,2027-07-01,2031-12-31,True,"Execution definition complete; task-specific facility, supplier, and final design inputs remain subject to the listed hold points.",100,"Deliver Remote Inspection, Maintenance, Decontamination and Repair Technology between 2027-07-01 and 2031-12-31 through a controlled sequence of implementation authorization, input/facility readiness, technical execution, independent verification, and downstream handoff. The producing lead is Mechanical Engineer; temporary laboratory, supplier, construction, or regulatory support is purchased only for defined products and acceptance evidence.",PB-MAT-01; PB-TEST-01; PB-WASTE-01,,5,2,2,1,3,3,3,5,2,HP-I1 implementation authorization
S-2.l,Interface Control & Data Exchange (ICDs),Shared,"1 - Methods, validation and topical reports",Engineering Process,2027-01-01,2031-06-30,True,"Execution definition complete; task-specific facility, supplier, and final design inputs remain subject to the listed hold points.",100,"Deliver Interface Control & Data Exchange (ICDs) between 2027-01-01 and 2031-06-30 through a controlled sequence of implementation authorization, input/facility readiness, technical execution, independent verification, and downstream handoff. The producing lead is Systems Engineer; temporary laboratory, supplier, construction, or regulatory support is purchased only for defined products and acceptance evidence.",PB-CHEM-01; PB-SUPPLY-01; PB-TEST-01,,5,3,2,1,3,3,3,5,3,HP-I1 implementation authorization
S-2.h,"I&C Safety Architecture, Setpoint Methodology, and Digital Lifecycle",Shared,"1 - Methods, validation and topical reports",Engineering Process,2027-01-01,2029-09-30,True,"Execution definition complete; task-specific facility, supplier, and final design inputs remain subject to the listed hold points.",100,"Deliver I&C Safety Architecture, Setpoint Methodology, and Digital Lifecycle between 2027-01-01 and 2029-09-30 through a controlled sequence of implementation authorization, input/facility readiness, technical execution, independent verification, and downstream handoff. The producing lead is I&C/Digital Engineer; temporary laboratory, supplier, construction, or regulatory support is purchased only for defined products and acceptance evidence.",PB-MCA-01; PB-TEST-01,,5,3,2,1,3,3,3,5,2,HP-I1 implementation authorization
S-2.n,PRA Program & Risk-Informed Applications (RIDM),Shared,"1 - Methods, validation and topical reports",Engineering Process,2027-04-01,2031-03-30,True,"Execution definition complete; task-specific facility, supplier, and final design inputs remain subject to the listed hold points.",100,"Deliver PRA Program & Risk-Informed Applications (RIDM) between 2027-04-01 and 2031-03-30 through a controlled sequence of implementation authorization, input/facility readiness, technical execution, independent verification, and downstream handoff. The producing lead is Safety Analysis; temporary laboratory, supplier, construction, or regulatory support is purchased only for defined products and acceptance evidence.",PB-TEST-01,,5,3,2,1,3,3,3,5,2,HP-I1 implementation authorization
S-2.c,Neutronics/Core Physics Methods Topical,Shared,"1 - Methods, validation and topical reports",Engineering Process,2027-07-01,2029-12-30,True,"Execution definition complete; task-specific facility, supplier, and final design inputs remain subject to the listed hold points.",100,"Deliver Neutronics/Core Physics Methods Topical between 2027-07-01 and 2029-12-30 through a controlled sequence of implementation authorization, input/facility readiness, technical execution, independent verification, and downstream handoff. The producing lead is Reactor Physics; temporary laboratory, supplier, construction, or regulatory support is purchased only for defined products and acceptance evidence.",PB-FP-01; PB-FUEL-01; PB-SUPPLY-01; PB-TEST-01,,5,4,2,1,3,3,3,5,5,HP-I1 implementation authorization
S-2.d,System Thermal-Hydraulics Methods Topical,Shared,"1 - Methods, validation and topical reports",Engineering Process,2027-07-01,2030-03-30,True,"Execution definition complete; task-specific facility, supplier, and final design inputs remain subject to the listed hold points.",100,"Deliver System Thermal-Hydraulics Methods Topical between 2027-07-01 and 2030-03-30 through a controlled sequence of implementation authorization, input/facility readiness, technical execution, independent verification, and downstream handoff. The producing lead is Thermal-Hydraulics; temporary laboratory, supplier, construction, or regulatory support is purchased only for defined products and acceptance evidence.",PB-CHEM-01; PB-FUEL-01; PB-TEST-01,,5,4,2,1,3,3,3,5,5,HP-I1 implementation authorization
S-MTH-08,"Topical-report authoring, independent review, pre-application interaction and closure",Shared,"1 - Methods, validation and topical reports",Topical Reports,2027-04-01,2033-12-31,True,"Execution definition complete; task-specific facility, supplier, and final design inputs remain subject to the listed hold points.",100,"Deliver Topical-report authoring, independent review, pre-application interaction and closure between 2027-04-01 and 2033-12-31 through a controlled sequence of implementation authorization, input/facility readiness, technical execution, independent verification, and downstream handoff. The producing lead is Licensing Engineer; temporary laboratory, supplier, construction, or regulatory support is purchased only for defined products and acceptance evidence.",PB-MAT-01; PB-SUPPLY-01; PB-TEST-01,,5,5,2,2,3,3,3,5,3,HP-I1 implementation authorization
S-2.k,Requirements Flowdown to Specs/Drawings and ITAAC Mapping,Shared,"1 - Methods, validation and topical reports",Engineering Process,2027-07-01,2030-06-30,True,"Execution definition complete; task-specific facility, supplier, and final design inputs remain subject to the listed hold points.",100,"Deliver Requirements Flowdown to Specs/Drawings and ITAAC Mapping between 2027-07-01 and 2030-06-30 through a controlled sequence of implementation authorization, input/facility readiness, technical execution, independent verification, and downstream handoff. The producing lead is Systems Engineer; temporary laboratory, supplier, construction, or regulatory support is purchased only for defined products and acceptance evidence.",PB-MAT-01; PB-TEST-01,,5,3,2,1,3,3,3,5,2,HP-I1 implementation authorization
S-2.e,Fuel Performance Methods Topical,Shared,"1 - Methods, validation and topical reports",Engineering Process,2027-10-01,2030-06-30,True,"Execution definition complete; task-specific facility, supplier, and final design inputs remain subject to the listed hold points.",100,"Deliver Fuel Performance Methods Topical between 2027-10-01 and 2030-06-30 through a controlled sequence of implementation authorization, input/facility readiness, technical execution, independent verification, and downstream handoff. The producing lead is Chief Engineer; temporary laboratory, supplier, construction, or regulatory support is purchased only for defined products and acceptance evidence.",PB-FUEL-01; PB-TEST-01,,5,4,2,1,3,3,3,5,4,HP-I1 implementation authorization
S-2.f,Containment Thermal-Hydraulics & Radiological Consequence Methods,Shared,"1 - Methods, validation and topical reports",Engineering Process,2027-10-01,2030-09-30,True,"Execution definition complete; task-specific facility, supplier, and final design inputs remain subject to the listed hold points.",100,"Deliver Containment Thermal-Hydraulics & Radiological Consequence Methods between 2027-10-01 and 2030-09-30 through a controlled sequence of implementation authorization, input/facility readiness, technical execution, independent verification, and downstream handoff. The producing lead is Thermal-Hydraulics; temporary laboratory, supplier, construction, or regulatory support is purchased only for defined products and acceptance evidence.",PB-CHEM-01; PB-FP-01; PB-FUEL-01; PB-TEST-01,,5,4,2,1,3,3,3,5,5,HP-I1 implementation authorization
S-2.g,Seismic/SSI & Structural Analysis Methods,Shared,"1 - Methods, validation and topical reports",Engineering Process,2027-10-01,2030-06-30,True,"Execution definition complete; task-specific facility, supplier, and final design inputs remain subject to the listed hold points.",100,"Deliver Seismic/SSI & Structural Analysis Methods between 2027-10-01 and 2030-06-30 through a controlled sequence of implementation authorization, input/facility readiness, technical execution, independent verification, and downstream handoff. The producing lead is Mechanical Engineer; temporary laboratory, supplier, construction, or regulatory support is purchased only for defined products and acceptance evidence.",PB-MAT-01; PB-TEST-01,,5,3,2,1,3,3,3,5,2,HP-I1 implementation authorization
S-2.j,Design Control & Calculation Control Procedures,Shared,"1 - Methods, validation and topical reports",Engineering Process,2028-04-01,2030-12-30,True,"Execution definition complete; task-specific facility, supplier, and final design inputs remain subject to the listed hold points.",100,"Deliver Design Control & Calculation Control Procedures between 2028-04-01 and 2030-12-30 through a controlled sequence of implementation authorization, input/facility readiness, technical execution, independent verification, and downstream handoff. The producing lead is Operations/Training; temporary laboratory, supplier, construction, or regulatory support is purchased only for defined products and acceptance evidence.",PB-TEST-01,,5,3,2,1,3,3,3,5,2,HP-I1 implementation authorization
S-2.m,"Methods V&V, Benchmarking, and Evidence Repository",Shared,"1 - Methods, validation and topical reports",Engineering Process,2028-07-01,2031-03-30,True,"Execution definition complete; task-specific facility, supplier, and final design inputs remain subject to the listed hold points.",100,"Deliver Methods V&V, Benchmarking, and Evidence Repository between 2028-07-01 and 2031-03-30 through a controlled sequence of implementation authorization, input/facility readiness, technical execution, independent verification, and downstream handoff. The producing lead is Chief Engineer; temporary laboratory, supplier, construction, or regulatory support is purchased only for defined products and acceptance evidence.",PB-TEST-01,,5,3,2,1,3,3,3,5,2,HP-I1 implementation authorization
S-2.o,Human Factors Engineering (HFE) Methods Integration,Shared,"1 - Methods, validation and topical reports",Engineering Process,2028-10-01,2031-06-30,True,"Execution definition complete; task-specific facility, supplier, and final design inputs remain subject to the listed hold points.",100,"Deliver Human Factors Engineering (HFE) Methods Integration between 2028-10-01 and 2031-06-30 through a controlled sequence of implementation authorization, input/facility readiness, technical execution, independent verification, and downstream handoff. The producing lead is Operations/Training; temporary laboratory, supplier, construction, or regulatory support is purchased only for defined products and acceptance evidence.",PB-TEST-01,,5,3,2,1,3,3,3,5,2,HP-I1 implementation authorization
S-ITHF-01,"Program Charter, Mission, Success Criteria and Governance",Shared,2A - Integral 1:1 thermal-hydraulics facility,ITHF Definition and Scaling,2026-10-01,2026-12-31,True,"Execution definition complete; task-specific facility, supplier, and final design inputs remain subject to the listed hold points.",100,"Deliver Program Charter, Mission, Success Criteria and Governance between 2026-10-01 and 2026-12-31 through a controlled sequence of implementation authorization, input/facility readiness, technical execution, independent verification, and downstream handoff. The producing lead is Thermal-Hydraulics; temporary laboratory, supplier, construction, or regulatory support is purchased only for defined products and acceptance evidence.",PB-CHEM-01; PB-FACILITY-01; PB-TEST-01; PB-WASTE-01,,5,3,1,1,3,1,3,5,3,HP-I1 implementation authorization
S-ITHF-02,Phenomena Identification and Ranking Table (PIRT) and Validation Requirements,Shared,2A - Integral 1:1 thermal-hydraulics facility,ITHF Definition and Scaling,2026-10-01,2027-03-31,True,"Execution definition complete; task-specific facility, supplier, and final design inputs remain subject to the listed hold points.",100,"Deliver Phenomena Identification and Ranking Table (PIRT) and Validation Requirements between 2026-10-01 and 2027-03-31 through a controlled sequence of implementation authorization, input/facility readiness, technical execution, independent verification, and downstream handoff. The producing lead is Thermal-Hydraulics; temporary laboratory, supplier, construction, or regulatory support is purchased only for defined products and acceptance evidence.",PB-CHEM-01; PB-FACILITY-01; PB-FUEL-01; PB-TEST-01,,5,4,2,1,3,3,3,5,5,HP-I1 implementation authorization
S-ITHF-04,Dual-Concept Reference Design Data Package and Configuration Baseline,Shared,2A - Integral 1:1 thermal-hydraulics facility,ITHF Definition and Scaling,2026-10-01,2026-12-31,True,"Execution definition complete; task-specific facility, supplier, and final design inputs remain subject to the listed hold points.",100,"Deliver Dual-Concept Reference Design Data Package and Configuration Baseline between 2026-10-01 and 2026-12-31 through a controlled sequence of implementation authorization, input/facility readiness, technical execution, independent verification, and downstream handoff. The producing lead is Systems Engineer; temporary laboratory, supplier, construction, or regulatory support is purchased only for defined products and acceptance evidence.",PB-CHEM-01; PB-MAT-01; PB-MCA-01; PB-TEST-01,,5,4,5,1,3,1,3,5,3,HP-I1 implementation authorization
S-ITHF-06,"Host High-Bay Selection, Utility Survey and Site Integration Basis",Shared,2A - Integral 1:1 thermal-hydraulics facility,ITHF Definition and Scaling,2026-10-01,2026-12-31,True,"Execution definition complete; task-specific facility, supplier, and final design inputs remain subject to the listed hold points.",100,"Deliver Host High-Bay Selection, Utility Survey and Site Integration Basis between 2026-10-01 and 2026-12-31 through a controlled sequence of implementation authorization, input/facility readiness, technical execution, independent verification, and downstream handoff. The producing lead is Civil/Structural Engineer; temporary laboratory, supplier, construction, or regulatory support is purchased only for defined products and acceptance evidence.",PB-CHEM-01; PB-MAT-01; PB-TEST-01,,5,4,5,1,3,1,3,5,3,HP-I1 implementation authorization
S-ITHF-07,"Facility Classification, QA Grading and Licensing-Quality Data Plan",Shared,2A - Integral 1:1 thermal-hydraulics facility,ITHF Definition and Scaling,2026-10-01,2026-12-31,True,"Execution definition complete; task-specific facility, supplier, and final design inputs remain subject to the listed hold points.",100,"Deliver Facility Classification, QA Grading and Licensing-Quality Data Plan between 2026-10-01 and 2026-12-31 through a controlled sequence of implementation authorization, input/facility readiness, technical execution, independent verification, and downstream handoff. The producing lead is Quality Assurance; temporary laboratory, supplier, construction, or regulatory support is purchased only for defined products and acceptance evidence.",PB-SUPPLY-01; PB-TEST-01,,5,3,1,1,3,1,3,5,2,HP-I1 implementation authorization
S-ITHF-03,Scaling Analysis and Formal Definition of the 1:1 Configuration,Shared,2A - Integral 1:1 thermal-hydraulics facility,ITHF Definition and Scaling,2026-10-01,2027-03-31,True,"Execution definition complete; task-specific facility, supplier, and final design inputs remain subject to the listed hold points.",100,"Deliver Scaling Analysis and Formal Definition of the 1:1 Configuration between 2026-10-01 and 2027-03-31 through a controlled sequence of implementation authorization, input/facility readiness, technical execution, independent verification, and downstream handoff. The producing lead is Thermal-Hydraulics; temporary laboratory, supplier, construction, or regulatory support is purchased only for defined products and acceptance evidence.",PB-CHEM-01; PB-FUEL-01; PB-TEST-01; PB-WASTE-01,,5,4,2,1,3,3,3,5,5,HP-I1 implementation authorization
S-ITHF-05,"Representative Salt Selection, Procurement Specification and Similarity Qualification",Shared,2A - Integral 1:1 thermal-hydraulics facility,ITHF Definition and Scaling,2026-10-01,2027-03-31,True,"Execution definition complete; task-specific facility, supplier, and final design inputs remain subject to the listed hold points.",100,"Deliver Representative Salt Selection, Procurement Specification and Similarity Qualification between 2026-10-01 and 2027-03-31 through a controlled sequence of implementation authorization, input/facility readiness, technical execution, independent verification, and downstream handoff. The producing lead is Fuel/Materials Engineer; temporary laboratory, supplier, construction, or regulatory support is purchased only for defined products and acceptance evidence.",PB-CHEM-01; PB-FACILITY-01; PB-FUEL-01; PB-MAT-01; PB-SUPPLY-01; PB-TEST-01; PB-WASTE-01,,5,4,5,1,3,4,4,5,5,HP-I1 implementation authorization
S-ITHF-08,"Process Hazards Analysis, FMEA/HAZOP and Facility Safety Basis",Shared,2A - Integral 1:1 thermal-hydraulics facility,ITHF Concept Design,2026-12-01,2027-06-30,True,"Execution definition complete; task-specific facility, supplier, and final design inputs remain subject to the listed hold points.",100,"Deliver Process Hazards Analysis, FMEA/HAZOP and Facility Safety Basis between 2026-12-01 and 2027-06-30 through a controlled sequence of implementation authorization, input/facility readiness, technical execution, independent verification, and downstream handoff. The producing lead is Safety Analysis; temporary laboratory, supplier, construction, or regulatory support is purchased only for defined products and acceptance evidence.",PB-CHEM-01; PB-TEST-01,,5,4,5,1,3,1,3,5,3,HP-I1 implementation authorization
S-ITHF-09,"System Architecture, PFDs, Mass/Energy Balance and Operating Modes",Shared,2A - Integral 1:1 thermal-hydraulics facility,ITHF Concept Design,2026-12-01,2027-03-31,True,"Execution definition complete; task-specific facility, supplier, and final design inputs remain subject to the listed hold points.",100,"Deliver System Architecture, PFDs, Mass/Energy Balance and Operating Modes between 2026-12-01 and 2027-03-31 through a controlled sequence of implementation authorization, input/facility readiness, technical execution, independent verification, and downstream handoff. The producing lead is Thermal-Hydraulics; temporary laboratory, supplier, construction, or regulatory support is purchased only for defined products and acceptance evidence.",PB-CHEM-01; PB-FUEL-01; PB-MCA-01; PB-TEST-01,,5,4,5,1,3,1,3,5,5,HP-I1 implementation authorization
S-ITHF-10,Primary Loop Thermal-Hydraulic Design and Pump/Valve Selection,Shared,2A - Integral 1:1 thermal-hydraulics facility,ITHF Concept Design,2026-12-01,2027-06-30,True,"Execution definition complete; task-specific facility, supplier, and final design inputs remain subject to the listed hold points.",100,"Deliver Primary Loop Thermal-Hydraulic Design and Pump/Valve Selection between 2026-12-01 and 2027-06-30 through a controlled sequence of implementation authorization, input/facility readiness, technical execution, independent verification, and downstream handoff. The producing lead is Thermal-Hydraulics; temporary laboratory, supplier, construction, or regulatory support is purchased only for defined products and acceptance evidence.",PB-CHEM-01; PB-FUEL-01; PB-MAT-01; PB-MCA-01; PB-TEST-01,,5,4,5,1,3,1,3,5,5,HP-I1 implementation authorization
S-ITHF-11,"Electrical Heater, Power Supply and Heat-Input Design",Shared,2A - Integral 1:1 thermal-hydraulics facility,ITHF Concept Design,2026-12-01,2027-06-30,True,"Execution definition complete; task-specific facility, supplier, and final design inputs remain subject to the listed hold points.",100,"Deliver Electrical Heater, Power Supply and Heat-Input Design between 2026-12-01 and 2027-06-30 through a controlled sequence of implementation authorization, input/facility readiness, technical execution, independent verification, and downstream handoff. The producing lead is Electrical Engineer; temporary laboratory, supplier, construction, or regulatory support is purchased only for defined products and acceptance evidence.",PB-CHEM-01; PB-TEST-01,,5,3,5,1,3,1,3,5,3,HP-I1 implementation authorization
S-ITHF-12,"Heat Rejection, Secondary Loop and Ultimate Heat-Sink Design",Shared,2A - Integral 1:1 thermal-hydraulics facility,ITHF Concept Design,2026-12-01,2027-06-30,True,"Execution definition complete; task-specific facility, supplier, and final design inputs remain subject to the listed hold points.",100,"Deliver Heat Rejection, Secondary Loop and Ultimate Heat-Sink Design between 2026-12-01 and 2027-06-30 through a controlled sequence of implementation authorization, input/facility readiness, technical execution, independent verification, and downstream handoff. The producing lead is Thermal-Hydraulics; temporary laboratory, supplier, construction, or regulatory support is purchased only for defined products and acceptance evidence.",PB-CHEM-01; PB-FUEL-01; PB-MAT-01; PB-TEST-01,,5,4,5,1,3,1,3,5,5,HP-I1 implementation authorization
S-ITHF-13,"Freeze Protection, Drain, Trace-Heat and Recovery Architecture",Shared,2A - Integral 1:1 thermal-hydraulics facility,ITHF Concept Design,2027-01-01,2027-06-30,True,"Execution definition complete; task-specific facility, supplier, and final design inputs remain subject to the listed hold points.",100,"Deliver Freeze Protection, Drain, Trace-Heat and Recovery Architecture between 2027-01-01 and 2027-06-30 through a controlled sequence of implementation authorization, input/facility readiness, technical execution, independent verification, and downstream handoff. The producing lead is Thermal-Hydraulics; temporary laboratory, supplier, construction, or regulatory support is purchased only for defined products and acceptance evidence.",PB-CHEM-01; PB-FUEL-01; PB-TEST-01; PB-WASTE-01,,5,4,5,1,3,1,3,5,5,HP-I1 implementation authorization
S-ITHF-14,"Cover-Gas, Gas Entrainment and Off-Gas Analog System Design",Shared,2A - Integral 1:1 thermal-hydraulics facility,ITHF Concept Design,2027-01-01,2027-06-30,True,"Execution definition complete; task-specific facility, supplier, and final design inputs remain subject to the listed hold points.",100,"Deliver Cover-Gas, Gas Entrainment and Off-Gas Analog System Design between 2027-01-01 and 2027-06-30 through a controlled sequence of implementation authorization, input/facility readiness, technical execution, independent verification, and downstream handoff. The producing lead is Mechanical Engineer; temporary laboratory, supplier, construction, or regulatory support is purchased only for defined products and acceptance evidence.",PB-CHEM-01; PB-FP-01; PB-SUPPLY-01; PB-TEST-01,,5,3,5,1,3,1,3,5,3,HP-I1 implementation authorization
S-ITHF-21,"Instrumentation Selection, Placement and Measurement-Uncertainty Design",Shared,2A - Integral 1:1 thermal-hydraulics facility,ITHF Detailed Design,2027-04-01,2027-12-31,True,"Execution definition complete; task-specific facility, supplier, and final design inputs remain subject to the listed hold points.",100,"Deliver Instrumentation Selection, Placement and Measurement-Uncertainty Design between 2027-04-01 and 2027-12-31 through a controlled sequence of implementation authorization, input/facility readiness, technical execution, independent verification, and downstream handoff. The producing lead is I&C/Digital Engineer; temporary laboratory, supplier, construction, or regulatory support is purchased only for defined products and acceptance evidence.",PB-CHEM-01; PB-MAT-01; PB-TEST-01,,5,3,5,1,3,1,3,5,3,HP-I1 implementation authorization
S-ITHF-17,"Materials, Joining, Coatings and Corrosion-Monitoring Detailed Design",Shared,2A - Integral 1:1 thermal-hydraulics facility,ITHF Detailed Design,2027-04-01,2027-12-31,True,"Execution definition complete; task-specific facility, supplier, and final design inputs remain subject to the listed hold points.",100,"Deliver Materials, Joining, Coatings and Corrosion-Monitoring Detailed Design between 2027-04-01 and 2027-12-31 through a controlled sequence of implementation authorization, input/facility readiness, technical execution, independent verification, and downstream handoff. The producing lead is Fuel/Materials Engineer; temporary laboratory, supplier, construction, or regulatory support is purchased only for defined products and acceptance evidence.",PB-CHEM-01; PB-MAT-01; PB-SUPPLY-01; PB-TEST-01,,5,4,5,2,3,1,3,5,4,HP-I1 implementation authorization
S-ITHF-22,"Civil/Structural, Layout, Rigging, Ventilation and Maintainability Detailed Design",Shared,2A - Integral 1:1 thermal-hydraulics facility,ITHF Detailed Design,2027-04-01,2027-12-31,True,"Execution definition complete; task-specific facility, supplier, and final design inputs remain subject to the listed hold points.",100,"Deliver Civil/Structural, Layout, Rigging, Ventilation and Maintainability Detailed Design between 2027-04-01 and 2027-12-31 through a controlled sequence of implementation authorization, input/facility readiness, technical execution, independent verification, and downstream handoff. The producing lead is Civil/Structural Engineer; temporary laboratory, supplier, construction, or regulatory support is purchased only for defined products and acceptance evidence.",PB-MAT-01; PB-SUPPLY-01; PB-TEST-01,,5,3,5,1,3,1,3,5,2,HP-I1 implementation authorization
S-ITHF-16,"Mechanical, Vessel, Piping, Pump and Valve Detailed Design",Shared,2A - Integral 1:1 thermal-hydraulics facility,ITHF Detailed Design,2027-04-01,2027-12-31,True,"Execution definition complete; task-specific facility, supplier, and final design inputs remain subject to the listed hold points.",100,"Deliver Mechanical, Vessel, Piping, Pump and Valve Detailed Design between 2027-04-01 and 2027-12-31 through a controlled sequence of implementation authorization, input/facility readiness, technical execution, independent verification, and downstream handoff. The producing lead is Mechanical Engineer; temporary laboratory, supplier, construction, or regulatory support is purchased only for defined products and acceptance evidence.",PB-CHEM-01; PB-FUEL-01; PB-MAT-01; PB-SUPPLY-01; PB-TEST-01,,5,4,5,1,3,1,3,5,5,HP-I1 implementation authorization
S-ITHF-18,"Salt Preparation, Storage, Transfer, Cleanup and Sampling System Design",Shared,2A - Integral 1:1 thermal-hydraulics facility,ITHF Detailed Design,2027-04-01,2027-12-31,True,"Execution definition complete; task-specific facility, supplier, and final design inputs remain subject to the listed hold points.",100,"Deliver Salt Preparation, Storage, Transfer, Cleanup and Sampling System Design between 2027-04-01 and 2027-12-31 through a controlled sequence of implementation authorization, input/facility readiness, technical execution, independent verification, and downstream handoff. The producing lead is Fuel/Materials Engineer; temporary laboratory, supplier, construction, or regulatory support is purchased only for defined products and acceptance evidence.",PB-CHEM-01; PB-FUEL-01; PB-MAT-01; PB-MCA-01; PB-SUPPLY-01; PB-TEST-01; PB-WASTE-01,,5,4,5,2,3,1,3,5,6,HP-I1 implementation authorization
S-ITHF-20,"I&C, Control Logic, Trips/Interlocks, DAQ and Cyber/Data Architecture",Shared,2A - Integral 1:1 thermal-hydraulics facility,ITHF Detailed Design,2027-04-01,2027-12-31,True,"Execution definition complete; task-specific facility, supplier, and final design inputs remain subject to the listed hold points.",100,"Deliver I&C, Control Logic, Trips/Interlocks, DAQ and Cyber/Data Architecture between 2027-04-01 and 2027-12-31 through a controlled sequence of implementation authorization, input/facility readiness, technical execution, independent verification, and downstream handoff. The producing lead is I&C/Digital Engineer; temporary laboratory, supplier, construction, or regulatory support is purchased only for defined products and acceptance evidence.",PB-CHEM-01; PB-MCA-01; PB-TEST-01,,5,3,5,1,3,1,3,5,3,HP-I1 implementation authorization
S-ITHF-19,"Electrical Distribution, Grounding, Protection and Heat-Trace Detailed Design",Shared,2A - Integral 1:1 thermal-hydraulics facility,ITHF Detailed Design,2027-04-01,2027-12-31,True,"Execution definition complete; task-specific facility, supplier, and final design inputs remain subject to the listed hold points.",100,"Deliver Electrical Distribution, Grounding, Protection and Heat-Trace Detailed Design between 2027-04-01 and 2027-12-31 through a controlled sequence of implementation authorization, input/facility readiness, technical execution, independent verification, and downstream handoff. The producing lead is Electrical Engineer; temporary laboratory, supplier, construction, or regulatory support is purchased only for defined products and acceptance evidence.",PB-CHEM-01; PB-TEST-01,,5,3,5,1,3,1,3,5,3,HP-I1 implementation authorization
S-ITHF-15,Preliminary Design Review (PDR) and Authorization for Detailed Design,Shared,2A - Integral 1:1 thermal-hydraulics facility,ITHF Concept Design,2027-01-01,2027-06-30,True,"Execution definition complete; task-specific facility, supplier, and final design inputs remain subject to the listed hold points.",100,"Deliver Preliminary Design Review (PDR) and Authorization for Detailed Design between 2027-01-01 and 2027-06-30 through a controlled sequence of implementation authorization, input/facility readiness, technical execution, independent verification, and downstream handoff. The producing lead is Thermal-Hydraulics; temporary laboratory, supplier, construction, or regulatory support is purchased only for defined products and acceptance evidence.",PB-SUPPLY-01; PB-TEST-01,,5,3,1,1,3,1,3,5,2,HP-I1 implementation authorization
S-ITHF-24,"Supplier Qualification, Procurement Specifications and Source Surveillance Plan",Shared,2A - Integral 1:1 thermal-hydraulics facility,ITHF Procurement and Construction,2027-07-01,2027-12-31,True,"Execution definition complete; task-specific facility, supplier, and final design inputs remain subject to the listed hold points.",100,"Deliver Supplier Qualification, Procurement Specifications and Source Surveillance Plan between 2027-07-01 and 2027-12-31 through a controlled sequence of implementation authorization, input/facility readiness, technical execution, independent verification, and downstream handoff. The producing lead is Procurement/Supply Chain; temporary laboratory, supplier, construction, or regulatory support is purchased only for defined products and acceptance evidence.",PB-FACILITY-01; PB-MAT-01; PB-SUPPLY-01; PB-TEST-01,,5,3,5,1,3,1,3,5,2,HP-I1 implementation authorization
S-ITHF-47,ITHF Controlled Direct Contingency for Defined Construction and Test Risks,Shared,2A - Integral 1:1 thermal-hydraulics facility,ITHF Program Reserve,2029-07-01,2031-09-30,True,"Execution definition complete; task-specific facility, supplier, and final design inputs remain subject to the listed hold points.",100,"Deliver ITHF Controlled Direct Contingency for Defined Construction and Test Risks between 2029-07-01 and 2031-09-30 through a controlled sequence of implementation authorization, input/facility readiness, technical execution, independent verification, and downstream handoff. The producing lead is Thermal-Hydraulics; temporary laboratory, supplier, construction, or regulatory support is purchased only for defined products and acceptance evidence.",PB-SUPPLY-01; PB-TEST-01,,5,3,1,1,3,1,3,5,2,HP-I1 implementation authorization
S-ITHF-25,Long-Lead Equipment Procurement and Vendor Engineering,Shared,2A - Integral 1:1 thermal-hydraulics facility,ITHF Procurement and Construction,2027-07-01,2028-03-31,True,"Execution definition complete; task-specific facility, supplier, and final design inputs remain subject to the listed hold points.",100,"Deliver Long-Lead Equipment Procurement and Vendor Engineering between 2027-07-01 and 2028-03-31 through a controlled sequence of implementation authorization, input/facility readiness, technical execution, independent verification, and downstream handoff. The producing lead is Procurement/Supply Chain; temporary laboratory, supplier, construction, or regulatory support is purchased only for defined products and acceptance evidence.",PB-FACILITY-01; PB-MAT-01; PB-SUPPLY-01; PB-TEST-01,,5,3,5,1,3,4,4,5,2,HP-I1 implementation authorization
S-ITHF-23,"Critical Design Review (CDR), Design Freeze and Authorization to Procure/Construct",Shared,2A - Integral 1:1 thermal-hydraulics facility,ITHF Detailed Design,2027-10-01,2027-12-31,True,"Execution definition complete; task-specific facility, supplier, and final design inputs remain subject to the listed hold points.",100,"Deliver Critical Design Review (CDR), Design Freeze and Authorization to Procure/Construct between 2027-10-01 and 2027-12-31 through a controlled sequence of implementation authorization, input/facility readiness, technical execution, independent verification, and downstream handoff. The producing lead is Thermal-Hydraulics; temporary laboratory, supplier, construction, or regulatory support is purchased only for defined products and acceptance evidence.",PB-FACILITY-01; PB-SUPPLY-01; PB-TEST-01,,5,3,1,1,3,1,3,5,2,HP-I1 implementation authorization
S-ITHF-26,"Facility Equipment Fabrication, Shop Assembly and Source Inspection",Shared,2A - Integral 1:1 thermal-hydraulics facility,ITHF Procurement and Construction,2027-10-01,2028-06-30,True,"Execution definition complete; task-specific facility, supplier, and final design inputs remain subject to the listed hold points.",100,"Deliver Facility Equipment Fabrication, Shop Assembly and Source Inspection between 2027-10-01 and 2028-06-30 through a controlled sequence of implementation authorization, input/facility readiness, technical execution, independent verification, and downstream handoff. The producing lead is Construction Manager; temporary laboratory, supplier, construction, or regulatory support is purchased only for defined products and acceptance evidence.",PB-MAT-01; PB-SUPPLY-01; PB-TEST-01; PB-WASTE-01,,5,3,5,1,3,4,4,5,2,HP-I1 implementation authorization
S-ITHF-27,"Host Facility Modifications, Utilities, Ventilation, Fire Protection and Foundations",Shared,2A - Integral 1:1 thermal-hydraulics facility,ITHF Procurement and Construction,2027-10-01,2028-06-30,True,"Execution definition complete; task-specific facility, supplier, and final design inputs remain subject to the listed hold points.",100,"Deliver Host Facility Modifications, Utilities, Ventilation, Fire Protection and Foundations between 2027-10-01 and 2028-06-30 through a controlled sequence of implementation authorization, input/facility readiness, technical execution, independent verification, and downstream handoff. The producing lead is Construction Manager; temporary laboratory, supplier, construction, or regulatory support is purchased only for defined products and acceptance evidence.",PB-MAT-01; PB-SUPPLY-01; PB-TEST-01,,5,3,5,1,3,1,3,5,2,HP-I1 implementation authorization
S-ITHF-28,Salt Preparation/Transfer System Fabrication and Representative Salt Procurement/Purification,Shared,2A - Integral 1:1 thermal-hydraulics facility,ITHF Procurement and Construction,2028-01-01,2028-06-30,True,"Execution definition complete; task-specific facility, supplier, and final design inputs remain subject to the listed hold points.",100,"Deliver Salt Preparation/Transfer System Fabrication and Representative Salt Procurement/Purification between 2028-01-01 and 2028-06-30 through a controlled sequence of implementation authorization, input/facility readiness, technical execution, independent verification, and downstream handoff. The producing lead is Fuel/Materials Engineer; temporary laboratory, supplier, construction, or regulatory support is purchased only for defined products and acceptance evidence.",PB-CHEM-01; PB-FACILITY-01; PB-FP-01; PB-MAT-01; PB-MCA-01; PB-SUPPLY-01; PB-TEST-01,,5,4,5,3,3,4,5,5,3,HP-I1 implementation authorization
S-ITHF-29,"Electrical/I&C Panels, DAQ, Historian and Control Software Build/FAT",Shared,2A - Integral 1:1 thermal-hydraulics facility,ITHF Procurement and Construction,2028-01-01,2028-06-30,True,"Execution definition complete; task-specific facility, supplier, and final design inputs remain subject to the listed hold points.",100,"Deliver Electrical/I&C Panels, DAQ, Historian and Control Software Build/FAT between 2028-01-01 and 2028-06-30 through a controlled sequence of implementation authorization, input/facility readiness, technical execution, independent verification, and downstream handoff. The producing lead is I&C/Digital Engineer; temporary laboratory, supplier, construction, or regulatory support is purchased only for defined products and acceptance evidence.",PB-MAT-01; PB-SUPPLY-01; PB-TEST-01,,5,3,5,1,3,1,3,5,2,HP-I1 implementation authorization
S-ITHF-30,"Factory Acceptance Tests, Receiving Inspection and Preservation",Shared,2A - Integral 1:1 thermal-hydraulics facility,ITHF Procurement and Construction,2028-01-01,2028-06-30,True,"Execution definition complete; task-specific facility, supplier, and final design inputs remain subject to the listed hold points.",100,"Deliver Factory Acceptance Tests, Receiving Inspection and Preservation between 2028-01-01 and 2028-06-30 through a controlled sequence of implementation authorization, input/facility readiness, technical execution, independent verification, and downstream handoff. The producing lead is Test/Commissioning Engineer; temporary laboratory, supplier, construction, or regulatory support is purchased only for defined products and acceptance evidence.",PB-FUEL-01; PB-MAT-01; PB-MCA-01; PB-SUPPLY-01; PB-TEST-01,,6,4,5,1,3,4,3,5,4,HP-I1 implementation authorization
S-ITHF-41,"Pre-Test Predictions, Blind Acceptance Envelopes and Analysis Readiness",Shared,2A - Integral 1:1 thermal-hydraulics facility,ITHF Validation and Data Qualification,2028-10-01,2028-12-31,True,"Execution definition complete; task-specific facility, supplier, and final design inputs remain subject to the listed hold points.",100,"Deliver Pre-Test Predictions, Blind Acceptance Envelopes and Analysis Readiness between 2028-10-01 and 2028-12-31 through a controlled sequence of implementation authorization, input/facility readiness, technical execution, independent verification, and downstream handoff. The producing lead is Thermal-Hydraulics; temporary laboratory, supplier, construction, or regulatory support is purchased only for defined products and acceptance evidence.",PB-CHEM-01; PB-FACILITY-01; PB-FUEL-01; PB-TEST-01,,5,4,2,1,3,3,3,5,5,HP-I1 implementation authorization
S-ITHF-31,"Site Installation, Insulation, Trace Heat, Cabling and Integrated Assembly",Shared,2A - Integral 1:1 thermal-hydraulics facility,ITHF Procurement and Construction,2028-04-01,2028-06-30,True,"Execution definition complete; task-specific facility, supplier, and final design inputs remain subject to the listed hold points.",100,"Deliver Site Installation, Insulation, Trace Heat, Cabling and Integrated Assembly between 2028-04-01 and 2028-06-30 through a controlled sequence of implementation authorization, input/facility readiness, technical execution, independent verification, and downstream handoff. The producing lead is Construction Manager; temporary laboratory, supplier, construction, or regulatory support is purchased only for defined products and acceptance evidence.",PB-FUEL-01; PB-MAT-01; PB-SUPPLY-01; PB-TEST-01,,5,4,5,1,3,4,3,5,4,HP-I1 implementation authorization
S-ITHF-34,"Integrated Test Readiness Review, Procedures and Blind-Prediction Baseline",Shared,2A - Integral 1:1 thermal-hydraulics facility,ITHF Commissioning,2028-04-01,2028-09-30,True,"Execution definition complete; task-specific facility, supplier, and final design inputs remain subject to the listed hold points.",100,"Deliver Integrated Test Readiness Review, Procedures and Blind-Prediction Baseline between 2028-04-01 and 2028-09-30 through a controlled sequence of implementation authorization, input/facility readiness, technical execution, independent verification, and downstream handoff. The producing lead is Test/Commissioning Engineer; temporary laboratory, supplier, construction, or regulatory support is purchased only for defined products and acceptance evidence.",PB-CHEM-01; PB-FACILITY-01; PB-TEST-01,,6,5,5,1,3,4,3,5,3,HP-I1 implementation authorization
S-ITHF-32,"Pre-Commissioning, Dry Checks, Pressure/Leak Tests and System Turnover",Shared,2A - Integral 1:1 thermal-hydraulics facility,ITHF Commissioning,2028-04-01,2028-09-30,True,"Execution definition complete; task-specific facility, supplier, and final design inputs remain subject to the listed hold points.",100,"Deliver Pre-Commissioning, Dry Checks, Pressure/Leak Tests and System Turnover between 2028-04-01 and 2028-09-30 through a controlled sequence of implementation authorization, input/facility readiness, technical execution, independent verification, and downstream handoff. The producing lead is Test/Commissioning Engineer; temporary laboratory, supplier, construction, or regulatory support is purchased only for defined products and acceptance evidence.",PB-TEST-01,,6,4,5,1,3,4,3,5,2,HP-I1 implementation authorization
S-ITHF-33,"Heat-Up, Trace-Heat, Thermal Expansion and Hot Inert Commissioning",Shared,2A - Integral 1:1 thermal-hydraulics facility,ITHF Commissioning,2028-04-01,2028-09-30,True,"Execution definition complete; task-specific facility, supplier, and final design inputs remain subject to the listed hold points.",100,"Deliver Heat-Up, Trace-Heat, Thermal Expansion and Hot Inert Commissioning between 2028-04-01 and 2028-09-30 through a controlled sequence of implementation authorization, input/facility readiness, technical execution, independent verification, and downstream handoff. The producing lead is Test/Commissioning Engineer; temporary laboratory, supplier, construction, or regulatory support is purchased only for defined products and acceptance evidence.",PB-CHEM-01; PB-TEST-01; PB-WASTE-01,,6,5,5,1,3,4,3,5,3,HP-I1 implementation authorization
S-ITHF-44,"Facility Operations, Maintenance, Calibration, Spares and Configuration Program",Shared,2A - Integral 1:1 thermal-hydraulics facility,ITHF Operations,2028-07-01,2030-12-31,True,"Execution definition complete; task-specific facility, supplier, and final design inputs remain subject to the listed hold points.",100,"Deliver Facility Operations, Maintenance, Calibration, Spares and Configuration Program between 2028-07-01 and 2030-12-31 through a controlled sequence of implementation authorization, input/facility readiness, technical execution, independent verification, and downstream handoff. The producing lead is Operations/Training; temporary laboratory, supplier, construction, or regulatory support is purchased only for defined products and acceptance evidence.",PB-CHEM-01; PB-TEST-01,,5,3,1,1,3,4,3,5,3,HP-I1 implementation authorization
S-ITHF-35,"First Salt Load, Circulation, Shakedown and Baseline Operating Map",Shared,2A - Integral 1:1 thermal-hydraulics facility,ITHF Commissioning,2028-07-01,2028-09-30,True,"Execution definition complete; task-specific facility, supplier, and final design inputs remain subject to the listed hold points.",100,"Deliver First Salt Load, Circulation, Shakedown and Baseline Operating Map between 2028-07-01 and 2028-09-30 through a controlled sequence of implementation authorization, input/facility readiness, technical execution, independent verification, and downstream handoff. The producing lead is Test/Commissioning Engineer; temporary laboratory, supplier, construction, or regulatory support is purchased only for defined products and acceptance evidence.",PB-CHEM-01; PB-MCA-01; PB-TEST-01; PB-WASTE-01,,6,5,5,1,3,4,3,5,3,HP-I1 implementation authorization
S-ITHF-36,"Steady-State Operating Map, Pressure Loss, Heat Balance and Component Performance Tests",Shared,2A - Integral 1:1 thermal-hydraulics facility,ITHF Test Campaigns,2028-07-01,2028-12-31,True,"Execution definition complete; task-specific facility, supplier, and final design inputs remain subject to the listed hold points.",100,"Deliver Steady-State Operating Map, Pressure Loss, Heat Balance and Component Performance Tests between 2028-07-01 and 2028-12-31 through a controlled sequence of implementation authorization, input/facility readiness, technical execution, independent verification, and downstream handoff. The producing lead is Thermal-Hydraulics; temporary laboratory, supplier, construction, or regulatory support is purchased only for defined products and acceptance evidence.",PB-CHEM-01; PB-FUEL-01; PB-MCA-01; PB-SUPPLY-01; PB-TEST-01,,6,5,5,1,3,4,3,5,5,HP-I1 implementation authorization
S-ITHF-42,"Post-Test Model Validation, Uncertainty Quantification and Discrepancy Closure",Shared,2A - Integral 1:1 thermal-hydraulics facility,ITHF Validation and Data Qualification,2028-10-01,2029-09-30,True,"Execution definition complete; task-specific facility, supplier, and final design inputs remain subject to the listed hold points.",100,"Deliver Post-Test Model Validation, Uncertainty Quantification and Discrepancy Closure between 2028-10-01 and 2029-09-30 through a controlled sequence of implementation authorization, input/facility readiness, technical execution, independent verification, and downstream handoff. The producing lead is Thermal-Hydraulics; temporary laboratory, supplier, construction, or regulatory support is purchased only for defined products and acceptance evidence.",PB-CHEM-01; PB-FACILITY-01; PB-FUEL-01; PB-TEST-01; PB-WASTE-01,,5,4,2,1,3,3,3,5,5,HP-I1 implementation authorization
S-ITHF-45,"Long-Duration Chemistry, Corrosion, Instrument Drift and Thermal-Cycling Endurance Campaign",Shared,2A - Integral 1:1 thermal-hydraulics facility,ITHF Operations,2028-07-01,2030-06-30,True,"Execution definition complete; task-specific facility, supplier, and final design inputs remain subject to the listed hold points.",100,"Deliver Long-Duration Chemistry, Corrosion, Instrument Drift and Thermal-Cycling Endurance Campaign between 2028-07-01 and 2030-06-30 through a controlled sequence of implementation authorization, input/facility readiness, technical execution, independent verification, and downstream handoff. The producing lead is Fuel/Materials Engineer; temporary laboratory, supplier, construction, or regulatory support is purchased only for defined products and acceptance evidence.",PB-CHEM-01; PB-FACILITY-01; PB-MAT-01; PB-SUPPLY-01; PB-TEST-01; PB-WASTE-01,,6,5,5,2,3,4,3,5,4,HP-I1 implementation authorization
S-ITHF-37,"Load-Following, Power Ramp, Startup/Shutdown and Control-System Response Tests",Shared,2A - Integral 1:1 thermal-hydraulics facility,ITHF Test Campaigns,2028-07-01,2029-03-31,True,"Execution definition complete; task-specific facility, supplier, and final design inputs remain subject to the listed hold points.",100,"Deliver Load-Following, Power Ramp, Startup/Shutdown and Control-System Response Tests between 2028-07-01 and 2029-03-31 through a controlled sequence of implementation authorization, input/facility readiness, technical execution, independent verification, and downstream handoff. The producing lead is Thermal-Hydraulics; temporary laboratory, supplier, construction, or regulatory support is purchased only for defined products and acceptance evidence.",PB-CHEM-01; PB-FUEL-01; PB-TEST-01,,6,5,5,1,3,4,3,5,5,HP-I1 implementation authorization
S-ITHF-43,"Qualified Test Database, Methods Topical Integration and NRC Audit Package",Shared,2A - Integral 1:1 thermal-hydraulics facility,ITHF Validation and Data Qualification,2029-01-01,2029-12-31,True,"Execution definition complete; task-specific facility, supplier, and final design inputs remain subject to the listed hold points.",100,"Deliver Qualified Test Database, Methods Topical Integration and NRC Audit Package between 2029-01-01 and 2029-12-31 through a controlled sequence of implementation authorization, input/facility readiness, technical execution, independent verification, and downstream handoff. The producing lead is Data/Software Engineer; temporary laboratory, supplier, construction, or regulatory support is purchased only for defined products and acceptance evidence.",PB-CHEM-01; PB-FACILITY-01; PB-SUPPLY-01; PB-TEST-01,,5,3,2,1,3,3,3,5,3,HP-I1 implementation authorization
S-ITHF-38,"Natural Circulation, Pump Coastdown, Loss-of-Flow and Loss-of-Heat-Sink Tests",Shared,2A - Integral 1:1 thermal-hydraulics facility,ITHF Test Campaigns,2028-10-01,2029-03-31,True,"Execution definition complete; task-specific facility, supplier, and final design inputs remain subject to the listed hold points.",100,"Deliver Natural Circulation, Pump Coastdown, Loss-of-Flow and Loss-of-Heat-Sink Tests between 2028-10-01 and 2029-03-31 through a controlled sequence of implementation authorization, input/facility readiness, technical execution, independent verification, and downstream handoff. The producing lead is Thermal-Hydraulics; temporary laboratory, supplier, construction, or regulatory support is purchased only for defined products and acceptance evidence.",PB-CHEM-01; PB-FUEL-01; PB-MCA-01; PB-TEST-01,,6,5,5,1,3,4,3,5,5,HP-I1 implementation authorization
S-ITHF-39,"Freeze Initiation, Freeze-Plug, Thaw, Drain and Recovery Tests",Shared,2A - Integral 1:1 thermal-hydraulics facility,ITHF Test Campaigns,2028-10-01,2029-06-30,True,"Execution definition complete; task-specific facility, supplier, and final design inputs remain subject to the listed hold points.",100,"Deliver Freeze Initiation, Freeze-Plug, Thaw, Drain and Recovery Tests between 2028-10-01 and 2029-06-30 through a controlled sequence of implementation authorization, input/facility readiness, technical execution, independent verification, and downstream handoff. The producing lead is Thermal-Hydraulics; temporary laboratory, supplier, construction, or regulatory support is purchased only for defined products and acceptance evidence.",PB-CHEM-01; PB-FUEL-01; PB-MCA-01; PB-TEST-01,,6,5,5,1,3,4,3,5,5,HP-I1 implementation authorization
S-ITHF-40,"Gas Entrainment, Cavitation, Free-Surface, Bypass and Off-Gas Analog Tests",Shared,2A - Integral 1:1 thermal-hydraulics facility,ITHF Test Campaigns,2028-10-01,2029-06-30,True,"Execution definition complete; task-specific facility, supplier, and final design inputs remain subject to the listed hold points.",100,"Deliver Gas Entrainment, Cavitation, Free-Surface, Bypass and Off-Gas Analog Tests between 2028-10-01 and 2029-06-30 through a controlled sequence of implementation authorization, input/facility readiness, technical execution, independent verification, and downstream handoff. The producing lead is Thermal-Hydraulics; temporary laboratory, supplier, construction, or regulatory support is purchased only for defined products and acceptance evidence.",PB-CHEM-01; PB-FP-01; PB-FUEL-01; PB-MCA-01; PB-SUPPLY-01; PB-TEST-01,,6,5,5,1,3,4,3,5,5,HP-I1 implementation authorization
S-ITHF-46,"Facility Layup, Salt Removal, Decontamination, Decommissioning and Reuse Plan",Shared,2A - Integral 1:1 thermal-hydraulics facility,ITHF End State,2031-01-01,2031-12-31,True,"Execution definition complete; task-specific facility, supplier, and final design inputs remain subject to the listed hold points.",100,"Deliver Facility Layup, Salt Removal, Decontamination, Decommissioning and Reuse Plan between 2031-01-01 and 2031-12-31 through a controlled sequence of implementation authorization, input/facility readiness, technical execution, independent verification, and downstream handoff. The producing lead is Operations/Training; temporary laboratory, supplier, construction, or regulatory support is purchased only for defined products and acceptance evidence.",PB-CHEM-01; PB-MAT-01; PB-SUPPLY-01; PB-TEST-01; PB-WASTE-01,,6,5,5,1,3,4,3,5,3,HP-I1 implementation authorization
S-INL-01,"INL partnership, scope, governance and integrated project charter",Shared,2B - INL critical demonstration experiment,INL Program Definition,2026-10-01,2026-12-31,True,"Execution definition complete; task-specific facility, supplier, and final design inputs remain subject to the listed hold points.",100,"Deliver INL partnership, scope, governance and integrated project charter between 2026-10-01 and 2026-12-31 through a controlled sequence of implementation authorization, input/facility readiness, technical execution, independent verification, and downstream handoff. The producing lead is Chief Technology Officer; temporary laboratory, supplier, construction, or regulatory support is purchased only for defined products and acceptance evidence.",PB-MAT-01; PB-MCA-01; PB-TEST-01,,5,3,1,1,3,1,3,5,2,HP-I1 implementation authorization
S-INL-02,"Critical-experiment PIRT, measurement objectives and data-requirements matrix",Shared,2B - INL critical demonstration experiment,INL Program Definition,2026-10-01,2026-12-31,True,"Execution definition complete; task-specific facility, supplier, and final design inputs remain subject to the listed hold points.",100,"Deliver Critical-experiment PIRT, measurement objectives and data-requirements matrix between 2026-10-01 and 2026-12-31 through a controlled sequence of implementation authorization, input/facility readiness, technical execution, independent verification, and downstream handoff. The producing lead is Reactor Physics; temporary laboratory, supplier, construction, or regulatory support is purchased only for defined products and acceptance evidence.",PB-CHEM-01; PB-FUEL-01; PB-MAT-01; PB-SUPPLY-01; PB-TEST-01,,5,4,2,1,3,3,3,5,5,HP-I1 implementation authorization
S-INL-03,Select and confirm the fastest suitable INL MSR host pathway,Shared,2B - INL critical demonstration experiment,INL Program Definition,2026-10-01,2026-12-31,True,"Execution definition complete; task-specific facility, supplier, and final design inputs remain subject to the listed hold points.",100,"Deliver Select and confirm the fastest suitable INL MSR host pathway between 2026-10-01 and 2026-12-31 through a controlled sequence of implementation authorization, input/facility readiness, technical execution, independent verification, and downstream handoff. The producing lead is Chief Technology Officer; temporary laboratory, supplier, construction, or regulatory support is purchased only for defined products and acceptance evidence.",PB-CHEM-01; PB-FUEL-01; PB-MCA-01; PB-TEST-01; PB-WASTE-01,,5,4,1,1,3,1,3,5,5,HP-I1 implementation authorization
S-INL-04,"DOE authorization, NEPA and experiment safety strategy",Shared,2B - INL critical demonstration experiment,INL Authorization,2026-10-01,2027-03-31,True,"Execution definition complete; task-specific facility, supplier, and final design inputs remain subject to the listed hold points.",100,"Deliver DOE authorization, NEPA and experiment safety strategy between 2026-10-01 and 2027-03-31 through a controlled sequence of implementation authorization, input/facility readiness, technical execution, independent verification, and downstream handoff. The producing lead is Safety Analysis; temporary laboratory, supplier, construction, or regulatory support is purchased only for defined products and acceptance evidence.",PB-MAT-01; PB-MCA-01; PB-TEST-01,,5,3,2,1,3,1,3,5,2,HP-I1 implementation authorization
S-INL-05,"Fuel-salt specification, production route, characterization and material control/accountability",Shared,2B - INL critical demonstration experiment,INL Fuel Salt,2027-01-01,2028-06-30,True,"Task-specific execution sequence, procurement/partner actions, facility work, decision gates, acceptance evidence, and fallback routes are defined for the current planning basis.",100,"Freeze fuel requirements, secure DOE material and a commercial backup, authorize and qualify a synthesis/analytical facility, produce accepted batches, transport and receive them under controlled MC&A, and maintain full genealogy through final disposition.",PB-FUEL-01; PB-MCA-01; PB-SUPPLY-01; PB-WASTE-01,CHEM-01; CHEM-02; CHEM-03; CHEM-20; CHEM-23; CHEM-25,8,4,4,4,4,3,4,5,5,HP-F1 fuel requirements freeze
S-INL-06,Critical assembly and experiment physics design,Shared,2B - INL critical demonstration experiment,INL Concept Design,2026-10-01,2027-03-31,True,"Execution definition complete; task-specific facility, supplier, and final design inputs remain subject to the listed hold points.",100,"Deliver Critical assembly and experiment physics design between 2026-10-01 and 2027-03-31 through a controlled sequence of implementation authorization, input/facility readiness, technical execution, independent verification, and downstream handoff. The producing lead is Reactor Physics; temporary laboratory, supplier, construction, or regulatory support is purchased only for defined products and acceptance evidence.",PB-CHEM-01; PB-FP-01; PB-FUEL-01; PB-MAT-01; PB-MCA-01; PB-SUPPLY-01; PB-TEST-01,,5,4,5,1,3,1,3,5,5,HP-I1 implementation authorization
S-INL-09,"Experiment QA, software QA, calibration and qualified-data plan",Shared,2B - INL critical demonstration experiment,INL Assurance,2026-10-01,2027-06-30,True,"Execution definition complete; task-specific facility, supplier, and final design inputs remain subject to the listed hold points.",100,"Deliver Experiment QA, software QA, calibration and qualified-data plan between 2026-10-01 and 2027-06-30 through a controlled sequence of implementation authorization, input/facility readiness, technical execution, independent verification, and downstream handoff. The producing lead is Quality Assurance; temporary laboratory, supplier, construction, or regulatory support is purchased only for defined products and acceptance evidence.",PB-SUPPLY-01; PB-TEST-01,,5,3,1,1,3,1,3,5,2,HP-I1 implementation authorization
S-INL-07,"Thermal, confinement, shielding, source-term and criticality-safety design",Shared,2B - INL critical demonstration experiment,INL Concept Design,2026-10-01,2027-03-31,True,"Execution definition complete; task-specific facility, supplier, and final design inputs remain subject to the listed hold points.",100,"Deliver Thermal, confinement, shielding, source-term and criticality-safety design between 2026-10-01 and 2027-03-31 through a controlled sequence of implementation authorization, input/facility readiness, technical execution, independent verification, and downstream handoff. The producing lead is Safety Analysis; temporary laboratory, supplier, construction, or regulatory support is purchased only for defined products and acceptance evidence.",PB-FP-01; PB-FUEL-01; PB-MAT-01; PB-SUPPLY-01; PB-TEST-01,,5,4,2,1,3,3,3,5,5,HP-I1 implementation authorization
S-INL-08,"Experiment I&C, neutron instrumentation, process instrumentation and data acquisition architecture",Shared,2B - INL critical demonstration experiment,INL Concept Design,2026-10-01,2027-03-31,True,"Execution definition complete; task-specific facility, supplier, and final design inputs remain subject to the listed hold points.",100,"Deliver Experiment I&C, neutron instrumentation, process instrumentation and data acquisition architecture between 2026-10-01 and 2027-03-31 through a controlled sequence of implementation authorization, input/facility readiness, technical execution, independent verification, and downstream handoff. The producing lead is I&C/Digital Engineer; temporary laboratory, supplier, construction, or regulatory support is purchased only for defined products and acceptance evidence.",PB-CHEM-01; PB-MAT-01; PB-MCA-01; PB-TEST-01,,5,3,5,1,3,1,3,5,3,HP-I1 implementation authorization
S-INL-10,"Host-facility interfaces, modifications, utilities, handling and installation design",Shared,2B - INL critical demonstration experiment,INL Host Integration,2026-10-01,2027-03-31,True,"Execution definition complete; task-specific facility, supplier, and final design inputs remain subject to the listed hold points.",100,"Deliver Host-facility interfaces, modifications, utilities, handling and installation design between 2026-10-01 and 2027-03-31 through a controlled sequence of implementation authorization, input/facility readiness, technical execution, independent verification, and downstream handoff. The producing lead is Systems Engineer; temporary laboratory, supplier, construction, or regulatory support is purchased only for defined products and acceptance evidence.",PB-MAT-01; PB-MCA-01; PB-TEST-01; PB-WASTE-01,,5,3,5,1,3,1,3,5,2,HP-I1 implementation authorization
S-INL-11,INL critical experiment preliminary design review,Shared,2B - INL critical demonstration experiment,INL Design Review,2027-01-01,2027-03-31,True,"Execution definition complete; task-specific facility, supplier, and final design inputs remain subject to the listed hold points.",100,"Deliver INL critical experiment preliminary design review between 2027-01-01 and 2027-03-31 through a controlled sequence of implementation authorization, input/facility readiness, technical execution, independent verification, and downstream handoff. The producing lead is Chief Nuclear Officer; temporary laboratory, supplier, construction, or regulatory support is purchased only for defined products and acceptance evidence.",PB-SUPPLY-01; PB-TEST-01,,5,3,1,1,3,1,3,5,2,HP-I1 implementation authorization
S-INL-12,"Final design, safety analysis and critical design review",Shared,2B - INL critical demonstration experiment,INL Detailed Design,2027-07-01,2027-12-31,True,"Execution definition complete; task-specific facility, supplier, and final design inputs remain subject to the listed hold points.",100,"Deliver Final design, safety analysis and critical design review between 2027-07-01 and 2027-12-31 through a controlled sequence of implementation authorization, input/facility readiness, technical execution, independent verification, and downstream handoff. The producing lead is Safety Analysis; temporary laboratory, supplier, construction, or regulatory support is purchased only for defined products and acceptance evidence.",PB-SUPPLY-01; PB-TEST-01,,5,3,5,1,3,1,3,5,2,HP-I1 implementation authorization
S-INL-13,"Procurement, fabrication, inspection and factory acceptance testing",Shared,2B - INL critical demonstration experiment,INL Fabrication,2027-10-01,2028-06-30,True,"Execution definition complete; task-specific facility, supplier, and final design inputs remain subject to the listed hold points.",100,"Deliver Procurement, fabrication, inspection and factory acceptance testing between 2027-10-01 and 2028-06-30 through a controlled sequence of implementation authorization, input/facility readiness, technical execution, independent verification, and downstream handoff. The producing lead is Procurement/Supply Chain; temporary laboratory, supplier, construction, or regulatory support is purchased only for defined products and acceptance evidence.",PB-MAT-01; PB-SUPPLY-01; PB-TEST-01; PB-WASTE-01,,5,3,5,1,3,4,4,5,2,HP-I1 implementation authorization
S-INL-14,"Fuel-salt production, batch acceptance, packaging and delivery",Shared,2B - INL critical demonstration experiment,INL Fuel Salt,2027-10-01,2028-06-30,True,"Execution definition complete; task-specific facility, supplier, and final design inputs remain subject to the listed hold points.",100,"Deliver Fuel-salt production, batch acceptance, packaging and delivery between 2027-10-01 and 2028-06-30 through a controlled sequence of implementation authorization, input/facility readiness, technical execution, independent verification, and downstream handoff. The producing lead is Radiation Protection/Chemistry; temporary laboratory, supplier, construction, or regulatory support is purchased only for defined products and acceptance evidence.",PB-CHEM-01; PB-FP-01; PB-FUEL-01; PB-MAT-01; PB-MCA-01; PB-SUPPLY-01; PB-TEST-01; PB-WASTE-01,,5,4,5,3,3,4,5,5,5,HP-I1 implementation authorization
S-INL-15,"Host modification, installation, turnover and preoperational testing",Shared,2B - INL critical demonstration experiment,INL Installation,2028-01-01,2028-06-30,True,"Execution definition complete; task-specific facility, supplier, and final design inputs remain subject to the listed hold points.",100,"Deliver Host modification, installation, turnover and preoperational testing between 2028-01-01 and 2028-06-30 through a controlled sequence of implementation authorization, input/facility readiness, technical execution, independent verification, and downstream handoff. The producing lead is Construction Manager; temporary laboratory, supplier, construction, or regulatory support is purchased only for defined products and acceptance evidence.",PB-MAT-01; PB-TEST-01,,5,4,5,1,3,4,3,5,2,HP-I1 implementation authorization
S-INL-16,DOE/INL readiness review and authorization to operate,Shared,2B - INL critical demonstration experiment,INL Readiness,2028-04-01,2028-12-31,True,"Execution definition complete; task-specific facility, supplier, and final design inputs remain subject to the listed hold points.",100,"Deliver DOE/INL readiness review and authorization to operate between 2028-04-01 and 2028-12-31 through a controlled sequence of implementation authorization, input/facility readiness, technical execution, independent verification, and downstream handoff. The producing lead is Chief Nuclear Officer; temporary laboratory, supplier, construction, or regulatory support is purchased only for defined products and acceptance evidence.",PB-FUEL-01; PB-MAT-01; PB-TEST-01,,5,4,1,1,3,1,3,5,4,HP-I1 implementation authorization
S-INL-17,"Initial fuel-salt loading, approach to critical and initial criticality",Shared,2B - INL critical demonstration experiment,INL Operations,2028-07-01,2028-12-31,True,"Execution definition complete; task-specific facility, supplier, and final design inputs remain subject to the listed hold points.",100,"Deliver Initial fuel-salt loading, approach to critical and initial criticality between 2028-07-01 and 2028-12-31 through a controlled sequence of implementation authorization, input/facility readiness, technical execution, independent verification, and downstream handoff. The producing lead is Reactor Physics; temporary laboratory, supplier, construction, or regulatory support is purchased only for defined products and acceptance evidence.",PB-CHEM-01; PB-FUEL-01; PB-MAT-01; PB-MCA-01; PB-SUPPLY-01; PB-TEST-01; PB-WASTE-01,,6,5,5,1,3,4,3,5,5,HP-I1 implementation authorization
S-INL-18,"Low-power physics, kinetics, feedback and fuel-salt operational campaign",Shared,2B - INL critical demonstration experiment,INL Operations,2028-10-01,2029-06-30,True,"Execution definition complete; task-specific facility, supplier, and final design inputs remain subject to the listed hold points.",100,"Deliver Low-power physics, kinetics, feedback and fuel-salt operational campaign between 2028-10-01 and 2029-06-30 through a controlled sequence of implementation authorization, input/facility readiness, technical execution, independent verification, and downstream handoff. The producing lead is Reactor Physics; temporary laboratory, supplier, construction, or regulatory support is purchased only for defined products and acceptance evidence.",PB-CHEM-01; PB-FUEL-01; PB-SUPPLY-01; PB-TEST-01,,6,5,5,1,3,4,3,5,5,HP-I1 implementation authorization
S-INL-19,"Model validation, uncertainty update and design-data release",Shared,2B - INL critical demonstration experiment,INL Data Qualification,2028-07-01,2029-06-30,True,"Task-specific execution sequence, facility work, decision gates, acceptance evidence, records, and fallback routes are defined for the current planning basis.",100,"Convert the INL critical experiment from raw operating data into qualified design and licensing evidence by freezing pre-test predictions, controlling the as-tested configuration, qualifying the data and uncertainty, comparing independent models, closing discrepancies, updating methods/uncertainties and releasing an approved data package with explicit conditions of use.",PB-FUEL-01; PB-SUPPLY-01; PB-TEST-01,,5,4,2,1,2,3,3,5,4,HP-ID1 blind prediction freeze
S-INL-20,"Experiment closeout, fuel-salt disposition, end-state and lessons learned",Shared,2B - INL critical demonstration experiment,INL Closeout,2029-04-01,2029-12-31,False,"Execution definition complete; task-specific facility, supplier, and final design inputs remain subject to the listed hold points.",100,"Deliver Experiment closeout, fuel-salt disposition, end-state and lessons learned between 2029-04-01 and 2029-12-31 through a controlled sequence of implementation authorization, input/facility readiness, technical execution, independent verification, and downstream handoff. The producing lead is Operations/Training; temporary laboratory, supplier, construction, or regulatory support is purchased only for defined products and acceptance evidence.",PB-CHEM-01; PB-FUEL-01; PB-MAT-01; PB-MCA-01; PB-SUPPLY-01; PB-TEST-01; PB-WASTE-01,,5,4,1,1,3,4,3,5,5,HP-I1 implementation authorization
D-3.17.a,"QA Organization, Responsibilities & Interfaces",Demonstrator,3 - Demonstrator engineering and Launch Pad USA authorization,SRP Chapters,2026-10-01,2027-12-31,True,"Execution definition complete; task-specific facility, supplier, and final design inputs remain subject to the listed hold points.",100,"Deliver QA Organization, Responsibilities & Interfaces between 2026-10-01 and 2027-12-31 through a controlled sequence of implementation authorization, input/facility readiness, technical execution, independent verification, and downstream handoff. The producing lead is Quality Assurance; temporary laboratory, supplier, construction, or regulatory support is purchased only for defined products and acceptance evidence.",PB-SUPPLY-01; PB-TEST-01,,5,3,1,1,3,1,3,5,2,HP-I1 implementation authorization
D-3.17.b,QA Program Description (QAPD/QATR) & Manual,Demonstrator,3 - Demonstrator engineering and Launch Pad USA authorization,SRP Chapters,2026-10-01,2027-12-31,True,"Execution definition complete; task-specific facility, supplier, and final design inputs remain subject to the listed hold points.",100,"Deliver QA Program Description (QAPD/QATR) & Manual between 2026-10-01 and 2027-12-31 through a controlled sequence of implementation authorization, input/facility readiness, technical execution, independent verification, and downstream handoff. The producing lead is Quality Assurance; temporary laboratory, supplier, construction, or regulatory support is purchased only for defined products and acceptance evidence.",PB-SUPPLY-01; PB-TEST-01,,5,3,5,1,3,1,3,5,2,HP-I1 implementation authorization
D-LIC-00.01,Demonstrator Regulatory Classification,Demonstrator,3 - Demonstrator engineering and Launch Pad USA authorization,Licensing Strategy,2026-10-01,2028-09-30,True,"Execution definition complete; task-specific facility, supplier, and final design inputs remain subject to the listed hold points.",100,"Deliver Demonstrator Regulatory Classification between 2026-10-01 and 2028-09-30 through a controlled sequence of implementation authorization, input/facility readiness, technical execution, independent verification, and downstream handoff. The producing lead is Licensing Engineer; temporary laboratory, supplier, construction, or regulatory support is purchased only for defined products and acceptance evidence.",PB-MAT-01; PB-SUPPLY-01; PB-TEST-01,,5,4,5,1,3,1,3,5,2,HP-I1 implementation authorization
D-3.17.c,Design Control (Appendix B III) & Configuration Management,Demonstrator,3 - Demonstrator engineering and Launch Pad USA authorization,SRP Chapters,2026-10-01,2028-06-30,True,"Execution definition complete; task-specific facility, supplier, and final design inputs remain subject to the listed hold points.",100,"Deliver Design Control (Appendix B III) & Configuration Management between 2026-10-01 and 2028-06-30 through a controlled sequence of implementation authorization, input/facility readiness, technical execution, independent verification, and downstream handoff. The producing lead is Quality Assurance; temporary laboratory, supplier, construction, or regulatory support is purchased only for defined products and acceptance evidence.",PB-SUPPLY-01; PB-TEST-01,,5,4,5,1,3,1,3,5,2,HP-I1 implementation authorization
D-LIC-00.02,Host Site Licensing Integration,Demonstrator,3 - Demonstrator engineering and Launch Pad USA authorization,Licensing Strategy,2026-10-01,2028-12-31,True,"Execution definition complete; task-specific facility, supplier, and final design inputs remain subject to the listed hold points.",100,"Deliver Host Site Licensing Integration between 2026-10-01 and 2028-12-31 through a controlled sequence of implementation authorization, input/facility readiness, technical execution, independent verification, and downstream handoff. The producing lead is Licensing Engineer; temporary laboratory, supplier, construction, or regulatory support is purchased only for defined products and acceptance evidence.",PB-MAT-01; PB-SUPPLY-01; PB-TEST-01,,5,3,5,1,3,1,3,5,2,HP-I1 implementation authorization
D-0.3.a,"Requirements Governance, Ontology, and Structure",Demonstrator,3 - Demonstrator engineering and Launch Pad USA authorization,Orientation,2026-10-01,2027-06-30,True,"Execution definition complete; task-specific facility, supplier, and final design inputs remain subject to the listed hold points.",100,"Deliver Requirements Governance, Ontology, and Structure between 2026-10-01 and 2027-06-30 through a controlled sequence of implementation authorization, input/facility readiness, technical execution, independent verification, and downstream handoff. The producing lead is Systems Engineer; temporary laboratory, supplier, construction, or regulatory support is purchased only for defined products and acceptance evidence.",PB-TEST-01,,5,3,5,1,3,1,3,5,2,HP-I1 implementation authorization
D-1.a,"Site Selection, Data Acquisition & Baseline Characterization",Demonstrator,3 - Demonstrator engineering and Launch Pad USA authorization,Site & NEPA,2026-10-01,2027-03-31,True,"Execution definition complete; task-specific facility, supplier, and final design inputs remain subject to the listed hold points.",100,"Deliver Site Selection, Data Acquisition & Baseline Characterization between 2026-10-01 and 2027-03-31 through a controlled sequence of implementation authorization, input/facility readiness, technical execution, independent verification, and downstream handoff. The producing lead is Environmental/Siting; temporary laboratory, supplier, construction, or regulatory support is purchased only for defined products and acceptance evidence.",PB-CHEM-01; PB-TEST-01,,5,4,5,1,3,1,3,5,3,HP-I1 implementation authorization
D-0.3.c,SSC Safety Classification & Special Treatments (incl. 10 CFR 50.69 Option),Demonstrator,3 - Demonstrator engineering and Launch Pad USA authorization,Orientation,2026-10-01,2027-03-31,True,"Execution definition complete; task-specific facility, supplier, and final design inputs remain subject to the listed hold points.",100,"Deliver SSC Safety Classification & Special Treatments (incl. 10 CFR 50.69 Option) between 2026-10-01 and 2027-03-31 through a controlled sequence of implementation authorization, input/facility readiness, technical execution, independent verification, and downstream handoff. The producing lead is Systems Engineer; temporary laboratory, supplier, construction, or regulatory support is purchased only for defined products and acceptance evidence.",PB-CHEM-01; PB-TEST-01,,5,3,5,1,3,1,3,5,3,HP-I1 implementation authorization
D-RD-05,"Host Facility Services, Permits and Integration Support",Demonstrator,3 - Demonstrator engineering and Launch Pad USA authorization,Demonstrator R&D and Qualification,2026-10-01,2028-09-30,True,"Execution definition complete; task-specific facility, supplier, and final design inputs remain subject to the listed hold points.",100,"Deliver Host Facility Services, Permits and Integration Support between 2026-10-01 and 2028-09-30 through a controlled sequence of implementation authorization, input/facility readiness, technical execution, independent verification, and downstream handoff. The producing lead is Mechanical Engineer; temporary laboratory, supplier, construction, or regulatory support is purchased only for defined products and acceptance evidence.",PB-MAT-01; PB-SUPPLY-01; PB-TEST-01,,5,4,5,2,3,1,3,5,3,HP-I1 implementation authorization
D-0.3.d,Design-Basis & Functional Requirements (DBFR) Authoring,Demonstrator,3 - Demonstrator engineering and Launch Pad USA authorization,Orientation,2026-10-01,2027-03-31,True,"Execution definition complete; task-specific facility, supplier, and final design inputs remain subject to the listed hold points.",100,"Deliver Design-Basis & Functional Requirements (DBFR) Authoring between 2026-10-01 and 2027-03-31 through a controlled sequence of implementation authorization, input/facility readiness, technical execution, independent verification, and downstream handoff. The producing lead is Systems Engineer; temporary laboratory, supplier, construction, or regulatory support is purchased only for defined products and acceptance evidence.",PB-MAT-01; PB-TEST-01,,5,3,5,1,3,1,3,5,2,HP-I1 implementation authorization
D-0.3.e,Requirements Database Implementation & Migration,Demonstrator,3 - Demonstrator engineering and Launch Pad USA authorization,Orientation,2026-10-01,2027-03-31,True,"Execution definition complete; task-specific facility, supplier, and final design inputs remain subject to the listed hold points.",100,"Deliver Requirements Database Implementation & Migration between 2026-10-01 and 2027-03-31 through a controlled sequence of implementation authorization, input/facility readiness, technical execution, independent verification, and downstream handoff. The producing lead is Systems Engineer; temporary laboratory, supplier, construction, or regulatory support is purchased only for defined products and acceptance evidence.",PB-TEST-01,,5,3,5,1,3,1,3,5,2,HP-I1 implementation authorization
D-0.3.g,Special Treatment Definition & Code/Standard Allocation,Demonstrator,3 - Demonstrator engineering and Launch Pad USA authorization,Orientation,2026-10-01,2027-03-31,True,"Execution definition complete; task-specific facility, supplier, and final design inputs remain subject to the listed hold points.",100,"Deliver Special Treatment Definition & Code/Standard Allocation between 2026-10-01 and 2027-03-31 through a controlled sequence of implementation authorization, input/facility readiness, technical execution, independent verification, and downstream handoff. The producing lead is Systems Engineer; temporary laboratory, supplier, construction, or regulatory support is purchased only for defined products and acceptance evidence.",PB-TEST-01,,5,3,5,1,3,1,3,5,2,HP-I1 implementation authorization
D-0.3.i,"Change Control, Baselines & 50.71(e) Impact Integration",Demonstrator,3 - Demonstrator engineering and Launch Pad USA authorization,Orientation,2026-10-01,2027-06-30,True,"Execution definition complete; task-specific facility, supplier, and final design inputs remain subject to the listed hold points.",100,"Deliver Change Control, Baselines & 50.71(e) Impact Integration between 2026-10-01 and 2027-06-30 through a controlled sequence of implementation authorization, input/facility readiness, technical execution, independent verification, and downstream handoff. The producing lead is Systems Engineer; temporary laboratory, supplier, construction, or regulatory support is purchased only for defined products and acceptance evidence.",PB-TEST-01,,5,3,5,1,3,1,3,5,2,HP-I1 implementation authorization
D-3.2.a,"Seismic Basis: PSHA, GMRS, and SSE",Demonstrator,3 - Demonstrator engineering and Launch Pad USA authorization,SRP Chapters,2026-10-01,2027-03-31,False,"Execution definition complete; task-specific facility, supplier, and final design inputs remain subject to the listed hold points.",100,"Deliver Seismic Basis: PSHA, GMRS, and SSE between 2026-10-01 and 2027-03-31 through a controlled sequence of implementation authorization, input/facility readiness, technical execution, independent verification, and downstream handoff. The producing lead is Environmental/Siting; temporary laboratory, supplier, construction, or regulatory support is purchased only for defined products and acceptance evidence.",PB-MAT-01; PB-TEST-01,,5,4,5,1,3,1,3,5,2,HP-I1 implementation authorization
D-0.3.b,GDC -> PDC Derivation and Departures,Demonstrator,3 - Demonstrator engineering and Launch Pad USA authorization,Orientation,2026-10-01,2027-03-31,True,"Execution definition complete; task-specific facility, supplier, and final design inputs remain subject to the listed hold points.",100,"Deliver GDC -> PDC Derivation and Departures between 2026-10-01 and 2027-03-31 through a controlled sequence of implementation authorization, input/facility readiness, technical execution, independent verification, and downstream handoff. The producing lead is Systems Engineer; temporary laboratory, supplier, construction, or regulatory support is purchased only for defined products and acceptance evidence.",PB-TEST-01,,5,3,5,1,3,1,3,5,2,HP-I1 implementation authorization
D-0.3.h,Quality Checks & Automated Validation of Requirements Set,Demonstrator,3 - Demonstrator engineering and Launch Pad USA authorization,Orientation,2026-10-01,2027-03-31,True,"Execution definition complete; task-specific facility, supplier, and final design inputs remain subject to the listed hold points.",100,"Deliver Quality Checks & Automated Validation of Requirements Set between 2026-10-01 and 2027-03-31 through a controlled sequence of implementation authorization, input/facility readiness, technical execution, independent verification, and downstream handoff. The producing lead is Systems Engineer; temporary laboratory, supplier, construction, or regulatory support is purchased only for defined products and acceptance evidence.",PB-TEST-01,,5,3,5,1,3,1,3,5,2,HP-I1 implementation authorization
D-1.b,Probabilistic Seismic Hazard Analysis (PSHA) & GMRS,Demonstrator,3 - Demonstrator engineering and Launch Pad USA authorization,Site & NEPA,2026-10-01,2027-03-31,True,"Execution definition complete; task-specific facility, supplier, and final design inputs remain subject to the listed hold points.",100,"Deliver Probabilistic Seismic Hazard Analysis (PSHA) & GMRS between 2026-10-01 and 2027-03-31 through a controlled sequence of implementation authorization, input/facility readiness, technical execution, independent verification, and downstream handoff. The producing lead is Environmental/Siting; temporary laboratory, supplier, construction, or regulatory support is purchased only for defined products and acceptance evidence.",PB-TEST-01,,5,4,2,1,3,3,3,5,2,HP-I1 implementation authorization
D-1.k,Radiological Environmental Monitoring Program (REMP) Baseline,Demonstrator,3 - Demonstrator engineering and Launch Pad USA authorization,Site & NEPA,2026-10-01,2027-09-30,True,"Execution definition complete; task-specific facility, supplier, and final design inputs remain subject to the listed hold points.",100,"Deliver Radiological Environmental Monitoring Program (REMP) Baseline between 2026-10-01 and 2027-09-30 through a controlled sequence of implementation authorization, input/facility readiness, technical execution, independent verification, and downstream handoff. The producing lead is Environmental/Siting; temporary laboratory, supplier, construction, or regulatory support is purchased only for defined products and acceptance evidence.",PB-CHEM-01; PB-TEST-01,,5,4,5,1,3,1,3,5,3,HP-I1 implementation authorization
D-1.l,"Data Management, QA & GIS/Records Integration",Demonstrator,3 - Demonstrator engineering and Launch Pad USA authorization,Site & NEPA,2026-10-01,2027-09-30,True,"Execution definition complete; task-specific facility, supplier, and final design inputs remain subject to the listed hold points.",100,"Deliver Data Management, QA & GIS/Records Integration between 2026-10-01 and 2027-09-30 through a controlled sequence of implementation authorization, input/facility readiness, technical execution, independent verification, and downstream handoff. The producing lead is Environmental/Siting; temporary laboratory, supplier, construction, or regulatory support is purchased only for defined products and acceptance evidence.",PB-CHEM-01; PB-TEST-01,,5,4,5,1,3,1,3,5,3,HP-I1 implementation authorization
D-1.m,FSAR Chapter 2 Authoring & Interfaces,Demonstrator,3 - Demonstrator engineering and Launch Pad USA authorization,Site & NEPA,2026-10-01,2027-06-30,True,"Execution definition complete; task-specific facility, supplier, and final design inputs remain subject to the listed hold points.",100,"Deliver FSAR Chapter 2 Authoring & Interfaces between 2026-10-01 and 2027-06-30 through a controlled sequence of implementation authorization, input/facility readiness, technical execution, independent verification, and downstream handoff. The producing lead is Licensing Engineer; temporary laboratory, supplier, construction, or regulatory support is purchased only for defined products and acceptance evidence.",PB-MCA-01; PB-TEST-01,,5,4,5,1,3,1,3,5,2,HP-I1 implementation authorization
D-3.4.a,Fuel Design Limits & Safety Criteria Definition,Demonstrator,3 - Demonstrator engineering and Launch Pad USA authorization,SRP Chapters,2026-10-01,2027-03-31,True,"Execution definition complete; task-specific facility, supplier, and final design inputs remain subject to the listed hold points.",100,"Deliver Fuel Design Limits & Safety Criteria Definition between 2026-10-01 and 2027-03-31 through a controlled sequence of implementation authorization, input/facility readiness, technical execution, independent verification, and downstream handoff. The producing lead is Fuel/Materials Engineer; temporary laboratory, supplier, construction, or regulatory support is purchased only for defined products and acceptance evidence.",PB-FP-01; PB-FUEL-01; PB-MAT-01; PB-SUPPLY-01; PB-TEST-01,,5,4,5,2,3,1,3,5,6,HP-I1 implementation authorization
D-3.4.b,"Methods V&V, Benchmarking & Configuration Control",Demonstrator,3 - Demonstrator engineering and Launch Pad USA authorization,SRP Chapters,2026-10-01,2027-12-31,True,"Execution definition complete; task-specific facility, supplier, and final design inputs remain subject to the listed hold points.",100,"Deliver Methods V&V, Benchmarking & Configuration Control between 2026-10-01 and 2027-12-31 through a controlled sequence of implementation authorization, input/facility readiness, technical execution, independent verification, and downstream handoff. The producing lead is Fuel/Materials Engineer; temporary laboratory, supplier, construction, or regulatory support is purchased only for defined products and acceptance evidence.",PB-FP-01; PB-FUEL-01; PB-MAT-01; PB-SUPPLY-01; PB-TEST-01,,5,4,2,2,3,3,3,5,6,HP-I1 implementation authorization
D-1.c,"Geology, Geotechnical & Seismogeologic Characterization",Demonstrator,3 - Demonstrator engineering and Launch Pad USA authorization,Site & NEPA,2027-01-01,2027-06-30,True,"Execution definition complete; task-specific facility, supplier, and final design inputs remain subject to the listed hold points.",100,"Deliver Geology, Geotechnical & Seismogeologic Characterization between 2027-01-01 and 2027-06-30 through a controlled sequence of implementation authorization, input/facility readiness, technical execution, independent verification, and downstream handoff. The producing lead is Environmental/Siting; temporary laboratory, supplier, construction, or regulatory support is purchased only for defined products and acceptance evidence.",PB-TEST-01,,5,4,5,1,3,1,3,5,2,HP-I1 implementation authorization
D-3.2.h,Site Parameters Rollup & Interfaces,Demonstrator,3 - Demonstrator engineering and Launch Pad USA authorization,SRP Chapters,2027-01-01,2027-06-30,False,"Execution definition complete; task-specific facility, supplier, and final design inputs remain subject to the listed hold points.",100,"Deliver Site Parameters Rollup & Interfaces between 2027-01-01 and 2027-06-30 through a controlled sequence of implementation authorization, input/facility readiness, technical execution, independent verification, and downstream handoff. The producing lead is Environmental/Siting; temporary laboratory, supplier, construction, or regulatory support is purchased only for defined products and acceptance evidence.",PB-TEST-01,,5,4,5,1,3,1,3,5,2,HP-I1 implementation authorization
D-3.1.a,Plant Parameters & Operating Modes Definition,Demonstrator,3 - Demonstrator engineering and Launch Pad USA authorization,SRP Chapters,2027-01-01,2027-03-31,False,"Execution definition complete; task-specific facility, supplier, and final design inputs remain subject to the listed hold points.",100,"Deliver Plant Parameters & Operating Modes Definition between 2027-01-01 and 2027-03-31 through a controlled sequence of implementation authorization, input/facility readiness, technical execution, independent verification, and downstream handoff. The producing lead is Chief Engineer; temporary laboratory, supplier, construction, or regulatory support is purchased only for defined products and acceptance evidence.",PB-CHEM-01; PB-FP-01; PB-FUEL-01; PB-TEST-01,,5,5,1,1,3,1,3,5,5,HP-I1 implementation authorization
D-3.17.j,"Audits, Surveillances & Self-Assessments",Demonstrator,3 - Demonstrator engineering and Launch Pad USA authorization,SRP Chapters,2028-07-01,2030-09-30,True,"Execution definition complete; task-specific facility, supplier, and final design inputs remain subject to the listed hold points.",100,"Deliver Audits, Surveillances & Self-Assessments between 2028-07-01 and 2030-09-30 through a controlled sequence of implementation authorization, input/facility readiness, technical execution, independent verification, and downstream handoff. The producing lead is Quality Assurance; temporary laboratory, supplier, construction, or regulatory support is purchased only for defined products and acceptance evidence.",PB-SUPPLY-01; PB-TEST-01,,5,3,2,1,3,3,3,5,2,HP-I1 implementation authorization
D-3.2.i,GIS/Data Management & Records QA,Demonstrator,3 - Demonstrator engineering and Launch Pad USA authorization,SRP Chapters,2027-01-01,2027-09-30,False,"Execution definition complete; task-specific facility, supplier, and final design inputs remain subject to the listed hold points.",100,"Deliver GIS/Data Management & Records QA between 2027-01-01 and 2027-09-30 through a controlled sequence of implementation authorization, input/facility readiness, technical execution, independent verification, and downstream handoff. The producing lead is Environmental/Siting; temporary laboratory, supplier, construction, or regulatory support is purchased only for defined products and acceptance evidence.",PB-CHEM-01; PB-TEST-01,,5,4,5,1,3,1,3,5,3,HP-I1 implementation authorization
D-1.d,"Hydrology, Flooding & Water Resources",Demonstrator,3 - Demonstrator engineering and Launch Pad USA authorization,Site & NEPA,2027-01-01,2027-06-30,True,"Execution definition complete; task-specific facility, supplier, and final design inputs remain subject to the listed hold points.",100,"Deliver Hydrology, Flooding & Water Resources between 2027-01-01 and 2027-06-30 through a controlled sequence of implementation authorization, input/facility readiness, technical execution, independent verification, and downstream handoff. The producing lead is Environmental/Siting; temporary laboratory, supplier, construction, or regulatory support is purchased only for defined products and acceptance evidence.",PB-TEST-01,,5,4,5,1,3,1,3,5,2,HP-I1 implementation authorization
D-3.1.b,Exemptions/Departures Catalog & Tier Mapping,Demonstrator,3 - Demonstrator engineering and Launch Pad USA authorization,SRP Chapters,2027-01-01,2027-06-30,False,"Execution definition complete; task-specific facility, supplier, and final design inputs remain subject to the listed hold points.",100,"Deliver Exemptions/Departures Catalog & Tier Mapping between 2027-01-01 and 2027-06-30 through a controlled sequence of implementation authorization, input/facility readiness, technical execution, independent verification, and downstream handoff. The producing lead is Chief Engineer; temporary laboratory, supplier, construction, or regulatory support is purchased only for defined products and acceptance evidence.",PB-TEST-01,,5,4,5,1,3,1,3,5,2,HP-I1 implementation authorization
D-3.15.a,"Event Selection, Classification & Success Criteria",Demonstrator,3 - Demonstrator engineering and Launch Pad USA authorization,SRP Chapters,2027-01-01,2027-06-30,True,"Execution definition complete; task-specific facility, supplier, and final design inputs remain subject to the listed hold points.",100,"Deliver Event Selection, Classification & Success Criteria between 2027-01-01 and 2027-06-30 through a controlled sequence of implementation authorization, input/facility readiness, technical execution, independent verification, and downstream handoff. The producing lead is Safety Analysis; temporary laboratory, supplier, construction, or regulatory support is purchased only for defined products and acceptance evidence.",PB-FP-01; PB-TEST-01,,5,3,2,1,3,3,3,5,3,HP-I1 implementation authorization
D-3.15.b,"Methods, Models & Configuration Control (RG 1.203)",Demonstrator,3 - Demonstrator engineering and Launch Pad USA authorization,SRP Chapters,2027-01-01,2027-12-31,True,"Execution definition complete; task-specific facility, supplier, and final design inputs remain subject to the listed hold points.",100,"Deliver Methods, Models & Configuration Control (RG 1.203) between 2027-01-01 and 2027-12-31 through a controlled sequence of implementation authorization, input/facility readiness, technical execution, independent verification, and downstream handoff. The producing lead is Safety Analysis; temporary laboratory, supplier, construction, or regulatory support is purchased only for defined products and acceptance evidence.",PB-FP-01; PB-TEST-01,,5,3,2,1,3,3,3,5,3,HP-I1 implementation authorization
D-3.2.b,Site Response & Liquefaction/Faulting Potential,Demonstrator,3 - Demonstrator engineering and Launch Pad USA authorization,SRP Chapters,2027-01-01,2027-06-30,False,"Execution definition complete; task-specific facility, supplier, and final design inputs remain subject to the listed hold points.",100,"Deliver Site Response & Liquefaction/Faulting Potential between 2027-01-01 and 2027-06-30 through a controlled sequence of implementation authorization, input/facility readiness, technical execution, independent verification, and downstream handoff. The producing lead is Environmental/Siting; temporary laboratory, supplier, construction, or regulatory support is purchased only for defined products and acceptance evidence.",PB-TEST-01,,5,4,5,1,3,1,3,5,2,HP-I1 implementation authorization
D-0.3.f,"Traceability to FSAR, SDDs, Analyses & ITAAC",Demonstrator,3 - Demonstrator engineering and Launch Pad USA authorization,Orientation,2027-01-01,2027-06-30,True,"Execution definition complete; task-specific facility, supplier, and final design inputs remain subject to the listed hold points.",100,"Deliver Traceability to FSAR, SDDs, Analyses & ITAAC between 2027-01-01 and 2027-06-30 through a controlled sequence of implementation authorization, input/facility readiness, technical execution, independent verification, and downstream handoff. The producing lead is Licensing Engineer; temporary laboratory, supplier, construction, or regulatory support is purchased only for defined products and acceptance evidence.",PB-MAT-01; PB-TEST-01,,5,4,5,1,3,1,3,5,2,HP-I1 implementation authorization
D-1.e,Meteorology & Atmospheric Dispersion (EAB/LPZ chi/Q),Demonstrator,3 - Demonstrator engineering and Launch Pad USA authorization,Site & NEPA,2027-01-01,2027-06-30,True,"Execution definition complete; task-specific facility, supplier, and final design inputs remain subject to the listed hold points.",100,"Deliver Meteorology & Atmospheric Dispersion (EAB/LPZ chi/Q) between 2027-01-01 and 2027-06-30 through a controlled sequence of implementation authorization, input/facility readiness, technical execution, independent verification, and downstream handoff. The producing lead is Environmental/Siting; temporary laboratory, supplier, construction, or regulatory support is purchased only for defined products and acceptance evidence.",PB-TEST-01,,5,4,5,1,3,1,3,5,2,HP-I1 implementation authorization
D-3.17.l,"Records, Document Control & Data Retention",Demonstrator,3 - Demonstrator engineering and Launch Pad USA authorization,SRP Chapters,2027-01-01,2028-09-30,True,"Execution definition complete; task-specific facility, supplier, and final design inputs remain subject to the listed hold points.",100,"Deliver Records, Document Control & Data Retention between 2027-01-01 and 2028-09-30 through a controlled sequence of implementation authorization, input/facility readiness, technical execution, independent verification, and downstream handoff. The producing lead is Quality Assurance; temporary laboratory, supplier, construction, or regulatory support is purchased only for defined products and acceptance evidence.",PB-MAT-01; PB-MCA-01; PB-SUPPLY-01; PB-TEST-01,,5,4,5,1,3,1,3,5,2,HP-I1 implementation authorization
D-3.2.c,SSI Inputs and In-Structure Response Spectra (ISRS),Demonstrator,3 - Demonstrator engineering and Launch Pad USA authorization,SRP Chapters,2027-01-01,2027-06-30,False,"Execution definition complete; task-specific facility, supplier, and final design inputs remain subject to the listed hold points.",100,"Deliver SSI Inputs and In-Structure Response Spectra (ISRS) between 2027-01-01 and 2027-06-30 through a controlled sequence of implementation authorization, input/facility readiness, technical execution, independent verification, and downstream handoff. The producing lead is Environmental/Siting; temporary laboratory, supplier, construction, or regulatory support is purchased only for defined products and acceptance evidence.",PB-TEST-01,,5,4,5,1,3,1,3,5,2,HP-I1 implementation authorization
D-1.f,"Ultimate Heat Sink (UHS), Intake/Outfall & Thermal Plume",Demonstrator,3 - Demonstrator engineering and Launch Pad USA authorization,Site & NEPA,2027-01-01,2027-06-30,True,"Execution definition complete; task-specific facility, supplier, and final design inputs remain subject to the listed hold points.",100,"Deliver Ultimate Heat Sink (UHS), Intake/Outfall & Thermal Plume between 2027-01-01 and 2027-06-30 through a controlled sequence of implementation authorization, input/facility readiness, technical execution, independent verification, and downstream handoff. The producing lead is Environmental/Siting; temporary laboratory, supplier, construction, or regulatory support is purchased only for defined products and acceptance evidence.",PB-TEST-01,,5,4,2,1,3,3,3,5,2,HP-I1 implementation authorization
D-3.2.d,Hydrology & Flooding: PMP/PMF/PMSS,Demonstrator,3 - Demonstrator engineering and Launch Pad USA authorization,SRP Chapters,2027-01-01,2027-06-30,False,"Execution definition complete; task-specific facility, supplier, and final design inputs remain subject to the listed hold points.",100,"Deliver Hydrology & Flooding: PMP/PMF/PMSS between 2027-01-01 and 2027-06-30 through a controlled sequence of implementation authorization, input/facility readiness, technical execution, independent verification, and downstream handoff. The producing lead is Environmental/Siting; temporary laboratory, supplier, construction, or regulatory support is purchased only for defined products and acceptance evidence.",PB-TEST-01,,5,4,5,1,3,1,3,5,2,HP-I1 implementation authorization
D-3.3.a,"Seismic Categorization, Load Combinations & Demand Definition",Demonstrator,3 - Demonstrator engineering and Launch Pad USA authorization,SRP Chapters,2027-01-01,2027-06-30,False,"Execution definition complete; task-specific facility, supplier, and final design inputs remain subject to the listed hold points.",100,"Deliver Seismic Categorization, Load Combinations & Demand Definition between 2027-01-01 and 2027-06-30 through a controlled sequence of implementation authorization, input/facility readiness, technical execution, independent verification, and downstream handoff. The producing lead is Civil/Structural Engineer; temporary laboratory, supplier, construction, or regulatory support is purchased only for defined products and acceptance evidence.",PB-MAT-01; PB-TEST-01,,5,3,5,1,3,1,3,5,2,HP-I1 implementation authorization
D-1.g,"External Hazards Screening (Industrial, Transportation, Pipelines, Aircraft)",Demonstrator,3 - Demonstrator engineering and Launch Pad USA authorization,Site & NEPA,2027-01-01,2027-06-30,True,"Execution definition complete; task-specific facility, supplier, and final design inputs remain subject to the listed hold points.",100,"Deliver External Hazards Screening (Industrial, Transportation, Pipelines, Aircraft) between 2027-01-01 and 2027-06-30 through a controlled sequence of implementation authorization, input/facility readiness, technical execution, independent verification, and downstream handoff. The producing lead is Environmental/Siting; temporary laboratory, supplier, construction, or regulatory support is purchased only for defined products and acceptance evidence.",PB-SUPPLY-01; PB-TEST-01,,5,4,5,1,3,1,3,5,2,HP-I1 implementation authorization
D-3.15.g,Containment Response & Mass/Energy Releases (Interfaces to Ch.6),Demonstrator,3 - Demonstrator engineering and Launch Pad USA authorization,SRP Chapters,2027-01-01,2027-12-31,True,"Execution definition complete; task-specific facility, supplier, and final design inputs remain subject to the listed hold points.",100,"Deliver Containment Response & Mass/Energy Releases (Interfaces to Ch.6) between 2027-01-01 and 2027-12-31 through a controlled sequence of implementation authorization, input/facility readiness, technical execution, independent verification, and downstream handoff. The producing lead is Thermal-Hydraulics; temporary laboratory, supplier, construction, or regulatory support is purchased only for defined products and acceptance evidence.",PB-CHEM-01; PB-FP-01; PB-FUEL-01; PB-TEST-01,,5,4,2,1,3,3,3,5,5,HP-I1 implementation authorization
D-3.18.a,HFE Program Plan (HFEPP) & Governance,Demonstrator,3 - Demonstrator engineering and Launch Pad USA authorization,SRP Chapters,2028-07-01,2029-12-31,False,"Execution definition complete; task-specific facility, supplier, and final design inputs remain subject to the listed hold points.",100,"Deliver HFE Program Plan (HFEPP) & Governance between 2028-07-01 and 2029-12-31 through a controlled sequence of implementation authorization, input/facility readiness, technical execution, independent verification, and downstream handoff. The producing lead is Human Factors Engineer; temporary laboratory, supplier, construction, or regulatory support is purchased only for defined products and acceptance evidence.",PB-TEST-01; PB-WASTE-01,,5,4,1,1,3,4,3,5,2,HP-I1 implementation authorization
D-3.19.a,PRA Scope Definition & Governance,Demonstrator,3 - Demonstrator engineering and Launch Pad USA authorization,SRP Chapters,2027-01-01,2028-03-31,True,"Execution definition complete; task-specific facility, supplier, and final design inputs remain subject to the listed hold points.",100,"Deliver PRA Scope Definition & Governance between 2027-01-01 and 2028-03-31 through a controlled sequence of implementation authorization, input/facility readiness, technical execution, independent verification, and downstream handoff. The producing lead is PRA/Risk Engineer; temporary laboratory, supplier, construction, or regulatory support is purchased only for defined products and acceptance evidence.",PB-MAT-01; PB-TEST-01,,5,3,2,1,3,3,3,5,2,HP-I1 implementation authorization
D-3.2.e,Groundwater & Dewatering Behavior,Demonstrator,3 - Demonstrator engineering and Launch Pad USA authorization,SRP Chapters,2027-01-01,2027-06-30,False,"Execution definition complete; task-specific facility, supplier, and final design inputs remain subject to the listed hold points.",100,"Deliver Groundwater & Dewatering Behavior between 2027-01-01 and 2027-06-30 through a controlled sequence of implementation authorization, input/facility readiness, technical execution, independent verification, and downstream handoff. The producing lead is Environmental/Siting; temporary laboratory, supplier, construction, or regulatory support is purchased only for defined products and acceptance evidence.",PB-SUPPLY-01; PB-TEST-01,,5,4,5,1,3,1,3,5,2,HP-I1 implementation authorization
D-3.4.i,"Core Monitoring, Setpoints & Operating Limits (Technical Specs Interface)",Demonstrator,3 - Demonstrator engineering and Launch Pad USA authorization,SRP Chapters,2027-01-01,2028-03-31,True,"Execution definition complete; task-specific facility, supplier, and final design inputs remain subject to the listed hold points.",100,"Deliver Core Monitoring, Setpoints & Operating Limits (Technical Specs Interface) between 2027-01-01 and 2028-03-31 through a controlled sequence of implementation authorization, input/facility readiness, technical execution, independent verification, and downstream handoff. The producing lead is Reactor Physics; temporary laboratory, supplier, construction, or regulatory support is purchased only for defined products and acceptance evidence.",PB-FP-01; PB-FUEL-01; PB-MAT-01; PB-TEST-01,,5,4,5,1,3,1,3,5,5,HP-I1 implementation authorization
D-3.5.a,Define RCS Pressure Boundary & Connected Systems Scope,Demonstrator,3 - Demonstrator engineering and Launch Pad USA authorization,SRP Chapters,2027-01-01,2027-06-30,False,"Execution definition complete; task-specific facility, supplier, and final design inputs remain subject to the listed hold points.",100,"Deliver Define RCS Pressure Boundary & Connected Systems Scope between 2027-01-01 and 2027-06-30 through a controlled sequence of implementation authorization, input/facility readiness, technical execution, independent verification, and downstream handoff. The producing lead is Safety Analysis; temporary laboratory, supplier, construction, or regulatory support is purchased only for defined products and acceptance evidence.",PB-MAT-01; PB-TEST-01,,5,3,5,1,3,1,3,5,2,HP-I1 implementation authorization
D-3.7.a,Safety I&C Functional Requirements & Architecture (IEEE 603),Demonstrator,3 - Demonstrator engineering and Launch Pad USA authorization,SRP Chapters,2027-01-01,2027-06-30,True,"Execution definition complete; task-specific facility, supplier, and final design inputs remain subject to the listed hold points.",100,"Deliver Safety I&C Functional Requirements & Architecture (IEEE 603) between 2027-01-01 and 2027-06-30 through a controlled sequence of implementation authorization, input/facility readiness, technical execution, independent verification, and downstream handoff. The producing lead is Systems Engineer; temporary laboratory, supplier, construction, or regulatory support is purchased only for defined products and acceptance evidence.",PB-MCA-01; PB-TEST-01,,5,3,5,1,3,1,3,5,2,HP-I1 implementation authorization
D-RD-04,Fuel Qualification Lot and Critical Experiments,Demonstrator,3 - Demonstrator engineering and Launch Pad USA authorization,Demonstrator R&D and Qualification,2028-07-01,2029-09-30,True,"Execution definition complete; task-specific facility, supplier, and final design inputs remain subject to the listed hold points.",100,"Deliver Fuel Qualification Lot and Critical Experiments between 2028-07-01 and 2029-09-30 through a controlled sequence of implementation authorization, input/facility readiness, technical execution, independent verification, and downstream handoff. The producing lead is Reactor Physics; temporary laboratory, supplier, construction, or regulatory support is purchased only for defined products and acceptance evidence.",PB-CHEM-01; PB-FUEL-01; PB-MAT-01; PB-MCA-01; PB-SUPPLY-01; PB-TEST-01; PB-WASTE-01,,6,5,5,1,3,4,3,5,5,HP-I1 implementation authorization
D-1.h,"Environmental Report (NEPA) - Affected Environment, Alternatives & Impacts",Demonstrator,3 - Demonstrator engineering and Launch Pad USA authorization,Site & NEPA,2027-01-01,2027-06-30,True,"Execution definition complete; task-specific facility, supplier, and final design inputs remain subject to the listed hold points.",100,"Deliver Environmental Report (NEPA) - Affected Environment, Alternatives & Impacts between 2027-01-01 and 2027-06-30 through a controlled sequence of implementation authorization, input/facility readiness, technical execution, independent verification, and downstream handoff. The producing lead is Environmental/Siting; temporary laboratory, supplier, construction, or regulatory support is purchased only for defined products and acceptance evidence.",PB-TEST-01,,5,4,5,1,3,1,3,5,2,HP-I1 implementation authorization
D-3.1.g,"References, Acronyms, and Definitions Compilation",Demonstrator,3 - Demonstrator engineering and Launch Pad USA authorization,SRP Chapters,2027-01-01,2027-06-30,False,"Execution definition complete; task-specific facility, supplier, and final design inputs remain subject to the listed hold points.",100,"Deliver References, Acronyms, and Definitions Compilation between 2027-01-01 and 2027-06-30 through a controlled sequence of implementation authorization, input/facility readiness, technical execution, independent verification, and downstream handoff. The producing lead is Chief Engineer; temporary laboratory, supplier, construction, or regulatory support is purchased only for defined products and acceptance evidence.",PB-TEST-01,,5,4,5,1,3,1,3,5,2,HP-I1 implementation authorization
D-3.2.f,Meteorology & Atmospheric Extremes,Demonstrator,3 - Demonstrator engineering and Launch Pad USA authorization,SRP Chapters,2027-01-01,2027-06-30,False,"Execution definition complete; task-specific facility, supplier, and final design inputs remain subject to the listed hold points.",100,"Deliver Meteorology & Atmospheric Extremes between 2027-01-01 and 2027-06-30 through a controlled sequence of implementation authorization, input/facility readiness, technical execution, independent verification, and downstream handoff. The producing lead is Environmental/Siting; temporary laboratory, supplier, construction, or regulatory support is purchased only for defined products and acceptance evidence.",PB-TEST-01,,5,4,5,1,3,1,3,5,2,HP-I1 implementation authorization
D-3.4.j,"FSAR Chapter 4 Drafting, Cross-Checks & Records",Demonstrator,3 - Demonstrator engineering and Launch Pad USA authorization,SRP Chapters,2027-01-01,2028-03-31,True,"Execution definition complete; task-specific facility, supplier, and final design inputs remain subject to the listed hold points.",100,"Deliver FSAR Chapter 4 Drafting, Cross-Checks & Records between 2027-01-01 and 2028-03-31 through a controlled sequence of implementation authorization, input/facility readiness, technical execution, independent verification, and downstream handoff. The producing lead is Licensing Engineer; temporary laboratory, supplier, construction, or regulatory support is purchased only for defined products and acceptance evidence.",PB-FP-01; PB-FUEL-01; PB-MAT-01; PB-TEST-01,,5,4,5,1,3,1,3,5,5,HP-I1 implementation authorization
D-1.i,Severe Accident Mitigation Alternatives (SAMA) / Risk-Benefit Analysis (as applicable),Demonstrator,3 - Demonstrator engineering and Launch Pad USA authorization,Site & NEPA,2027-01-01,2027-06-30,True,"Execution definition complete; task-specific facility, supplier, and final design inputs remain subject to the listed hold points.",100,"Deliver Severe Accident Mitigation Alternatives (SAMA) / Risk-Benefit Analysis (as applicable) between 2027-01-01 and 2027-06-30 through a controlled sequence of implementation authorization, input/facility readiness, technical execution, independent verification, and downstream handoff. The producing lead is Environmental/Siting; temporary laboratory, supplier, construction, or regulatory support is purchased only for defined products and acceptance evidence.",PB-FP-01; PB-TEST-01,,5,4,2,1,3,3,3,5,3,HP-I1 implementation authorization
D-3.1.c,"Application Structure, Conventions & Referencing",Demonstrator,3 - Demonstrator engineering and Launch Pad USA authorization,SRP Chapters,2027-01-01,2027-06-30,False,"Execution definition complete; task-specific facility, supplier, and final design inputs remain subject to the listed hold points.",100,"Deliver Application Structure, Conventions & Referencing between 2027-01-01 and 2027-06-30 through a controlled sequence of implementation authorization, input/facility readiness, technical execution, independent verification, and downstream handoff. The producing lead is Chief Engineer; temporary laboratory, supplier, construction, or regulatory support is purchased only for defined products and acceptance evidence.",PB-TEST-01,,5,4,5,1,3,1,3,5,2,HP-I1 implementation authorization
D-3.15.i,Setpoint/Allowable Value Derivation & Tech Spec Interfaces,Demonstrator,3 - Demonstrator engineering and Launch Pad USA authorization,SRP Chapters,2027-01-01,2027-12-31,True,"Execution definition complete; task-specific facility, supplier, and final design inputs remain subject to the listed hold points.",100,"Deliver Setpoint/Allowable Value Derivation & Tech Spec Interfaces between 2027-01-01 and 2027-12-31 through a controlled sequence of implementation authorization, input/facility readiness, technical execution, independent verification, and downstream handoff. The producing lead is Safety Analysis; temporary laboratory, supplier, construction, or regulatory support is purchased only for defined products and acceptance evidence.",PB-FP-01; PB-TEST-01,,5,3,2,1,3,3,3,5,3,HP-I1 implementation authorization
D-3.2.g,External Hazards (Industrial/Transportation/Pipelines/Aircraft),Demonstrator,3 - Demonstrator engineering and Launch Pad USA authorization,SRP Chapters,2027-01-01,2027-06-30,False,"Execution definition complete; task-specific facility, supplier, and final design inputs remain subject to the listed hold points.",100,"Deliver External Hazards (Industrial/Transportation/Pipelines/Aircraft) between 2027-01-01 and 2027-06-30 through a controlled sequence of implementation authorization, input/facility readiness, technical execution, independent verification, and downstream handoff. The producing lead is Environmental/Siting; temporary laboratory, supplier, construction, or regulatory support is purchased only for defined products and acceptance evidence.",PB-MCA-01; PB-SUPPLY-01; PB-TEST-01,,5,4,5,1,3,1,3,5,2,HP-I1 implementation authorization
D-3.7.e,"Software Lifecycle, V&V & Configuration Management (IEEE 7-4.3.2)",Demonstrator,3 - Demonstrator engineering and Launch Pad USA authorization,SRP Chapters,2027-01-01,2028-03-31,True,"Execution definition complete; task-specific facility, supplier, and final design inputs remain subject to the listed hold points.",100,"Deliver Software Lifecycle, V&V & Configuration Management (IEEE 7-4.3.2) between 2027-01-01 and 2028-03-31 through a controlled sequence of implementation authorization, input/facility readiness, technical execution, independent verification, and downstream handoff. The producing lead is I&C/Digital Engineer; temporary laboratory, supplier, construction, or regulatory support is purchased only for defined products and acceptance evidence.",PB-MCA-01; PB-SUPPLY-01; PB-TEST-01,,5,3,5,1,3,1,3,5,2,HP-I1 implementation authorization
D-0.3.j,Compliance Matrices & SRP Chapter Views,Demonstrator,3 - Demonstrator engineering and Launch Pad USA authorization,Orientation,2027-01-01,2027-06-30,True,"Execution definition complete; task-specific facility, supplier, and final design inputs remain subject to the listed hold points.",100,"Deliver Compliance Matrices & SRP Chapter Views between 2027-01-01 and 2027-06-30 through a controlled sequence of implementation authorization, input/facility readiness, technical execution, independent verification, and downstream handoff. The producing lead is Systems Engineer; temporary laboratory, supplier, construction, or regulatory support is purchased only for defined products and acceptance evidence.",PB-TEST-01,,5,3,5,1,3,1,3,5,2,HP-I1 implementation authorization
D-3.11.a,Source Term Definition & Process Flow Mapping,Demonstrator,3 - Demonstrator engineering and Launch Pad USA authorization,SRP Chapters,2027-01-01,2027-06-30,False,"Execution definition complete; task-specific facility, supplier, and final design inputs remain subject to the listed hold points.",100,"Deliver Source Term Definition & Process Flow Mapping between 2027-01-01 and 2027-06-30 through a controlled sequence of implementation authorization, input/facility readiness, technical execution, independent verification, and downstream handoff. The producing lead is Radiation Protection/Chemistry; temporary laboratory, supplier, construction, or regulatory support is purchased only for defined products and acceptance evidence.",PB-FP-01; PB-MAT-01; PB-SUPPLY-01; PB-TEST-01; PB-WASTE-01,,5,4,2,1,3,3,3,5,3,HP-I1 implementation authorization
D-3.12.a,Source Term & Operating Scenarios (Normal/Refueling/Maintenance),Demonstrator,3 - Demonstrator engineering and Launch Pad USA authorization,SRP Chapters,2028-10-01,2029-09-30,True,"Execution definition complete; task-specific facility, supplier, and final design inputs remain subject to the listed hold points.",100,"Deliver Source Term & Operating Scenarios (Normal/Refueling/Maintenance) between 2028-10-01 and 2029-09-30 through a controlled sequence of implementation authorization, input/facility readiness, technical execution, independent verification, and downstream handoff. The producing lead is Radiation Protection/Chemistry; temporary laboratory, supplier, construction, or regulatory support is purchased only for defined products and acceptance evidence.",PB-CHEM-01; PB-FP-01; PB-FUEL-01; PB-MAT-01; PB-TEST-01,,5,4,2,1,3,3,3,5,5,HP-I1 implementation authorization
D-3.18.c,Functional Requirements Analysis & Function Allocation (FRA/FA),Demonstrator,3 - Demonstrator engineering and Launch Pad USA authorization,SRP Chapters,2027-01-01,2027-09-30,False,"Execution definition complete; task-specific facility, supplier, and final design inputs remain subject to the listed hold points.",100,"Deliver Functional Requirements Analysis & Function Allocation (FRA/FA) between 2027-01-01 and 2027-09-30 through a controlled sequence of implementation authorization, input/facility readiness, technical execution, independent verification, and downstream handoff. The producing lead is Systems Engineer; temporary laboratory, supplier, construction, or regulatory support is purchased only for defined products and acceptance evidence.",PB-TEST-01; PB-WASTE-01,,5,4,5,1,3,1,3,5,2,HP-I1 implementation authorization
D-3.4.c,Core Nuclear Design & Reactivity Control,Demonstrator,3 - Demonstrator engineering and Launch Pad USA authorization,SRP Chapters,2027-01-01,2027-09-30,True,"Execution definition complete; task-specific facility, supplier, and final design inputs remain subject to the listed hold points.",100,"Deliver Core Nuclear Design & Reactivity Control between 2027-01-01 and 2027-09-30 through a controlled sequence of implementation authorization, input/facility readiness, technical execution, independent verification, and downstream handoff. The producing lead is Reactor Physics; temporary laboratory, supplier, construction, or regulatory support is purchased only for defined products and acceptance evidence.",PB-FP-01; PB-FUEL-01; PB-MAT-01; PB-SUPPLY-01; PB-TEST-01,,5,4,5,1,3,1,3,5,5,HP-I1 implementation authorization
D-3.5.h,"Leakage Detection, Monitoring & Allowable Leakage Program",Demonstrator,3 - Demonstrator engineering and Launch Pad USA authorization,SRP Chapters,2027-01-01,2027-12-31,False,"Execution definition complete; task-specific facility, supplier, and final design inputs remain subject to the listed hold points.",100,"Deliver Leakage Detection, Monitoring & Allowable Leakage Program between 2027-01-01 and 2027-12-31 through a controlled sequence of implementation authorization, input/facility readiness, technical execution, independent verification, and downstream handoff. The producing lead is Safety Analysis; temporary laboratory, supplier, construction, or regulatory support is purchased only for defined products and acceptance evidence.",PB-MAT-01; PB-TEST-01,,5,3,5,1,3,1,3,5,2,HP-I1 implementation authorization
D-3.7.g,EMI/RFI Control Program & Testing (RG 1.180),Demonstrator,3 - Demonstrator engineering and Launch Pad USA authorization,SRP Chapters,2028-10-01,2029-09-30,True,"Execution definition complete; task-specific facility, supplier, and final design inputs remain subject to the listed hold points.",100,"Deliver EMI/RFI Control Program & Testing (RG 1.180) between 2028-10-01 and 2029-09-30 through a controlled sequence of implementation authorization, input/facility readiness, technical execution, independent verification, and downstream handoff. The producing lead is I&C/Digital Engineer; temporary laboratory, supplier, construction, or regulatory support is purchased only for defined products and acceptance evidence.",PB-MCA-01; PB-TEST-01,,6,4,5,1,3,4,3,5,2,HP-I1 implementation authorization
D-0.3.k,"Stakeholder Reviews & Approvals (Design, Ops, PRA, Licensing)",Demonstrator,3 - Demonstrator engineering and Launch Pad USA authorization,Orientation,2027-04-01,2027-09-30,True,"Execution definition complete; task-specific facility, supplier, and final design inputs remain subject to the listed hold points.",100,"Deliver Stakeholder Reviews & Approvals (Design, Ops, PRA, Licensing) between 2027-04-01 and 2027-09-30 through a controlled sequence of implementation authorization, input/facility readiness, technical execution, independent verification, and downstream handoff. The producing lead is Systems Engineer; temporary laboratory, supplier, construction, or regulatory support is purchased only for defined products and acceptance evidence.",PB-MAT-01; PB-TEST-01,,5,4,2,1,3,3,3,5,2,HP-I1 implementation authorization
D-1.j,Federal/State/Tribal Consultations & Environmental Permitting,Demonstrator,3 - Demonstrator engineering and Launch Pad USA authorization,Site & NEPA,2027-04-01,2027-09-30,True,"Execution definition complete; task-specific facility, supplier, and final design inputs remain subject to the listed hold points.",100,"Deliver Federal/State/Tribal Consultations & Environmental Permitting between 2027-04-01 and 2027-09-30 through a controlled sequence of implementation authorization, input/facility readiness, technical execution, independent verification, and downstream handoff. The producing lead is Environmental/Siting; temporary laboratory, supplier, construction, or regulatory support is purchased only for defined products and acceptance evidence.",PB-TEST-01,,5,4,5,1,3,1,3,5,2,HP-I1 implementation authorization
D-3.1.d,ITAAC Summary & COL Action Items,Demonstrator,3 - Demonstrator engineering and Launch Pad USA authorization,SRP Chapters,2027-04-01,2027-09-30,False,"Execution definition complete; task-specific facility, supplier, and final design inputs remain subject to the listed hold points.",100,"Deliver ITAAC Summary & COL Action Items between 2027-04-01 and 2027-09-30 through a controlled sequence of implementation authorization, input/facility readiness, technical execution, independent verification, and downstream handoff. The producing lead is Chief Engineer; temporary laboratory, supplier, construction, or regulatory support is purchased only for defined products and acceptance evidence.",PB-MCA-01; PB-TEST-01,,5,4,5,1,3,1,3,5,2,HP-I1 implementation authorization
D-3.11.d,Effluent Monitoring & Sampling (PERM/RMS),Demonstrator,3 - Demonstrator engineering and Launch Pad USA authorization,SRP Chapters,2027-04-01,2028-03-31,False,"Execution definition complete; task-specific facility, supplier, and final design inputs remain subject to the listed hold points.",100,"Deliver Effluent Monitoring & Sampling (PERM/RMS) between 2027-04-01 and 2028-03-31 through a controlled sequence of implementation authorization, input/facility readiness, technical execution, independent verification, and downstream handoff. The producing lead is Radiation Protection/Chemistry; temporary laboratory, supplier, construction, or regulatory support is purchased only for defined products and acceptance evidence.",PB-CHEM-01; PB-FP-01; PB-MAT-01; PB-SUPPLY-01; PB-TEST-01; PB-WASTE-01,,5,4,5,2,3,1,4,5,3,HP-I1 implementation authorization
D-3.12.d,Airborne Radioactivity Control & HVAC Interfaces,Demonstrator,3 - Demonstrator engineering and Launch Pad USA authorization,SRP Chapters,2027-04-01,2028-03-31,False,"Execution definition complete; task-specific facility, supplier, and final design inputs remain subject to the listed hold points.",100,"Deliver Airborne Radioactivity Control & HVAC Interfaces between 2027-04-01 and 2028-03-31 through a controlled sequence of implementation authorization, input/facility readiness, technical execution, independent verification, and downstream handoff. The producing lead is Radiation Protection/Chemistry; temporary laboratory, supplier, construction, or regulatory support is purchased only for defined products and acceptance evidence.",PB-CHEM-01; PB-FP-01; PB-FUEL-01; PB-MAT-01; PB-TEST-01,,5,4,5,2,3,1,4,5,5,HP-I1 implementation authorization
D-3.15.l,"FSAR Chapter 15 Authoring, Peer Review & Records",Demonstrator,3 - Demonstrator engineering and Launch Pad USA authorization,SRP Chapters,2027-04-01,2028-03-31,True,"Execution definition complete; task-specific facility, supplier, and final design inputs remain subject to the listed hold points.",100,"Deliver FSAR Chapter 15 Authoring, Peer Review & Records between 2027-04-01 and 2028-03-31 through a controlled sequence of implementation authorization, input/facility readiness, technical execution, independent verification, and downstream handoff. The producing lead is Licensing Engineer; temporary laboratory, supplier, construction, or regulatory support is purchased only for defined products and acceptance evidence.",PB-FP-01; PB-TEST-01,,5,3,2,1,3,3,3,5,3,HP-I1 implementation authorization
D-3.3.b,"SSI Models, Foundation Motions & ISRS Generation",Demonstrator,3 - Demonstrator engineering and Launch Pad USA authorization,SRP Chapters,2027-04-01,2027-09-30,False,"Execution definition complete; task-specific facility, supplier, and final design inputs remain subject to the listed hold points.",100,"Deliver SSI Models, Foundation Motions & ISRS Generation between 2027-04-01 and 2027-09-30 through a controlled sequence of implementation authorization, input/facility readiness, technical execution, independent verification, and downstream handoff. The producing lead is Civil/Structural Engineer; temporary laboratory, supplier, construction, or regulatory support is purchased only for defined products and acceptance evidence.",PB-MAT-01; PB-TEST-01,,5,3,2,1,3,3,3,5,2,HP-I1 implementation authorization
D-3.5.j,"Materials, Welding, NDE & ISI Interfaces",Demonstrator,3 - Demonstrator engineering and Launch Pad USA authorization,SRP Chapters,2027-04-01,2027-12-31,False,"Execution definition complete; task-specific facility, supplier, and final design inputs remain subject to the listed hold points.",100,"Deliver Materials, Welding, NDE & ISI Interfaces between 2027-04-01 and 2027-12-31 through a controlled sequence of implementation authorization, input/facility readiness, technical execution, independent verification, and downstream handoff. The producing lead is Safety Analysis; temporary laboratory, supplier, construction, or regulatory support is purchased only for defined products and acceptance evidence.",PB-MAT-01; PB-SUPPLY-01; PB-TEST-01,,5,4,5,2,3,1,3,5,3,HP-I1 implementation authorization
D-3.6.e,Hydrogen Management (10 CFR 50.44),Demonstrator,3 - Demonstrator engineering and Launch Pad USA authorization,SRP Chapters,2027-04-01,2027-12-31,False,"Execution definition complete; task-specific facility, supplier, and final design inputs remain subject to the listed hold points.",100,"Deliver Hydrogen Management (10 CFR 50.44) between 2027-04-01 and 2027-12-31 through a controlled sequence of implementation authorization, input/facility readiness, technical execution, independent verification, and downstream handoff. The producing lead is Safety Analysis; temporary laboratory, supplier, construction, or regulatory support is purchased only for defined products and acceptance evidence.",PB-CHEM-01; PB-TEST-01,,5,3,5,1,3,1,3,5,3,HP-I1 implementation authorization
D-3.7.j,Cybersecurity Program (10 CFR 73.54; RG 5.71; NEI 08-09),Demonstrator,3 - Demonstrator engineering and Launch Pad USA authorization,SRP Chapters,2028-10-01,2029-12-31,True,"Execution definition complete; task-specific facility, supplier, and final design inputs remain subject to the listed hold points.",100,"Deliver Cybersecurity Program (10 CFR 73.54; RG 5.71; NEI 08-09) between 2028-10-01 and 2029-12-31 through a controlled sequence of implementation authorization, input/facility readiness, technical execution, independent verification, and downstream handoff. The producing lead is I&C/Digital Engineer; temporary laboratory, supplier, construction, or regulatory support is purchased only for defined products and acceptance evidence.",PB-MCA-01; PB-TEST-01,,5,3,1,1,3,4,3,5,2,HP-I1 implementation authorization
D-3.9.d,Fuel Oil Storage & Transfer (SRP 9.5.4 interface to EDGs),Demonstrator,3 - Demonstrator engineering and Launch Pad USA authorization,SRP Chapters,2027-04-01,2028-03-31,True,"Execution definition complete; task-specific facility, supplier, and final design inputs remain subject to the listed hold points.",100,"Deliver Fuel Oil Storage & Transfer (SRP 9.5.4 interface to EDGs) between 2027-04-01 and 2028-03-31 through a controlled sequence of implementation authorization, input/facility readiness, technical execution, independent verification, and downstream handoff. The producing lead is Mechanical Engineer; temporary laboratory, supplier, construction, or regulatory support is purchased only for defined products and acceptance evidence.",PB-FP-01; PB-FUEL-01; PB-SUPPLY-01; PB-TEST-01; PB-WASTE-01,,5,4,5,1,3,1,3,5,5,HP-I1 implementation authorization
D-0.3.l,Digital Thread Analytics & Visualizations,Demonstrator,3 - Demonstrator engineering and Launch Pad USA authorization,Orientation,2027-04-01,2027-09-30,True,"Execution definition complete; task-specific facility, supplier, and final design inputs remain subject to the listed hold points.",100,"Deliver Digital Thread Analytics & Visualizations between 2027-04-01 and 2027-09-30 through a controlled sequence of implementation authorization, input/facility readiness, technical execution, independent verification, and downstream handoff. The producing lead is Systems Engineer; temporary laboratory, supplier, construction, or regulatory support is purchased only for defined products and acceptance evidence.",PB-TEST-01,,5,3,5,1,3,1,3,5,2,HP-I1 implementation authorization
D-3.10.a,System Architecture & Boundaries,Demonstrator,3 - Demonstrator engineering and Launch Pad USA authorization,SRP Chapters,2027-04-01,2027-09-30,False,"Execution definition complete; task-specific facility, supplier, and final design inputs remain subject to the listed hold points.",100,"Deliver System Architecture & Boundaries between 2027-04-01 and 2027-09-30 through a controlled sequence of implementation authorization, input/facility readiness, technical execution, independent verification, and downstream handoff. The producing lead is Mechanical Engineer; temporary laboratory, supplier, construction, or regulatory support is purchased only for defined products and acceptance evidence.",PB-CHEM-01; PB-MAT-01; PB-SUPPLY-01; PB-TEST-01,,5,4,5,2,3,1,3,5,4,HP-I1 implementation authorization
D-3.12.e,Area/Process Radiation Monitoring & Instrumentation,Demonstrator,3 - Demonstrator engineering and Launch Pad USA authorization,SRP Chapters,2027-04-01,2028-03-31,False,"Execution definition complete; task-specific facility, supplier, and final design inputs remain subject to the listed hold points.",100,"Deliver Area/Process Radiation Monitoring & Instrumentation between 2027-04-01 and 2028-03-31 through a controlled sequence of implementation authorization, input/facility readiness, technical execution, independent verification, and downstream handoff. The producing lead is Radiation Protection/Chemistry; temporary laboratory, supplier, construction, or regulatory support is purchased only for defined products and acceptance evidence.",PB-CHEM-01; PB-FUEL-01; PB-MAT-01; PB-TEST-01,,5,4,5,1,3,1,3,5,5,HP-I1 implementation authorization
D-3.18.j,Human Reliability Analysis (HRA) - PRA Interfaces,Demonstrator,3 - Demonstrator engineering and Launch Pad USA authorization,SRP Chapters,2027-04-01,2028-03-31,False,"Execution definition complete; task-specific facility, supplier, and final design inputs remain subject to the listed hold points.",100,"Deliver Human Reliability Analysis (HRA) - PRA Interfaces between 2027-04-01 and 2028-03-31 through a controlled sequence of implementation authorization, input/facility readiness, technical execution, independent verification, and downstream handoff. The producing lead is Human Factors Engineer; temporary laboratory, supplier, construction, or regulatory support is purchased only for defined products and acceptance evidence.",PB-TEST-01; PB-WASTE-01,,5,4,2,1,3,3,3,5,2,HP-I1 implementation authorization
D-3.3.c,Nuclear Concrete Design (ACI 349) & Foundations,Demonstrator,3 - Demonstrator engineering and Launch Pad USA authorization,SRP Chapters,2027-04-01,2027-09-30,False,"Execution definition complete; task-specific facility, supplier, and final design inputs remain subject to the listed hold points.",100,"Deliver Nuclear Concrete Design (ACI 349) & Foundations between 2027-04-01 and 2027-09-30 through a controlled sequence of implementation authorization, input/facility readiness, technical execution, independent verification, and downstream handoff. The producing lead is Civil/Structural Engineer; temporary laboratory, supplier, construction, or regulatory support is purchased only for defined products and acceptance evidence.",PB-MAT-01; PB-TEST-01,,5,3,5,1,3,1,3,5,2,HP-I1 implementation authorization
D-3.5.k,"Calculation Control, Independent Verification & Records",Demonstrator,3 - Demonstrator engineering and Launch Pad USA authorization,SRP Chapters,2027-04-01,2028-03-31,False,"Execution definition complete; task-specific facility, supplier, and final design inputs remain subject to the listed hold points.",100,"Deliver Calculation Control, Independent Verification & Records between 2027-04-01 and 2028-03-31 through a controlled sequence of implementation authorization, input/facility readiness, technical execution, independent verification, and downstream handoff. The producing lead is Safety Analysis; temporary laboratory, supplier, construction, or regulatory support is purchased only for defined products and acceptance evidence.",PB-MAT-01; PB-TEST-01,,5,3,2,1,3,3,3,5,2,HP-I1 implementation authorization
D-3.6.h,Appendix J Leakage Testing Program (Type A/B/C),Demonstrator,3 - Demonstrator engineering and Launch Pad USA authorization,SRP Chapters,2028-10-01,2029-12-31,False,"Execution definition complete; task-specific facility, supplier, and final design inputs remain subject to the listed hold points.",100,"Deliver Appendix J Leakage Testing Program (Type A/B/C) between 2028-10-01 and 2029-12-31 through a controlled sequence of implementation authorization, input/facility readiness, technical execution, independent verification, and downstream handoff. The producing lead is Safety Analysis; temporary laboratory, supplier, construction, or regulatory support is purchased only for defined products and acceptance evidence.",PB-CHEM-01; PB-TEST-01,,6,4,5,1,3,4,3,5,3,HP-I1 implementation authorization
D-3.1.e,Graphics & Tables: General Arrangement and Block Diagrams,Demonstrator,3 - Demonstrator engineering and Launch Pad USA authorization,SRP Chapters,2027-04-01,2027-09-30,False,"Execution definition complete; task-specific facility, supplier, and final design inputs remain subject to the listed hold points.",100,"Deliver Graphics & Tables: General Arrangement and Block Diagrams between 2027-04-01 and 2027-09-30 through a controlled sequence of implementation authorization, input/facility readiness, technical execution, independent verification, and downstream handoff. The producing lead is Chief Engineer; temporary laboratory, supplier, construction, or regulatory support is purchased only for defined products and acceptance evidence.",PB-TEST-01,,5,4,5,1,3,1,3,5,2,HP-I1 implementation authorization
D-3.11.g,Solid Radwaste Handling & Packaging (Interface to 10 CFR 61/71),Demonstrator,3 - Demonstrator engineering and Launch Pad USA authorization,SRP Chapters,2027-04-01,2028-03-31,False,"Execution definition complete; task-specific facility, supplier, and final design inputs remain subject to the listed hold points.",100,"Deliver Solid Radwaste Handling & Packaging (Interface to 10 CFR 61/71) between 2027-04-01 and 2028-03-31 through a controlled sequence of implementation authorization, input/facility readiness, technical execution, independent verification, and downstream handoff. The producing lead is Radiation Protection/Chemistry; temporary laboratory, supplier, construction, or regulatory support is purchased only for defined products and acceptance evidence.",PB-CHEM-01; PB-FP-01; PB-MAT-01; PB-SUPPLY-01; PB-TEST-01; PB-WASTE-01,,5,4,5,2,3,1,4,5,3,HP-I1 implementation authorization
D-3.15.c,"Initial Conditions, Bias/Uncertainty & Parameter Distributions",Demonstrator,3 - Demonstrator engineering and Launch Pad USA authorization,SRP Chapters,2027-04-01,2027-09-30,True,"Execution definition complete; task-specific facility, supplier, and final design inputs remain subject to the listed hold points.",100,"Deliver Initial Conditions, Bias/Uncertainty & Parameter Distributions between 2027-04-01 and 2027-09-30 through a controlled sequence of implementation authorization, input/facility readiness, technical execution, independent verification, and downstream handoff. The producing lead is Safety Analysis; temporary laboratory, supplier, construction, or regulatory support is purchased only for defined products and acceptance evidence.",PB-FP-01; PB-TEST-01,,5,3,2,1,3,3,3,5,3,HP-I1 implementation authorization
D-3.19.k,RIDM Applications & Programs,Demonstrator,3 - Demonstrator engineering and Launch Pad USA authorization,SRP Chapters,2027-04-01,2028-03-31,True,"Execution definition complete; task-specific facility, supplier, and final design inputs remain subject to the listed hold points.",100,"Deliver RIDM Applications & Programs between 2027-04-01 and 2028-03-31 through a controlled sequence of implementation authorization, input/facility readiness, technical execution, independent verification, and downstream handoff. The producing lead is PRA/Risk Engineer; temporary laboratory, supplier, construction, or regulatory support is purchased only for defined products and acceptance evidence.",PB-MAT-01; PB-TEST-01,,5,3,2,1,3,1,3,5,2,HP-I1 implementation authorization
D-3.3.d,Nuclear Steel Design (AISC N690) & Steel Framing,Demonstrator,3 - Demonstrator engineering and Launch Pad USA authorization,SRP Chapters,2027-04-01,2027-09-30,False,"Execution definition complete; task-specific facility, supplier, and final design inputs remain subject to the listed hold points.",100,"Deliver Nuclear Steel Design (AISC N690) & Steel Framing between 2027-04-01 and 2027-09-30 through a controlled sequence of implementation authorization, input/facility readiness, technical execution, independent verification, and downstream handoff. The producing lead is Civil/Structural Engineer; temporary laboratory, supplier, construction, or regulatory support is purchased only for defined products and acceptance evidence.",PB-MAT-01; PB-TEST-01,,5,3,5,1,3,1,3,5,2,HP-I1 implementation authorization
D-3.4.d,Thermal-Hydraulic Analysis of Normal & AOO Conditions,Demonstrator,3 - Demonstrator engineering and Launch Pad USA authorization,SRP Chapters,2027-04-01,2027-09-30,True,"Execution definition complete; task-specific facility, supplier, and final design inputs remain subject to the listed hold points.",100,"Deliver Thermal-Hydraulic Analysis of Normal & AOO Conditions between 2027-04-01 and 2027-09-30 through a controlled sequence of implementation authorization, input/facility readiness, technical execution, independent verification, and downstream handoff. The producing lead is Fuel/Materials Engineer; temporary laboratory, supplier, construction, or regulatory support is purchased only for defined products and acceptance evidence.",PB-CHEM-01; PB-FP-01; PB-FUEL-01; PB-MAT-01; PB-TEST-01,,5,4,2,1,3,3,3,5,5,HP-I1 implementation authorization
D-3.5.b,"Design Transients, Load Combinations & Service Levels",Demonstrator,3 - Demonstrator engineering and Launch Pad USA authorization,SRP Chapters,2027-04-01,2027-09-30,False,"Execution definition complete; task-specific facility, supplier, and final design inputs remain subject to the listed hold points.",100,"Deliver Design Transients, Load Combinations & Service Levels between 2027-04-01 and 2027-09-30 through a controlled sequence of implementation authorization, input/facility readiness, technical execution, independent verification, and downstream handoff. The producing lead is Thermal-Hydraulics; temporary laboratory, supplier, construction, or regulatory support is purchased only for defined products and acceptance evidence.",PB-CHEM-01; PB-FUEL-01; PB-MAT-01; PB-TEST-01,,5,4,5,1,3,1,3,5,5,HP-I1 implementation authorization
D-3.5.l,FSAR Chapter 5 Drafting & Cross-Chapter Interfaces,Demonstrator,3 - Demonstrator engineering and Launch Pad USA authorization,SRP Chapters,2027-04-01,2028-03-31,False,"Execution definition complete; task-specific facility, supplier, and final design inputs remain subject to the listed hold points.",100,"Deliver FSAR Chapter 5 Drafting & Cross-Chapter Interfaces between 2027-04-01 and 2028-03-31 through a controlled sequence of implementation authorization, input/facility readiness, technical execution, independent verification, and downstream handoff. The producing lead is Licensing Engineer; temporary laboratory, supplier, construction, or regulatory support is purchased only for defined products and acceptance evidence.",PB-FP-01; PB-MAT-01; PB-TEST-01,,5,3,5,1,3,1,3,5,3,HP-I1 implementation authorization
D-3.6.a,ECCS Evaluation Model & Acceptance Criteria,Demonstrator,3 - Demonstrator engineering and Launch Pad USA authorization,SRP Chapters,2027-04-01,2027-09-30,False,"Execution definition complete; task-specific facility, supplier, and final design inputs remain subject to the listed hold points.",100,"Deliver ECCS Evaluation Model & Acceptance Criteria between 2027-04-01 and 2027-09-30 through a controlled sequence of implementation authorization, input/facility readiness, technical execution, independent verification, and downstream handoff. The producing lead is Thermal-Hydraulics; temporary laboratory, supplier, construction, or regulatory support is purchased only for defined products and acceptance evidence.",PB-CHEM-01; PB-FUEL-01; PB-TEST-01,,5,5,2,1,3,3,3,5,5,HP-I1 implementation authorization
D-3.6.i,Post-Accident Monitoring (PAM) per RG 1.97,Demonstrator,3 - Demonstrator engineering and Launch Pad USA authorization,SRP Chapters,2027-04-01,2028-03-31,False,"Execution definition complete; task-specific facility, supplier, and final design inputs remain subject to the listed hold points.",100,"Deliver Post-Accident Monitoring (PAM) per RG 1.97 between 2027-04-01 and 2028-03-31 through a controlled sequence of implementation authorization, input/facility readiness, technical execution, independent verification, and downstream handoff. The producing lead is Safety Analysis; temporary laboratory, supplier, construction, or regulatory support is purchased only for defined products and acceptance evidence.",PB-CHEM-01; PB-TEST-01,,5,3,2,1,3,3,3,5,3,HP-I1 implementation authorization
D-3.7.b,Independence & Isolation Analysis (IEEE 384),Demonstrator,3 - Demonstrator engineering and Launch Pad USA authorization,SRP Chapters,2027-04-01,2027-09-30,True,"Execution definition complete; task-specific facility, supplier, and final design inputs remain subject to the listed hold points.",100,"Deliver Independence & Isolation Analysis (IEEE 384) between 2027-04-01 and 2027-09-30 through a controlled sequence of implementation authorization, input/facility readiness, technical execution, independent verification, and downstream handoff. The producing lead is I&C/Digital Engineer; temporary laboratory, supplier, construction, or regulatory support is purchased only for defined products and acceptance evidence.",PB-MCA-01; PB-TEST-01,,5,3,2,1,3,3,3,5,2,HP-I1 implementation authorization
D-3.7.l,HSI/HFE & PAM Interfaces (NUREG-0711 / RG 1.97),Demonstrator,3 - Demonstrator engineering and Launch Pad USA authorization,SRP Chapters,2028-10-01,2029-12-31,True,"Execution definition complete; task-specific facility, supplier, and final design inputs remain subject to the listed hold points.",100,"Deliver HSI/HFE & PAM Interfaces (NUREG-0711 / RG 1.97) between 2028-10-01 and 2029-12-31 through a controlled sequence of implementation authorization, input/facility readiness, technical execution, independent verification, and downstream handoff. The producing lead is I&C/Digital Engineer; temporary laboratory, supplier, construction, or regulatory support is purchased only for defined products and acceptance evidence.",PB-MCA-01; PB-TEST-01,,5,3,1,1,3,4,3,5,2,HP-I1 implementation authorization
D-3.7.m,"FSAR Chapter 7 Drafting, Reviews & Records",Demonstrator,3 - Demonstrator engineering and Launch Pad USA authorization,SRP Chapters,2026-10-01,2030-03-31,True,"Execution definition complete; task-specific facility, supplier, and final design inputs remain subject to the listed hold points.",100,"Deliver FSAR Chapter 7 Drafting, Reviews & Records between 2026-10-01 and 2030-03-31 through a controlled sequence of implementation authorization, input/facility readiness, technical execution, independent verification, and downstream handoff. The producing lead is Licensing Engineer; temporary laboratory, supplier, construction, or regulatory support is purchased only for defined products and acceptance evidence.",PB-MCA-01; PB-SUPPLY-01; PB-TEST-01,,5,3,1,1,3,1,3,5,2,HP-I1 implementation authorization
D-3.8.a,Offsite Power & Grid Interconnection (GDC 17),Demonstrator,3 - Demonstrator engineering and Launch Pad USA authorization,SRP Chapters,2027-04-01,2027-09-30,False,"Execution definition complete; task-specific facility, supplier, and final design inputs remain subject to the listed hold points.",100,"Deliver Offsite Power & Grid Interconnection (GDC 17) between 2027-04-01 and 2027-09-30 through a controlled sequence of implementation authorization, input/facility readiness, technical execution, independent verification, and downstream handoff. The producing lead is Electrical Engineer; temporary laboratory, supplier, construction, or regulatory support is purchased only for defined products and acceptance evidence.",PB-CHEM-01; PB-TEST-01,,5,3,5,1,3,1,3,5,3,HP-I1 implementation authorization
D-3.9.f,Liquid & Gaseous Radwaste (SRP 11 interface; RG 1.143; 10 CFR 20/50.34a/61/71),Demonstrator,3 - Demonstrator engineering and Launch Pad USA authorization,SRP Chapters,2027-04-01,2028-03-31,False,"Execution definition complete; task-specific facility, supplier, and final design inputs remain subject to the listed hold points.",100,"Deliver Liquid & Gaseous Radwaste (SRP 11 interface; RG 1.143; 10 CFR 20/50.34a/61/71) between 2027-04-01 and 2028-03-31 through a controlled sequence of implementation authorization, input/facility readiness, technical execution, independent verification, and downstream handoff. The producing lead is Mechanical Engineer; temporary laboratory, supplier, construction, or regulatory support is purchased only for defined products and acceptance evidence.",PB-FP-01; PB-MAT-01; PB-SUPPLY-01; PB-TEST-01; PB-WASTE-01,,5,3,5,1,3,1,3,5,3,HP-I1 implementation authorization
D-3.1.f,Cross-Chapter Consistency & Parameter Reconciliation,Demonstrator,3 - Demonstrator engineering and Launch Pad USA authorization,SRP Chapters,2027-04-01,2027-09-30,False,"Execution definition complete; task-specific facility, supplier, and final design inputs remain subject to the listed hold points.",100,"Deliver Cross-Chapter Consistency & Parameter Reconciliation between 2027-04-01 and 2027-09-30 through a controlled sequence of implementation authorization, input/facility readiness, technical execution, independent verification, and downstream handoff. The producing lead is Chief Engineer; temporary laboratory, supplier, construction, or regulatory support is purchased only for defined products and acceptance evidence.",PB-TEST-01,,5,4,5,1,3,1,3,5,2,HP-I1 implementation authorization
D-3.11.h,"ALARA, Shielding & Ventilation Interfaces",Demonstrator,3 - Demonstrator engineering and Launch Pad USA authorization,SRP Chapters,2027-04-01,2028-03-31,False,"Execution definition complete; task-specific facility, supplier, and final design inputs remain subject to the listed hold points.",100,"Deliver ALARA, Shielding & Ventilation Interfaces between 2027-04-01 and 2028-03-31 through a controlled sequence of implementation authorization, input/facility readiness, technical execution, independent verification, and downstream handoff. The producing lead is Radiation Protection/Chemistry; temporary laboratory, supplier, construction, or regulatory support is purchased only for defined products and acceptance evidence.",PB-CHEM-01; PB-FP-01; PB-MAT-01; PB-SUPPLY-01; PB-TEST-01; PB-WASTE-01,,5,4,5,2,3,1,4,5,3,HP-I1 implementation authorization
D-3.15.d,AOO Transients (Non-LOCA) - Thermal Limit & Fuel Criteria,Demonstrator,3 - Demonstrator engineering and Launch Pad USA authorization,SRP Chapters,2027-04-01,2027-12-31,True,"Execution definition complete; task-specific facility, supplier, and final design inputs remain subject to the listed hold points.",100,"Deliver AOO Transients (Non-LOCA) - Thermal Limit & Fuel Criteria between 2027-04-01 and 2027-12-31 through a controlled sequence of implementation authorization, input/facility readiness, technical execution, independent verification, and downstream handoff. The producing lead is Thermal-Hydraulics; temporary laboratory, supplier, construction, or regulatory support is purchased only for defined products and acceptance evidence.",PB-CHEM-01; PB-FP-01; PB-FUEL-01; PB-TEST-01,,5,4,2,1,3,3,3,5,5,HP-I1 implementation authorization
D-3.17.e,Commercial-Grade Dedication (CGD),Demonstrator,3 - Demonstrator engineering and Launch Pad USA authorization,SRP Chapters,2027-04-01,2028-03-31,True,"Execution definition complete; task-specific facility, supplier, and final design inputs remain subject to the listed hold points.",100,"Deliver Commercial-Grade Dedication (CGD) between 2027-04-01 and 2028-03-31 through a controlled sequence of implementation authorization, input/facility readiness, technical execution, independent verification, and downstream handoff. The producing lead is Quality Assurance; temporary laboratory, supplier, construction, or regulatory support is purchased only for defined products and acceptance evidence.",PB-CHEM-01; PB-FUEL-01; PB-MAT-01; PB-SUPPLY-01; PB-TEST-01,,5,3,1,1,3,1,3,5,5,HP-I1 implementation authorization
D-3.18.b,Operating Experience Review (OER),Demonstrator,3 - Demonstrator engineering and Launch Pad USA authorization,SRP Chapters,2027-04-01,2027-12-31,False,"Execution definition complete; task-specific facility, supplier, and final design inputs remain subject to the listed hold points.",100,"Deliver Operating Experience Review (OER) between 2027-04-01 and 2027-12-31 through a controlled sequence of implementation authorization, input/facility readiness, technical execution, independent verification, and downstream handoff. The producing lead is Human Factors Engineer; temporary laboratory, supplier, construction, or regulatory support is purchased only for defined products and acceptance evidence.",PB-TEST-01; PB-WASTE-01,,5,4,5,1,3,1,3,5,2,HP-I1 implementation authorization
D-3.3.e,"ASME Section III Pressure Boundary Design (Vessels, Heat Exchangers)",Demonstrator,3 - Demonstrator engineering and Launch Pad USA authorization,SRP Chapters,2027-04-01,2027-09-30,False,"Execution definition complete; task-specific facility, supplier, and final design inputs remain subject to the listed hold points.",100,"Deliver ASME Section III Pressure Boundary Design (Vessels, Heat Exchangers) between 2027-04-01 and 2027-09-30 through a controlled sequence of implementation authorization, input/facility readiness, technical execution, independent verification, and downstream handoff. The producing lead is Mechanical Engineer; temporary laboratory, supplier, construction, or regulatory support is purchased only for defined products and acceptance evidence.",PB-CHEM-01; PB-FUEL-01; PB-TEST-01,,5,4,5,1,3,1,3,5,5,HP-I1 implementation authorization
D-3.5.c,ASME III NB Design-by-Analysis (Vessels & Major Components),Demonstrator,3 - Demonstrator engineering and Launch Pad USA authorization,SRP Chapters,2027-04-01,2027-09-30,False,"Execution definition complete; task-specific facility, supplier, and final design inputs remain subject to the listed hold points.",100,"Deliver ASME III NB Design-by-Analysis (Vessels & Major Components) between 2027-04-01 and 2027-09-30 through a controlled sequence of implementation authorization, input/facility readiness, technical execution, independent verification, and downstream handoff. The producing lead is Safety Analysis; temporary laboratory, supplier, construction, or regulatory support is purchased only for defined products and acceptance evidence.",PB-MAT-01; PB-TEST-01,,5,3,5,1,3,1,3,5,2,HP-I1 implementation authorization
D-3.6.j,Radiological Consequences & Control Room Habitability Interfaces,Demonstrator,3 - Demonstrator engineering and Launch Pad USA authorization,SRP Chapters,2027-04-01,2028-03-31,False,"Execution definition complete; task-specific facility, supplier, and final design inputs remain subject to the listed hold points.",100,"Deliver Radiological Consequences & Control Room Habitability Interfaces between 2027-04-01 and 2028-03-31 through a controlled sequence of implementation authorization, input/facility readiness, technical execution, independent verification, and downstream handoff. The producing lead is Safety Analysis; temporary laboratory, supplier, construction, or regulatory support is purchased only for defined products and acceptance evidence.",PB-CHEM-01; PB-TEST-01,,5,3,5,1,3,1,3,5,3,HP-I1 implementation authorization
D-3.6.k,"Interface to EQ, Structural & Setpoint Programs",Demonstrator,3 - Demonstrator engineering and Launch Pad USA authorization,SRP Chapters,2027-04-01,2028-03-31,False,"Execution definition complete; task-specific facility, supplier, and final design inputs remain subject to the listed hold points.",100,"Deliver Interface to EQ, Structural & Setpoint Programs between 2027-04-01 and 2028-03-31 through a controlled sequence of implementation authorization, input/facility readiness, technical execution, independent verification, and downstream handoff. The producing lead is Safety Analysis; temporary laboratory, supplier, construction, or regulatory support is purchased only for defined products and acceptance evidence.",PB-CHEM-01; PB-TEST-01,,5,3,5,1,3,1,3,5,3,HP-I1 implementation authorization
D-3.7.c,Single Failure Criterion Demonstration (IEEE 379),Demonstrator,3 - Demonstrator engineering and Launch Pad USA authorization,SRP Chapters,2027-04-01,2027-09-30,True,"Execution definition complete; task-specific facility, supplier, and final design inputs remain subject to the listed hold points.",100,"Deliver Single Failure Criterion Demonstration (IEEE 379) between 2027-04-01 and 2027-09-30 through a controlled sequence of implementation authorization, input/facility readiness, technical execution, independent verification, and downstream handoff. The producing lead is I&C/Digital Engineer; temporary laboratory, supplier, construction, or regulatory support is purchased only for defined products and acceptance evidence.",PB-MCA-01; PB-TEST-01,,5,3,2,1,3,3,3,5,2,HP-I1 implementation authorization
D-3.8.h,"Independence, Separation Audits & Class 1E Qualification",Demonstrator,3 - Demonstrator engineering and Launch Pad USA authorization,SRP Chapters,2027-04-01,2028-03-31,False,"Execution definition complete; task-specific facility, supplier, and final design inputs remain subject to the listed hold points.",100,"Deliver Independence, Separation Audits & Class 1E Qualification between 2027-04-01 and 2028-03-31 through a controlled sequence of implementation authorization, input/facility readiness, technical execution, independent verification, and downstream handoff. The producing lead is Quality Assurance; temporary laboratory, supplier, construction, or regulatory support is purchased only for defined products and acceptance evidence.",PB-SUPPLY-01; PB-TEST-01,,5,3,5,1,3,1,3,5,2,HP-I1 implementation authorization
D-3.9.a,HVAC & Air Cleaning (SRP 9.4; RG 1.52/ASME AG-1),Demonstrator,3 - Demonstrator engineering and Launch Pad USA authorization,SRP Chapters,2027-04-01,2027-09-30,False,"Execution definition complete; task-specific facility, supplier, and final design inputs remain subject to the listed hold points.",100,"Deliver HVAC & Air Cleaning (SRP 9.4; RG 1.52/ASME AG-1) between 2027-04-01 and 2027-09-30 through a controlled sequence of implementation authorization, input/facility readiness, technical execution, independent verification, and downstream handoff. The producing lead is Mechanical Engineer; temporary laboratory, supplier, construction, or regulatory support is purchased only for defined products and acceptance evidence.",PB-FP-01; PB-SUPPLY-01; PB-TEST-01; PB-WASTE-01,,5,3,5,1,3,1,3,5,3,HP-I1 implementation authorization
D-3.9.h,"Failure Effects, Interlocks, and Technical Specification Interfaces",Demonstrator,3 - Demonstrator engineering and Launch Pad USA authorization,SRP Chapters,2027-04-01,2028-03-31,False,"Execution definition complete; task-specific facility, supplier, and final design inputs remain subject to the listed hold points.",100,"Deliver Failure Effects, Interlocks, and Technical Specification Interfaces between 2027-04-01 and 2028-03-31 through a controlled sequence of implementation authorization, input/facility readiness, technical execution, independent verification, and downstream handoff. The producing lead is Mechanical Engineer; temporary laboratory, supplier, construction, or regulatory support is purchased only for defined products and acceptance evidence.",PB-FP-01; PB-SUPPLY-01; PB-TEST-01; PB-WASTE-01,,5,3,5,1,3,1,3,5,3,HP-I1 implementation authorization
D-3.10.g,"Condenser, Vacuum & Heat Rejection Interfaces",Demonstrator,3 - Demonstrator engineering and Launch Pad USA authorization,SRP Chapters,2027-04-01,2027-12-31,False,"Execution definition complete; task-specific facility, supplier, and final design inputs remain subject to the listed hold points.",100,"Deliver Condenser, Vacuum & Heat Rejection Interfaces between 2027-04-01 and 2027-12-31 through a controlled sequence of implementation authorization, input/facility readiness, technical execution, independent verification, and downstream handoff. The producing lead is Mechanical Engineer; temporary laboratory, supplier, construction, or regulatory support is purchased only for defined products and acceptance evidence.",PB-CHEM-01; PB-FP-01; PB-FUEL-01; PB-MAT-01; PB-TEST-01,,5,4,5,1,3,1,3,5,5,HP-I1 implementation authorization
D-3.11.i,ODCM Development & Reporting/Tech Spec Interfaces,Demonstrator,3 - Demonstrator engineering and Launch Pad USA authorization,SRP Chapters,2027-04-01,2028-03-31,False,"Execution definition complete; task-specific facility, supplier, and final design inputs remain subject to the listed hold points.",100,"Deliver ODCM Development & Reporting/Tech Spec Interfaces between 2027-04-01 and 2028-03-31 through a controlled sequence of implementation authorization, input/facility readiness, technical execution, independent verification, and downstream handoff. The producing lead is Radiation Protection/Chemistry; temporary laboratory, supplier, construction, or regulatory support is purchased only for defined products and acceptance evidence.",PB-CHEM-01; PB-FP-01; PB-MAT-01; PB-MCA-01; PB-SUPPLY-01; PB-TEST-01; PB-WASTE-01,,5,4,5,2,3,1,4,5,3,HP-I1 implementation authorization
D-3.12.i,Control Room Habitability & PAM Interfaces (Cross-Check),Demonstrator,3 - Demonstrator engineering and Launch Pad USA authorization,SRP Chapters,2027-04-01,2028-03-31,False,"Execution definition complete; task-specific facility, supplier, and final design inputs remain subject to the listed hold points.",100,"Deliver Control Room Habitability & PAM Interfaces (Cross-Check) between 2027-04-01 and 2028-03-31 through a controlled sequence of implementation authorization, input/facility readiness, technical execution, independent verification, and downstream handoff. The producing lead is Radiation Protection/Chemistry; temporary laboratory, supplier, construction, or regulatory support is purchased only for defined products and acceptance evidence.",PB-CHEM-01; PB-FP-01; PB-FUEL-01; PB-MAT-01; PB-TEST-01,,5,4,5,2,3,1,4,5,5,HP-I1 implementation authorization
D-3.12.j,"Program Description, Procedures & Training",Demonstrator,3 - Demonstrator engineering and Launch Pad USA authorization,SRP Chapters,2029-01-01,2030-06-30,False,"Execution definition complete; task-specific facility, supplier, and final design inputs remain subject to the listed hold points.",100,"Deliver Program Description, Procedures & Training between 2029-01-01 and 2030-06-30 through a controlled sequence of implementation authorization, input/facility readiness, technical execution, independent verification, and downstream handoff. The producing lead is Radiation Protection/Chemistry; temporary laboratory, supplier, construction, or regulatory support is purchased only for defined products and acceptance evidence.",PB-CHEM-01; PB-FUEL-01; PB-MAT-01; PB-TEST-01,,5,4,2,1,3,1,3,5,5,HP-I1 implementation authorization
D-3.2.j,FSAR Chapter 2 Drafting & NRC Interaction,Demonstrator,3 - Demonstrator engineering and Launch Pad USA authorization,SRP Chapters,2027-04-01,2027-09-30,False,"Execution definition complete; task-specific facility, supplier, and final design inputs remain subject to the listed hold points.",100,"Deliver FSAR Chapter 2 Drafting & NRC Interaction between 2027-04-01 and 2027-09-30 through a controlled sequence of implementation authorization, input/facility readiness, technical execution, independent verification, and downstream handoff. The producing lead is Licensing Engineer; temporary laboratory, supplier, construction, or regulatory support is purchased only for defined products and acceptance evidence.",PB-TEST-01,,5,4,5,1,3,1,3,5,2,HP-I1 implementation authorization
D-3.4.e,Accident & Faulted Condition Evaluations (tech-dependent),Demonstrator,3 - Demonstrator engineering and Launch Pad USA authorization,SRP Chapters,2027-04-01,2027-12-31,True,"Execution definition complete; task-specific facility, supplier, and final design inputs remain subject to the listed hold points.",100,"Deliver Accident & Faulted Condition Evaluations (tech-dependent) between 2027-04-01 and 2027-12-31 through a controlled sequence of implementation authorization, input/facility readiness, technical execution, independent verification, and downstream handoff. The producing lead is Fuel/Materials Engineer; temporary laboratory, supplier, construction, or regulatory support is purchased only for defined products and acceptance evidence.",PB-FP-01; PB-FUEL-01; PB-MAT-01; PB-SUPPLY-01; PB-TEST-01,,5,4,2,2,3,3,3,5,6,HP-I1 implementation authorization
D-3.6.b,Short-Term ECCS Performance (Reflood/Refill/Cooling),Demonstrator,3 - Demonstrator engineering and Launch Pad USA authorization,SRP Chapters,2027-04-01,2027-09-30,False,"Execution definition complete; task-specific facility, supplier, and final design inputs remain subject to the listed hold points.",100,"Deliver Short-Term ECCS Performance (Reflood/Refill/Cooling) between 2027-04-01 and 2027-09-30 through a controlled sequence of implementation authorization, input/facility readiness, technical execution, independent verification, and downstream handoff. The producing lead is Thermal-Hydraulics; temporary laboratory, supplier, construction, or regulatory support is purchased only for defined products and acceptance evidence.",PB-CHEM-01; PB-FUEL-01; PB-TEST-01,,5,4,2,1,3,3,3,5,5,HP-I1 implementation authorization
D-3.6.l,"FSAR Chapter 6 Authoring, QA Reviews & Records",Demonstrator,3 - Demonstrator engineering and Launch Pad USA authorization,SRP Chapters,2027-04-01,2028-03-31,False,"Execution definition complete; task-specific facility, supplier, and final design inputs remain subject to the listed hold points.",100,"Deliver FSAR Chapter 6 Authoring, QA Reviews & Records between 2027-04-01 and 2028-03-31 through a controlled sequence of implementation authorization, input/facility readiness, technical execution, independent verification, and downstream handoff. The producing lead is Licensing Engineer; temporary laboratory, supplier, construction, or regulatory support is purchased only for defined products and acceptance evidence.",PB-CHEM-01; PB-TEST-01,,5,3,5,1,3,1,3,5,3,HP-I1 implementation authorization
D-3.8.b,Onsite AC Power - Class 1E Medium/Low Voltage Distribution,Demonstrator,3 - Demonstrator engineering and Launch Pad USA authorization,SRP Chapters,2027-04-01,2027-09-30,False,"Execution definition complete; task-specific facility, supplier, and final design inputs remain subject to the listed hold points.",100,"Deliver Onsite AC Power - Class 1E Medium/Low Voltage Distribution between 2027-04-01 and 2027-09-30 through a controlled sequence of implementation authorization, input/facility readiness, technical execution, independent verification, and downstream handoff. The producing lead is Electrical Engineer; temporary laboratory, supplier, construction, or regulatory support is purchased only for defined products and acceptance evidence.",PB-CHEM-01; PB-TEST-01,,5,3,5,1,3,1,3,5,3,HP-I1 implementation authorization
D-3.9.i,"P&IDs, SDDs, Calculations & Records (Configuration Control)",Demonstrator,3 - Demonstrator engineering and Launch Pad USA authorization,SRP Chapters,2027-04-01,2028-06-30,False,"Execution definition complete; task-specific facility, supplier, and final design inputs remain subject to the listed hold points.",100,"Deliver P&IDs, SDDs, Calculations & Records (Configuration Control) between 2027-04-01 and 2028-06-30 through a controlled sequence of implementation authorization, input/facility readiness, technical execution, independent verification, and downstream handoff. The producing lead is Mechanical Engineer; temporary laboratory, supplier, construction, or regulatory support is purchased only for defined products and acceptance evidence.",PB-FP-01; PB-SUPPLY-01; PB-TEST-01; PB-WASTE-01,,5,3,2,1,3,3,3,5,3,HP-I1 implementation authorization
D-3.10.i,"Controls, Interlocks, Setpoints & Protection Interfaces",Demonstrator,3 - Demonstrator engineering and Launch Pad USA authorization,SRP Chapters,2027-04-01,2028-03-31,False,"Execution definition complete; task-specific facility, supplier, and final design inputs remain subject to the listed hold points.",100,"Deliver Controls, Interlocks, Setpoints & Protection Interfaces between 2027-04-01 and 2028-03-31 through a controlled sequence of implementation authorization, input/facility readiness, technical execution, independent verification, and downstream handoff. The producing lead is Mechanical Engineer; temporary laboratory, supplier, construction, or regulatory support is purchased only for defined products and acceptance evidence.",PB-MAT-01; PB-TEST-01,,5,3,5,1,3,1,3,5,2,HP-I1 implementation authorization
D-3.10.j,"Materials, Erosion/Corrosion & FAC Program",Demonstrator,3 - Demonstrator engineering and Launch Pad USA authorization,SRP Chapters,2027-04-01,2028-03-31,False,"Execution definition complete; task-specific facility, supplier, and final design inputs remain subject to the listed hold points.",100,"Deliver Materials, Erosion/Corrosion & FAC Program between 2027-04-01 and 2028-03-31 through a controlled sequence of implementation authorization, input/facility readiness, technical execution, independent verification, and downstream handoff. The producing lead is Mechanical Engineer; temporary laboratory, supplier, construction, or regulatory support is purchased only for defined products and acceptance evidence.",PB-CHEM-01; PB-MAT-01; PB-SUPPLY-01; PB-TEST-01,,5,4,5,2,3,1,3,5,4,HP-I1 implementation authorization
D-3.11.b,Gaseous Radwaste System (GRS) Design & Performance,Demonstrator,3 - Demonstrator engineering and Launch Pad USA authorization,SRP Chapters,2027-04-01,2027-12-31,False,"Execution definition complete; task-specific facility, supplier, and final design inputs remain subject to the listed hold points.",100,"Deliver Gaseous Radwaste System (GRS) Design & Performance between 2027-04-01 and 2027-12-31 through a controlled sequence of implementation authorization, input/facility readiness, technical execution, independent verification, and downstream handoff. The producing lead is Radiation Protection/Chemistry; temporary laboratory, supplier, construction, or regulatory support is purchased only for defined products and acceptance evidence.",PB-CHEM-01; PB-FP-01; PB-MAT-01; PB-SUPPLY-01; PB-TEST-01; PB-WASTE-01,,5,4,5,2,3,1,4,5,3,HP-I1 implementation authorization
D-3.11.k,"FSAR Chapter 11 Drafting, QA Reviews & Records",Demonstrator,3 - Demonstrator engineering and Launch Pad USA authorization,SRP Chapters,2027-04-01,2028-06-30,False,"Execution definition complete; task-specific facility, supplier, and final design inputs remain subject to the listed hold points.",100,"Deliver FSAR Chapter 11 Drafting, QA Reviews & Records between 2027-04-01 and 2028-06-30 through a controlled sequence of implementation authorization, input/facility readiness, technical execution, independent verification, and downstream handoff. The producing lead is Licensing Engineer; temporary laboratory, supplier, construction, or regulatory support is purchased only for defined products and acceptance evidence.",PB-CHEM-01; PB-FP-01; PB-MAT-01; PB-SUPPLY-01; PB-TEST-01; PB-WASTE-01,,5,4,5,1,3,1,3,5,3,HP-I1 implementation authorization
D-3.12.b,Shielding & Skyshine Analyses,Demonstrator,3 - Demonstrator engineering and Launch Pad USA authorization,SRP Chapters,2027-04-01,2027-12-31,False,"Execution definition complete; task-specific facility, supplier, and final design inputs remain subject to the listed hold points.",100,"Deliver Shielding & Skyshine Analyses between 2027-04-01 and 2027-12-31 through a controlled sequence of implementation authorization, input/facility readiness, technical execution, independent verification, and downstream handoff. The producing lead is Radiation Protection/Chemistry; temporary laboratory, supplier, construction, or regulatory support is purchased only for defined products and acceptance evidence.",PB-CHEM-01; PB-FP-01; PB-FUEL-01; PB-MAT-01; PB-TEST-01,,5,4,5,2,3,1,4,5,5,HP-I1 implementation authorization
D-3.12.k,"FSAR Chapter 12 Drafting, Reviews & Records",Demonstrator,3 - Demonstrator engineering and Launch Pad USA authorization,SRP Chapters,2027-04-01,2028-06-30,False,"Execution definition complete; task-specific facility, supplier, and final design inputs remain subject to the listed hold points.",100,"Deliver FSAR Chapter 12 Drafting, Reviews & Records between 2027-04-01 and 2028-06-30 through a controlled sequence of implementation authorization, input/facility readiness, technical execution, independent verification, and downstream handoff. The producing lead is Licensing Engineer; temporary laboratory, supplier, construction, or regulatory support is purchased only for defined products and acceptance evidence.",PB-CHEM-01; PB-FP-01; PB-FUEL-01; PB-MAT-01; PB-TEST-01; PB-WASTE-01,,5,4,5,1,3,1,3,5,5,HP-I1 implementation authorization
D-3.15.e,LOCA Analyses (Small/Medium/Large Break) & ECCS Criteria (50.46),Demonstrator,3 - Demonstrator engineering and Launch Pad USA authorization,SRP Chapters,2027-04-01,2027-12-31,True,"Execution definition complete; task-specific facility, supplier, and final design inputs remain subject to the listed hold points.",100,"Deliver LOCA Analyses (Small/Medium/Large Break) & ECCS Criteria (50.46) between 2027-04-01 and 2027-12-31 through a controlled sequence of implementation authorization, input/facility readiness, technical execution, independent verification, and downstream handoff. The producing lead is Thermal-Hydraulics; temporary laboratory, supplier, construction, or regulatory support is purchased only for defined products and acceptance evidence.",PB-CHEM-01; PB-FP-01; PB-FUEL-01; PB-TEST-01,,5,4,2,1,3,3,3,5,5,HP-I1 implementation authorization
D-3.19.b,Internal Events (At-Power) PRA Development,Demonstrator,3 - Demonstrator engineering and Launch Pad USA authorization,SRP Chapters,2027-04-01,2027-12-31,True,"Execution definition complete; task-specific facility, supplier, and final design inputs remain subject to the listed hold points.",100,"Deliver Internal Events (At-Power) PRA Development between 2027-04-01 and 2027-12-31 through a controlled sequence of implementation authorization, input/facility readiness, technical execution, independent verification, and downstream handoff. The producing lead is PRA/Risk Engineer; temporary laboratory, supplier, construction, or regulatory support is purchased only for defined products and acceptance evidence.",PB-MAT-01; PB-TEST-01,,5,3,2,1,3,3,3,5,2,HP-I1 implementation authorization
D-3.19.o,FSAR Chapter 19 Authoring & Records,Demonstrator,3 - Demonstrator engineering and Launch Pad USA authorization,SRP Chapters,2027-04-01,2028-09-30,True,"Execution definition complete; task-specific facility, supplier, and final design inputs remain subject to the listed hold points.",100,"Deliver FSAR Chapter 19 Authoring & Records between 2027-04-01 and 2028-09-30 through a controlled sequence of implementation authorization, input/facility readiness, technical execution, independent verification, and downstream handoff. The producing lead is Licensing Engineer; temporary laboratory, supplier, construction, or regulatory support is purchased only for defined products and acceptance evidence.",PB-MAT-01; PB-TEST-01,,5,3,2,1,3,3,3,5,2,HP-I1 implementation authorization
D-3.3.f,ASME Section III Piping Stress & Support Design,Demonstrator,3 - Demonstrator engineering and Launch Pad USA authorization,SRP Chapters,2027-04-01,2027-12-31,False,"Execution definition complete; task-specific facility, supplier, and final design inputs remain subject to the listed hold points.",100,"Deliver ASME Section III Piping Stress & Support Design between 2027-04-01 and 2027-12-31 through a controlled sequence of implementation authorization, input/facility readiness, technical execution, independent verification, and downstream handoff. The producing lead is Mechanical Engineer; temporary laboratory, supplier, construction, or regulatory support is purchased only for defined products and acceptance evidence.",PB-MAT-01; PB-SUPPLY-01; PB-TEST-01,,5,4,5,2,3,1,3,5,3,HP-I1 implementation authorization
D-3.5.d,ASME III Piping Stress & Fatigue (Class 1) with Nozzle Loads,Demonstrator,3 - Demonstrator engineering and Launch Pad USA authorization,SRP Chapters,2027-04-01,2027-12-31,False,"Execution definition complete; task-specific facility, supplier, and final design inputs remain subject to the listed hold points.",100,"Deliver ASME III Piping Stress & Fatigue (Class 1) with Nozzle Loads between 2027-04-01 and 2027-12-31 through a controlled sequence of implementation authorization, input/facility readiness, technical execution, independent verification, and downstream handoff. The producing lead is Safety Analysis; temporary laboratory, supplier, construction, or regulatory support is purchased only for defined products and acceptance evidence.",PB-MAT-01; PB-TEST-01,,5,3,5,1,3,1,3,5,2,HP-I1 implementation authorization
D-3.6.c,Long-Term Core Cooling & Sump/Strainer Performance,Demonstrator,3 - Demonstrator engineering and Launch Pad USA authorization,SRP Chapters,2027-04-01,2027-12-31,False,"Execution definition complete; task-specific facility, supplier, and final design inputs remain subject to the listed hold points.",100,"Deliver Long-Term Core Cooling & Sump/Strainer Performance between 2027-04-01 and 2027-12-31 through a controlled sequence of implementation authorization, input/facility readiness, technical execution, independent verification, and downstream handoff. The producing lead is Safety Analysis; temporary laboratory, supplier, construction, or regulatory support is purchased only for defined products and acceptance evidence.",PB-CHEM-01; PB-MCA-01; PB-SUPPLY-01; PB-TEST-01,,5,3,2,1,3,1,3,5,3,HP-I1 implementation authorization
D-3.7.d,Setpoint Methodology & Uncertainty (RG 1.105),Demonstrator,3 - Demonstrator engineering and Launch Pad USA authorization,SRP Chapters,2027-04-01,2027-12-31,True,"Execution definition complete; task-specific facility, supplier, and final design inputs remain subject to the listed hold points.",100,"Deliver Setpoint Methodology & Uncertainty (RG 1.105) between 2027-04-01 and 2027-12-31 through a controlled sequence of implementation authorization, input/facility readiness, technical execution, independent verification, and downstream handoff. The producing lead is I&C/Digital Engineer; temporary laboratory, supplier, construction, or regulatory support is purchased only for defined products and acceptance evidence.",PB-MCA-01; PB-TEST-01,,5,3,2,1,3,3,3,5,2,HP-I1 implementation authorization
D-3.9.b,Cooling Water Systems (SRP 9.2) - CCW/ECW/SW/UCWS,Demonstrator,3 - Demonstrator engineering and Launch Pad USA authorization,SRP Chapters,2027-04-01,2027-12-31,False,"Execution definition complete; task-specific facility, supplier, and final design inputs remain subject to the listed hold points.",100,"Deliver Cooling Water Systems (SRP 9.2) - CCW/ECW/SW/UCWS between 2027-04-01 and 2027-12-31 through a controlled sequence of implementation authorization, input/facility readiness, technical execution, independent verification, and downstream handoff. The producing lead is Mechanical Engineer; temporary laboratory, supplier, construction, or regulatory support is purchased only for defined products and acceptance evidence.",PB-FP-01; PB-SUPPLY-01; PB-TEST-01; PB-WASTE-01,,5,3,5,1,3,1,3,5,3,HP-I1 implementation authorization
D-3.10.b,"Turbine-Generator Design, Overspeed Protection & Missile Analysis",Demonstrator,3 - Demonstrator engineering and Launch Pad USA authorization,SRP Chapters,2027-07-01,2027-12-31,False,"Execution definition complete; task-specific facility, supplier, and final design inputs remain subject to the listed hold points.",100,"Deliver Turbine-Generator Design, Overspeed Protection & Missile Analysis between 2027-07-01 and 2027-12-31 through a controlled sequence of implementation authorization, input/facility readiness, technical execution, independent verification, and downstream handoff. The producing lead is Mechanical Engineer; temporary laboratory, supplier, construction, or regulatory support is purchased only for defined products and acceptance evidence.",PB-MAT-01; PB-TEST-01,,5,3,5,1,3,1,3,5,2,HP-I1 implementation authorization
D-3.10.l,"FSAR Chapter 10 Drafting, Reviews & Records",Demonstrator,3 - Demonstrator engineering and Launch Pad USA authorization,SRP Chapters,2027-07-01,2028-06-30,False,"Execution definition complete; task-specific facility, supplier, and final design inputs remain subject to the listed hold points.",100,"Deliver FSAR Chapter 10 Drafting, Reviews & Records between 2027-07-01 and 2028-06-30 through a controlled sequence of implementation authorization, input/facility readiness, technical execution, independent verification, and downstream handoff. The producing lead is Licensing Engineer; temporary laboratory, supplier, construction, or regulatory support is purchased only for defined products and acceptance evidence.",PB-MAT-01; PB-TEST-01,,5,3,5,1,3,1,3,5,2,HP-I1 implementation authorization
D-3.12.f,Design Job Dose Assessments & Work Planning Inputs,Demonstrator,3 - Demonstrator engineering and Launch Pad USA authorization,SRP Chapters,2027-07-01,2027-12-31,False,"Execution definition complete; task-specific facility, supplier, and final design inputs remain subject to the listed hold points.",100,"Deliver Design Job Dose Assessments & Work Planning Inputs between 2027-07-01 and 2027-12-31 through a controlled sequence of implementation authorization, input/facility readiness, technical execution, independent verification, and downstream handoff. The producing lead is Radiation Protection/Chemistry; temporary laboratory, supplier, construction, or regulatory support is purchased only for defined products and acceptance evidence.",PB-CHEM-01; PB-FP-01; PB-FUEL-01; PB-MAT-01; PB-TEST-01,,5,4,5,2,3,1,4,5,5,HP-I1 implementation authorization
D-3.19.c,Internal Fire PRA (NFPA 805/Non-805 Plants),Demonstrator,3 - Demonstrator engineering and Launch Pad USA authorization,SRP Chapters,2027-07-01,2027-12-31,True,"Execution definition complete; task-specific facility, supplier, and final design inputs remain subject to the listed hold points.",100,"Deliver Internal Fire PRA (NFPA 805/Non-805 Plants) between 2027-07-01 and 2027-12-31 through a controlled sequence of implementation authorization, input/facility readiness, technical execution, independent verification, and downstream handoff. The producing lead is PRA/Risk Engineer; temporary laboratory, supplier, construction, or regulatory support is purchased only for defined products and acceptance evidence.",PB-MAT-01; PB-TEST-01,,5,3,2,1,3,3,3,5,2,HP-I1 implementation authorization
D-3.3.g,"Dynamic Effects: Pipe Whip, Jet Impingement & Missiles",Demonstrator,3 - Demonstrator engineering and Launch Pad USA authorization,SRP Chapters,2027-07-01,2027-12-31,False,"Execution definition complete; task-specific facility, supplier, and final design inputs remain subject to the listed hold points.",100,"Deliver Dynamic Effects: Pipe Whip, Jet Impingement & Missiles between 2027-07-01 and 2027-12-31 through a controlled sequence of implementation authorization, input/facility readiness, technical execution, independent verification, and downstream handoff. The producing lead is Mechanical Engineer; temporary laboratory, supplier, construction, or regulatory support is purchased only for defined products and acceptance evidence.",PB-TEST-01,,5,3,5,1,3,1,3,5,2,HP-I1 implementation authorization
D-3.4.f,"Materials, Chemistry & Degradation Mechanisms",Demonstrator,3 - Demonstrator engineering and Launch Pad USA authorization,SRP Chapters,2027-07-01,2027-12-31,True,"Execution definition complete; task-specific facility, supplier, and final design inputs remain subject to the listed hold points.",100,"Deliver Materials, Chemistry & Degradation Mechanisms between 2027-07-01 and 2027-12-31 through a controlled sequence of implementation authorization, input/facility readiness, technical execution, independent verification, and downstream handoff. The producing lead is Fuel/Materials Engineer; temporary laboratory, supplier, construction, or regulatory support is purchased only for defined products and acceptance evidence.",PB-CHEM-01; PB-FP-01; PB-FUEL-01; PB-MAT-01; PB-SUPPLY-01; PB-TEST-01,,5,4,2,2,3,3,3,5,6,HP-I1 implementation authorization
D-3.5.e,Leak-Before-Break (LBB) / Break Preclusion (if applied),Demonstrator,3 - Demonstrator engineering and Launch Pad USA authorization,SRP Chapters,2027-07-01,2027-12-31,False,"Execution definition complete; task-specific facility, supplier, and final design inputs remain subject to the listed hold points.",100,"Deliver Leak-Before-Break (LBB) / Break Preclusion (if applied) between 2027-07-01 and 2027-12-31 through a controlled sequence of implementation authorization, input/facility readiness, technical execution, independent verification, and downstream handoff. The producing lead is Safety Analysis; temporary laboratory, supplier, construction, or regulatory support is purchased only for defined products and acceptance evidence.",PB-MAT-01; PB-TEST-01,,5,3,5,1,3,1,3,5,2,HP-I1 implementation authorization
D-3.8.c,"Onsite DC/UPS - Batteries, Chargers, and Inverters",Demonstrator,3 - Demonstrator engineering and Launch Pad USA authorization,SRP Chapters,2027-07-01,2027-12-31,False,"Execution definition complete; task-specific facility, supplier, and final design inputs remain subject to the listed hold points.",100,"Deliver Onsite DC/UPS - Batteries, Chargers, and Inverters between 2027-07-01 and 2027-12-31 through a controlled sequence of implementation authorization, input/facility readiness, technical execution, independent verification, and downstream handoff. The producing lead is Electrical Engineer; temporary laboratory, supplier, construction, or regulatory support is purchased only for defined products and acceptance evidence.",PB-MAT-01; PB-TEST-01,,5,3,5,1,3,1,3,5,2,HP-I1 implementation authorization
D-3.10.c,"Main Steam System - Isolation, Relief, and Water Induction Prevention",Demonstrator,3 - Demonstrator engineering and Launch Pad USA authorization,SRP Chapters,2027-07-01,2027-12-31,False,"Execution definition complete; task-specific facility, supplier, and final design inputs remain subject to the listed hold points.",100,"Deliver Main Steam System - Isolation, Relief, and Water Induction Prevention between 2027-07-01 and 2027-12-31 through a controlled sequence of implementation authorization, input/facility readiness, technical execution, independent verification, and downstream handoff. The producing lead is Mechanical Engineer; temporary laboratory, supplier, construction, or regulatory support is purchased only for defined products and acceptance evidence.",PB-MAT-01; PB-SUPPLY-01; PB-TEST-01,,5,4,5,2,3,1,3,5,3,HP-I1 implementation authorization
D-3.11.c,Liquid Radwaste System (LRS) Design & Performance,Demonstrator,3 - Demonstrator engineering and Launch Pad USA authorization,SRP Chapters,2027-07-01,2027-12-31,False,"Execution definition complete; task-specific facility, supplier, and final design inputs remain subject to the listed hold points.",100,"Deliver Liquid Radwaste System (LRS) Design & Performance between 2027-07-01 and 2027-12-31 through a controlled sequence of implementation authorization, input/facility readiness, technical execution, independent verification, and downstream handoff. The producing lead is Radiation Protection/Chemistry; temporary laboratory, supplier, construction, or regulatory support is purchased only for defined products and acceptance evidence.",PB-CHEM-01; PB-FP-01; PB-MAT-01; PB-SUPPLY-01; PB-TEST-01; PB-WASTE-01,,5,4,5,2,3,1,4,5,3,HP-I1 implementation authorization
D-3.12.c,"Radiation Zoning, Posting & Access Control",Demonstrator,3 - Demonstrator engineering and Launch Pad USA authorization,SRP Chapters,2027-07-01,2027-12-31,False,"Execution definition complete; task-specific facility, supplier, and final design inputs remain subject to the listed hold points.",100,"Deliver Radiation Zoning, Posting & Access Control between 2027-07-01 and 2027-12-31 through a controlled sequence of implementation authorization, input/facility readiness, technical execution, independent verification, and downstream handoff. The producing lead is Radiation Protection/Chemistry; temporary laboratory, supplier, construction, or regulatory support is purchased only for defined products and acceptance evidence.",PB-CHEM-01; PB-FP-01; PB-FUEL-01; PB-MAT-01; PB-TEST-01,,5,4,5,2,3,1,4,5,5,HP-I1 implementation authorization
D-3.15.f,ATWS Analyses (10 CFR 50.62),Demonstrator,3 - Demonstrator engineering and Launch Pad USA authorization,SRP Chapters,2027-07-01,2027-12-31,True,"Execution definition complete; task-specific facility, supplier, and final design inputs remain subject to the listed hold points.",100,"Deliver ATWS Analyses (10 CFR 50.62) between 2027-07-01 and 2027-12-31 through a controlled sequence of implementation authorization, input/facility readiness, technical execution, independent verification, and downstream handoff. The producing lead is Safety Analysis; temporary laboratory, supplier, construction, or regulatory support is purchased only for defined products and acceptance evidence.",PB-FP-01; PB-TEST-01,,5,3,2,1,3,3,3,5,3,HP-I1 implementation authorization
D-3.18.d,Task Analysis (Normal/Abnormal/Emergency) & TIHA,Demonstrator,3 - Demonstrator engineering and Launch Pad USA authorization,SRP Chapters,2027-07-01,2027-12-31,False,"Execution definition complete; task-specific facility, supplier, and final design inputs remain subject to the listed hold points.",100,"Deliver Task Analysis (Normal/Abnormal/Emergency) & TIHA between 2027-07-01 and 2027-12-31 through a controlled sequence of implementation authorization, input/facility readiness, technical execution, independent verification, and downstream handoff. The producing lead is Human Factors Engineer; temporary laboratory, supplier, construction, or regulatory support is purchased only for defined products and acceptance evidence.",PB-TEST-01; PB-WASTE-01,,5,4,2,1,3,3,3,5,2,HP-I1 implementation authorization
D-3.3.h,Water-Hammer / Hydraulic Transients,Demonstrator,3 - Demonstrator engineering and Launch Pad USA authorization,SRP Chapters,2027-07-01,2027-12-31,False,"Execution definition complete; task-specific facility, supplier, and final design inputs remain subject to the listed hold points.",100,"Deliver Water-Hammer / Hydraulic Transients between 2027-07-01 and 2027-12-31 through a controlled sequence of implementation authorization, input/facility readiness, technical execution, independent verification, and downstream handoff. The producing lead is Mechanical Engineer; temporary laboratory, supplier, construction, or regulatory support is purchased only for defined products and acceptance evidence.",PB-MAT-01; PB-SUPPLY-01; PB-TEST-01,,5,4,5,2,3,1,3,5,3,HP-I1 implementation authorization
D-3.5.f,Overpressure Protection & Setpoint Methodology,Demonstrator,3 - Demonstrator engineering and Launch Pad USA authorization,SRP Chapters,2027-07-01,2027-12-31,False,"Execution definition complete; task-specific facility, supplier, and final design inputs remain subject to the listed hold points.",100,"Deliver Overpressure Protection & Setpoint Methodology between 2027-07-01 and 2027-12-31 through a controlled sequence of implementation authorization, input/facility readiness, technical execution, independent verification, and downstream handoff. The producing lead is Safety Analysis; temporary laboratory, supplier, construction, or regulatory support is purchased only for defined products and acceptance evidence.",PB-MAT-01; PB-TEST-01,,5,3,2,1,3,3,3,5,2,HP-I1 implementation authorization
D-3.6.d,Containment Pressure-Temperature Response,Demonstrator,3 - Demonstrator engineering and Launch Pad USA authorization,SRP Chapters,2027-07-01,2027-12-31,False,"Execution definition complete; task-specific facility, supplier, and final design inputs remain subject to the listed hold points.",100,"Deliver Containment Pressure-Temperature Response between 2027-07-01 and 2027-12-31 through a controlled sequence of implementation authorization, input/facility readiness, technical execution, independent verification, and downstream handoff. The producing lead is Thermal-Hydraulics; temporary laboratory, supplier, construction, or regulatory support is purchased only for defined products and acceptance evidence.",PB-CHEM-01; PB-FUEL-01; PB-TEST-01,,5,4,2,1,3,3,3,5,5,HP-I1 implementation authorization
D-3.9.c,Compressed Air Systems (SRP 9.3.1/9.3.2) - Instrument & Service Air,Demonstrator,3 - Demonstrator engineering and Launch Pad USA authorization,SRP Chapters,2027-07-01,2027-12-31,False,"Execution definition complete; task-specific facility, supplier, and final design inputs remain subject to the listed hold points.",100,"Deliver Compressed Air Systems (SRP 9.3.1/9.3.2) - Instrument & Service Air between 2027-07-01 and 2027-12-31 through a controlled sequence of implementation authorization, input/facility readiness, technical execution, independent verification, and downstream handoff. The producing lead is Mechanical Engineer; temporary laboratory, supplier, construction, or regulatory support is purchased only for defined products and acceptance evidence.",PB-FP-01; PB-SUPPLY-01; PB-TEST-01; PB-WASTE-01,,5,3,5,1,3,1,3,5,3,HP-I1 implementation authorization
D-3.13.b,Conduct of Operations Programs & Procedures (SRP 13.5),Demonstrator,3 - Demonstrator engineering and Launch Pad USA authorization,SRP Chapters,2028-10-01,2029-12-31,False,"Execution definition complete; task-specific facility, supplier, and final design inputs remain subject to the listed hold points.",100,"Deliver Conduct of Operations Programs & Procedures (SRP 13.5) between 2028-10-01 and 2029-12-31 through a controlled sequence of implementation authorization, input/facility readiness, technical execution, independent verification, and downstream handoff. The producing lead is Operations/Training; temporary laboratory, supplier, construction, or regulatory support is purchased only for defined products and acceptance evidence.",PB-MCA-01; PB-TEST-01,,5,3,1,1,3,4,3,5,2,HP-I1 implementation authorization
D-3.16.a,Requirements Harvest & Traceability to TS Items,Demonstrator,3 - Demonstrator engineering and Launch Pad USA authorization,SRP Chapters,2027-04-01,2027-09-30,False,"Execution definition complete; task-specific facility, supplier, and final design inputs remain subject to the listed hold points.",100,"Deliver Requirements Harvest & Traceability to TS Items between 2027-04-01 and 2027-09-30 through a controlled sequence of implementation authorization, input/facility readiness, technical execution, independent verification, and downstream handoff. The producing lead is Systems Engineer; temporary laboratory, supplier, construction, or regulatory support is purchased only for defined products and acceptance evidence.",PB-TEST-01; PB-WASTE-01,,5,4,5,1,3,1,3,5,2,HP-I1 implementation authorization
D-3.17.g,"Instructions, Procedures, & Drawings (Criterion VI)",Demonstrator,3 - Demonstrator engineering and Launch Pad USA authorization,SRP Chapters,2027-04-01,2027-12-31,True,"Execution definition complete; task-specific facility, supplier, and final design inputs remain subject to the listed hold points.",100,"Deliver Instructions, Procedures, & Drawings (Criterion VI) between 2027-04-01 and 2027-12-31 through a controlled sequence of implementation authorization, input/facility readiness, technical execution, independent verification, and downstream handoff. The producing lead is Quality Assurance; temporary laboratory, supplier, construction, or regulatory support is purchased only for defined products and acceptance evidence.",PB-SUPPLY-01; PB-TEST-01,,5,3,5,1,3,1,3,5,2,HP-I1 implementation authorization
D-3.19.d,Internal Flood PRA,Demonstrator,3 - Demonstrator engineering and Launch Pad USA authorization,SRP Chapters,2027-04-01,2027-12-31,True,"Execution definition complete; task-specific facility, supplier, and final design inputs remain subject to the listed hold points.",100,"Deliver Internal Flood PRA between 2027-04-01 and 2027-12-31 through a controlled sequence of implementation authorization, input/facility readiness, technical execution, independent verification, and downstream handoff. The producing lead is PRA/Risk Engineer; temporary laboratory, supplier, construction, or regulatory support is purchased only for defined products and acceptance evidence.",PB-MAT-01; PB-TEST-01,,5,3,2,1,3,3,3,5,2,HP-I1 implementation authorization
D-3.3.i,Overpressure Protection & Relief Sizing,Demonstrator,3 - Demonstrator engineering and Launch Pad USA authorization,SRP Chapters,2027-04-01,2027-09-30,False,"Execution definition complete; task-specific facility, supplier, and final design inputs remain subject to the listed hold points.",100,"Deliver Overpressure Protection & Relief Sizing between 2027-04-01 and 2027-09-30 through a controlled sequence of implementation authorization, input/facility readiness, technical execution, independent verification, and downstream handoff. The producing lead is Mechanical Engineer; temporary laboratory, supplier, construction, or regulatory support is purchased only for defined products and acceptance evidence.",PB-TEST-01,,5,3,5,1,3,1,3,5,2,HP-I1 implementation authorization
D-3.4.g,"Fuel Handling, New/Spent Fuel Storage & 10 CFR 50.68 Criticality",Demonstrator,3 - Demonstrator engineering and Launch Pad USA authorization,SRP Chapters,2027-04-01,2027-09-30,True,"Execution definition complete; task-specific facility, supplier, and final design inputs remain subject to the listed hold points.",100,"Deliver Fuel Handling, New/Spent Fuel Storage & 10 CFR 50.68 Criticality between 2027-04-01 and 2027-09-30 through a controlled sequence of implementation authorization, input/facility readiness, technical execution, independent verification, and downstream handoff. The producing lead is Reactor Physics; temporary laboratory, supplier, construction, or regulatory support is purchased only for defined products and acceptance evidence.",PB-FP-01; PB-FUEL-01; PB-MAT-01; PB-SUPPLY-01; PB-TEST-01,,5,4,2,1,3,3,3,5,5,HP-I1 implementation authorization
D-3.7.f,Diversity & Defense-in-Depth (D3) Assessment (BTP 7-19),Demonstrator,3 - Demonstrator engineering and Launch Pad USA authorization,SRP Chapters,2027-04-01,2027-12-31,True,"Execution definition complete; task-specific facility, supplier, and final design inputs remain subject to the listed hold points.",100,"Deliver Diversity & Defense-in-Depth (D3) Assessment (BTP 7-19) between 2027-04-01 and 2027-12-31 through a controlled sequence of implementation authorization, input/facility readiness, technical execution, independent verification, and downstream handoff. The producing lead is I&C/Digital Engineer; temporary laboratory, supplier, construction, or regulatory support is purchased only for defined products and acceptance evidence.",PB-MCA-01; PB-TEST-01,,5,3,2,1,3,3,3,5,2,HP-I1 implementation authorization
D-4.a,"Threat, DBT & Target Set Definition",Demonstrator,3 - Demonstrator engineering and Launch Pad USA authorization,Security & Cyber,2027-04-01,2027-09-30,False,"Execution definition complete; task-specific facility, supplier, and final design inputs remain subject to the listed hold points.",100,"Deliver Threat, DBT & Target Set Definition between 2027-04-01 and 2027-09-30 through a controlled sequence of implementation authorization, input/facility readiness, technical execution, independent verification, and downstream handoff. The producing lead is Cyber/Security Engineer; temporary laboratory, supplier, construction, or regulatory support is purchased only for defined products and acceptance evidence.",PB-MAT-01; PB-MCA-01; PB-TEST-01,,5,4,5,1,3,1,3,5,2,HP-I1 implementation authorization
D-5.a,EP Path Selection & Regulatory Strategy,Demonstrator,3 - Demonstrator engineering and Launch Pad USA authorization,EP,2027-04-01,2027-09-30,False,"Execution definition complete; task-specific facility, supplier, and final design inputs remain subject to the listed hold points.",100,"Deliver EP Path Selection & Regulatory Strategy between 2027-04-01 and 2027-09-30 through a controlled sequence of implementation authorization, input/facility readiness, technical execution, independent verification, and downstream handoff. The producing lead is Licensing Engineer; temporary laboratory, supplier, construction, or regulatory support is purchased only for defined products and acceptance evidence.",PB-CHEM-01; PB-FP-01; PB-TEST-01,,5,4,1,1,3,1,3,5,3,HP-I1 implementation authorization
D-7.b,Radiation Protection (RP) Program,Demonstrator,3 - Demonstrator engineering and Launch Pad USA authorization,Operations Programs,2028-10-01,2029-12-31,False,"Execution definition complete; task-specific facility, supplier, and final design inputs remain subject to the listed hold points.",100,"Deliver Radiation Protection (RP) Program between 2028-10-01 and 2029-12-31 through a controlled sequence of implementation authorization, input/facility readiness, technical execution, independent verification, and downstream handoff. The producing lead is Operations/Training; temporary laboratory, supplier, construction, or regulatory support is purchased only for defined products and acceptance evidence.",PB-MAT-01; PB-TEST-01,,5,4,1,1,3,4,3,5,2,HP-I1 implementation authorization
D-RESERVE,Demonstrator Program Reserve and Scope Contingency,Demonstrator,3 - Demonstrator engineering and Launch Pad USA authorization,Program Reserve,2027-04-01,2028-03-31,False,"Execution definition complete; task-specific facility, supplier, and final design inputs remain subject to the listed hold points.",100,"Deliver Demonstrator Program Reserve and Scope Contingency between 2027-04-01 and 2028-03-31 through a controlled sequence of implementation authorization, input/facility readiness, technical execution, independent verification, and downstream handoff. The producing lead is Responsible Discipline Lead; temporary laboratory, supplier, construction, or regulatory support is purchased only for defined products and acceptance evidence.",PB-TEST-01,,5,3,5,1,3,1,3,5,2,HP-I1 implementation authorization
D-3.1.h,"Licensing & QA Review, Finalization, and Release",Demonstrator,3 - Demonstrator engineering and Launch Pad USA authorization,SRP Chapters,2027-04-01,2027-09-30,True,"Execution definition complete; task-specific facility, supplier, and final design inputs remain subject to the listed hold points.",100,"Deliver Licensing & QA Review, Finalization, and Release between 2027-04-01 and 2027-09-30 through a controlled sequence of implementation authorization, input/facility readiness, technical execution, independent verification, and downstream handoff. The producing lead is Chief Engineer; temporary laboratory, supplier, construction, or regulatory support is purchased only for defined products and acceptance evidence.",PB-TEST-01,,5,4,2,1,3,1,3,5,2,HP-I1 implementation authorization
D-3.10.d,"Condensate & Feedwater - Pumps, Heaters, Controls",Demonstrator,3 - Demonstrator engineering and Launch Pad USA authorization,SRP Chapters,2027-04-01,2027-09-30,False,"Execution definition complete; task-specific facility, supplier, and final design inputs remain subject to the listed hold points.",100,"Deliver Condensate & Feedwater - Pumps, Heaters, Controls between 2027-04-01 and 2027-09-30 through a controlled sequence of implementation authorization, input/facility readiness, technical execution, independent verification, and downstream handoff. The producing lead is Mechanical Engineer; temporary laboratory, supplier, construction, or regulatory support is purchased only for defined products and acceptance evidence.",PB-CHEM-01; PB-FUEL-01; PB-MAT-01; PB-TEST-01,,5,4,5,1,3,1,3,5,5,HP-I1 implementation authorization
D-3.13.c,"SAT Training Program (Initial, Continuing, Requalification)",Demonstrator,3 - Demonstrator engineering and Launch Pad USA authorization,SRP Chapters,2028-10-01,2030-03-31,False,"Execution definition complete; task-specific facility, supplier, and final design inputs remain subject to the listed hold points.",100,"Deliver SAT Training Program (Initial, Continuing, Requalification) between 2028-10-01 and 2030-03-31 through a controlled sequence of implementation authorization, input/facility readiness, technical execution, independent verification, and downstream handoff. The producing lead is Operations/Training; temporary laboratory, supplier, construction, or regulatory support is purchased only for defined products and acceptance evidence.",PB-CHEM-01; PB-MCA-01; PB-TEST-01,,5,3,2,1,3,1,3,5,3,HP-I1 implementation authorization
D-3.5.g,Water-Hammer & Hydraulic Transients in RCS/Connected Systems,Demonstrator,3 - Demonstrator engineering and Launch Pad USA authorization,SRP Chapters,2027-04-01,2027-09-30,False,"Execution definition complete; task-specific facility, supplier, and final design inputs remain subject to the listed hold points.",100,"Deliver Water-Hammer & Hydraulic Transients in RCS/Connected Systems between 2027-04-01 and 2027-09-30 through a controlled sequence of implementation authorization, input/facility readiness, technical execution, independent verification, and downstream handoff. The producing lead is Thermal-Hydraulics; temporary laboratory, supplier, construction, or regulatory support is purchased only for defined products and acceptance evidence.",PB-CHEM-01; PB-FUEL-01; PB-MAT-01; PB-TEST-01,,5,4,2,1,3,3,3,5,5,HP-I1 implementation authorization
D-4.c,Access Authorization (73.56) & FFD (Part 26) Interfaces,Demonstrator,3 - Demonstrator engineering and Launch Pad USA authorization,Security & Cyber,2027-04-01,2028-03-31,False,"Execution definition complete; task-specific facility, supplier, and final design inputs remain subject to the listed hold points.",100,"Deliver Access Authorization (73.56) & FFD (Part 26) Interfaces between 2027-04-01 and 2028-03-31 through a controlled sequence of implementation authorization, input/facility readiness, technical execution, independent verification, and downstream handoff. The producing lead is Cyber/Security Engineer; temporary laboratory, supplier, construction, or regulatory support is purchased only for defined products and acceptance evidence.",PB-CHEM-01; PB-MAT-01; PB-MCA-01; PB-TEST-01,,5,4,5,1,3,1,3,5,3,HP-I1 implementation authorization
D-4.d,Cybersecurity Program Architecture (73.54; RG 5.71),Demonstrator,3 - Demonstrator engineering and Launch Pad USA authorization,Security & Cyber,2028-10-01,2029-12-31,False,"Execution definition complete; task-specific facility, supplier, and final design inputs remain subject to the listed hold points.",100,"Deliver Cybersecurity Program Architecture (73.54; RG 5.71) between 2028-10-01 and 2029-12-31 through a controlled sequence of implementation authorization, input/facility readiness, technical execution, independent verification, and downstream handoff. The producing lead is Cyber/Security Engineer; temporary laboratory, supplier, construction, or regulatory support is purchased only for defined products and acceptance evidence.",PB-MAT-01; PB-MCA-01; PB-TEST-01,,5,4,1,1,3,4,3,5,2,HP-I1 implementation authorization
D-5.b,Hazard & Consequence Analysis for EP Basis,Demonstrator,3 - Demonstrator engineering and Launch Pad USA authorization,EP,2027-04-01,2027-09-30,False,"Execution definition complete; task-specific facility, supplier, and final design inputs remain subject to the listed hold points.",100,"Deliver Hazard & Consequence Analysis for EP Basis between 2027-04-01 and 2027-09-30 through a controlled sequence of implementation authorization, input/facility readiness, technical execution, independent verification, and downstream handoff. The producing lead is Operations/Training; temporary laboratory, supplier, construction, or regulatory support is purchased only for defined products and acceptance evidence.",PB-CHEM-01; PB-TEST-01,,5,4,2,1,3,3,3,5,3,HP-I1 implementation authorization
D-7.c,Fire Protection Program (Appendix R or NFPA 805),Demonstrator,3 - Demonstrator engineering and Launch Pad USA authorization,Operations Programs,2028-10-01,2029-12-31,False,"Execution definition complete; task-specific facility, supplier, and final design inputs remain subject to the listed hold points.",100,"Deliver Fire Protection Program (Appendix R or NFPA 805) between 2028-10-01 and 2029-12-31 through a controlled sequence of implementation authorization, input/facility readiness, technical execution, independent verification, and downstream handoff. The producing lead is Operations/Training; temporary laboratory, supplier, construction, or regulatory support is purchased only for defined products and acceptance evidence.",PB-MAT-01; PB-TEST-01,,5,4,1,1,3,4,3,5,2,HP-I1 implementation authorization
D-3.10.e,Transient & Accident Analyses (MSLB/Trips/Load Rejection/Loss of Condenser),Demonstrator,3 - Demonstrator engineering and Launch Pad USA authorization,SRP Chapters,2027-04-01,2027-12-31,False,"Execution definition complete; task-specific facility, supplier, and final design inputs remain subject to the listed hold points.",100,"Deliver Transient & Accident Analyses (MSLB/Trips/Load Rejection/Loss of Condenser) between 2027-04-01 and 2027-12-31 through a controlled sequence of implementation authorization, input/facility readiness, technical execution, independent verification, and downstream handoff. The producing lead is Mechanical Engineer; temporary laboratory, supplier, construction, or regulatory support is purchased only for defined products and acceptance evidence.",PB-MAT-01; PB-SUPPLY-01; PB-TEST-01,,5,4,5,2,3,1,3,5,3,HP-I1 implementation authorization
D-3.13.d,Simulator Program (ANSI/ANS-3.5; RG 1.149),Demonstrator,3 - Demonstrator engineering and Launch Pad USA authorization,SRP Chapters,2029-01-01,2030-03-31,False,"Execution definition complete; task-specific facility, supplier, and final design inputs remain subject to the listed hold points.",100,"Deliver Simulator Program (ANSI/ANS-3.5; RG 1.149) between 2029-01-01 and 2030-03-31 through a controlled sequence of implementation authorization, input/facility readiness, technical execution, independent verification, and downstream handoff. The producing lead is Operations/Training; temporary laboratory, supplier, construction, or regulatory support is purchased only for defined products and acceptance evidence.",PB-MCA-01; PB-TEST-01,,5,3,1,1,3,4,3,5,2,HP-I1 implementation authorization
D-3.15.h,Radiological Consequence Analyses (AST/TID) & Habitability,Demonstrator,3 - Demonstrator engineering and Launch Pad USA authorization,SRP Chapters,2027-04-01,2027-12-31,True,"Execution definition complete; task-specific facility, supplier, and final design inputs remain subject to the listed hold points.",100,"Deliver Radiological Consequence Analyses (AST/TID) & Habitability between 2027-04-01 and 2027-12-31 through a controlled sequence of implementation authorization, input/facility readiness, technical execution, independent verification, and downstream handoff. The producing lead is Safety Analysis; temporary laboratory, supplier, construction, or regulatory support is purchased only for defined products and acceptance evidence.",PB-CHEM-01; PB-FP-01; PB-TEST-01,,5,3,2,1,3,3,3,5,3,HP-I1 implementation authorization
D-3.17.h,Identification & Control of Items; M&TE/Calibration,Demonstrator,3 - Demonstrator engineering and Launch Pad USA authorization,SRP Chapters,2027-04-01,2027-12-31,True,"Execution definition complete; task-specific facility, supplier, and final design inputs remain subject to the listed hold points.",100,"Deliver Identification & Control of Items; M&TE/Calibration between 2027-04-01 and 2027-12-31 through a controlled sequence of implementation authorization, input/facility readiness, technical execution, independent verification, and downstream handoff. The producing lead is Quality Assurance; temporary laboratory, supplier, construction, or regulatory support is purchased only for defined products and acceptance evidence.",PB-SUPPLY-01; PB-TEST-01,,5,3,5,1,3,1,3,5,2,HP-I1 implementation authorization
D-3.18.f,HSI Style Guide & Alarm Philosophy,Demonstrator,3 - Demonstrator engineering and Launch Pad USA authorization,SRP Chapters,2029-01-01,2029-09-30,False,"Execution definition complete; task-specific facility, supplier, and final design inputs remain subject to the listed hold points.",100,"Deliver HSI Style Guide & Alarm Philosophy between 2029-01-01 and 2029-09-30 through a controlled sequence of implementation authorization, input/facility readiness, technical execution, independent verification, and downstream handoff. The producing lead is Human Factors Engineer; temporary laboratory, supplier, construction, or regulatory support is purchased only for defined products and acceptance evidence.",PB-TEST-01; PB-WASTE-01,,5,4,1,1,3,4,3,5,2,HP-I1 implementation authorization
D-3.19.e,Seismic PRA (SPRA) & Fragility Development,Demonstrator,3 - Demonstrator engineering and Launch Pad USA authorization,SRP Chapters,2027-04-01,2027-12-31,True,"Execution definition complete; task-specific facility, supplier, and final design inputs remain subject to the listed hold points.",100,"Deliver Seismic PRA (SPRA) & Fragility Development between 2027-04-01 and 2027-12-31 through a controlled sequence of implementation authorization, input/facility readiness, technical execution, independent verification, and downstream handoff. The producing lead is PRA/Risk Engineer; temporary laboratory, supplier, construction, or regulatory support is purchased only for defined products and acceptance evidence.",PB-MAT-01; PB-TEST-01,,5,3,2,1,3,3,3,5,2,HP-I1 implementation authorization
D-3.19.n,MBDBE & FLEX Strategy Integration (10 CFR 50.155),Demonstrator,3 - Demonstrator engineering and Launch Pad USA authorization,SRP Chapters,2027-04-01,2027-12-31,True,"Execution definition complete; task-specific facility, supplier, and final design inputs remain subject to the listed hold points.",100,"Deliver MBDBE & FLEX Strategy Integration (10 CFR 50.155) between 2027-04-01 and 2027-12-31 through a controlled sequence of implementation authorization, input/facility readiness, technical execution, independent verification, and downstream handoff. The producing lead is PRA/Risk Engineer; temporary laboratory, supplier, construction, or regulatory support is purchased only for defined products and acceptance evidence.",PB-FUEL-01; PB-MAT-01; PB-TEST-01,,5,4,2,1,3,3,3,5,4,HP-I1 implementation authorization
D-3.4.h,Core Support Structures & Seismic/Flow-Induced Loads,Demonstrator,3 - Demonstrator engineering and Launch Pad USA authorization,SRP Chapters,2027-04-01,2027-12-31,True,"Execution definition complete; task-specific facility, supplier, and final design inputs remain subject to the listed hold points.",100,"Deliver Core Support Structures & Seismic/Flow-Induced Loads between 2027-04-01 and 2027-12-31 through a controlled sequence of implementation authorization, input/facility readiness, technical execution, independent verification, and downstream handoff. The producing lead is Reactor Physics; temporary laboratory, supplier, construction, or regulatory support is purchased only for defined products and acceptance evidence.",PB-FP-01; PB-FUEL-01; PB-MAT-01; PB-TEST-01,,5,4,5,1,3,1,3,5,5,HP-I1 implementation authorization
D-3.6.f,"Containment Sprays, Filtration & Iodine Chemistry",Demonstrator,3 - Demonstrator engineering and Launch Pad USA authorization,SRP Chapters,2027-04-01,2027-12-31,False,"Execution definition complete; task-specific facility, supplier, and final design inputs remain subject to the listed hold points.",100,"Deliver Containment Sprays, Filtration & Iodine Chemistry between 2027-04-01 and 2027-12-31 through a controlled sequence of implementation authorization, input/facility readiness, technical execution, independent verification, and downstream handoff. The producing lead is Thermal-Hydraulics; temporary laboratory, supplier, construction, or regulatory support is purchased only for defined products and acceptance evidence.",PB-CHEM-01; PB-FP-01; PB-TEST-01,,5,3,2,1,3,3,3,5,3,HP-I1 implementation authorization
D-3.11.e,Offsite Dose Calculations - Gaseous Pathways,Demonstrator,3 - Demonstrator engineering and Launch Pad USA authorization,SRP Chapters,2027-04-01,2027-12-31,False,"Execution definition complete; task-specific facility, supplier, and final design inputs remain subject to the listed hold points.",100,"Deliver Offsite Dose Calculations - Gaseous Pathways between 2027-04-01 and 2027-12-31 through a controlled sequence of implementation authorization, input/facility readiness, technical execution, independent verification, and downstream handoff. The producing lead is Radiation Protection/Chemistry; temporary laboratory, supplier, construction, or regulatory support is purchased only for defined products and acceptance evidence.",PB-CHEM-01; PB-MAT-01; PB-SUPPLY-01; PB-TEST-01; PB-WASTE-01,,5,4,2,1,3,3,3,5,3,HP-I1 implementation authorization
D-3.3.k,"Anchorage, Supports, Snubbers & Seismic Restraints",Demonstrator,3 - Demonstrator engineering and Launch Pad USA authorization,SRP Chapters,2027-04-01,2027-12-31,False,"Execution definition complete; task-specific facility, supplier, and final design inputs remain subject to the listed hold points.",100,"Deliver Anchorage, Supports, Snubbers & Seismic Restraints between 2027-04-01 and 2027-12-31 through a controlled sequence of implementation authorization, input/facility readiness, technical execution, independent verification, and downstream handoff. The producing lead is Civil/Structural Engineer; temporary laboratory, supplier, construction, or regulatory support is purchased only for defined products and acceptance evidence.",PB-MAT-01; PB-TEST-01,,5,3,2,1,3,1,3,5,2,HP-I1 implementation authorization
D-3.6.g,Containment Isolation Valves (CIV) & Isolation Logic,Demonstrator,3 - Demonstrator engineering and Launch Pad USA authorization,SRP Chapters,2027-04-01,2027-09-30,False,"Execution definition complete; task-specific facility, supplier, and final design inputs remain subject to the listed hold points.",100,"Deliver Containment Isolation Valves (CIV) & Isolation Logic between 2027-04-01 and 2027-09-30 through a controlled sequence of implementation authorization, input/facility readiness, technical execution, independent verification, and downstream handoff. The producing lead is Thermal-Hydraulics; temporary laboratory, supplier, construction, or regulatory support is purchased only for defined products and acceptance evidence.",PB-CHEM-01; PB-FUEL-01; PB-TEST-01,,5,4,5,1,3,1,3,5,5,HP-I1 implementation authorization
D-3.8.e,SBO Coping Analysis (10 CFR 50.63),Demonstrator,3 - Demonstrator engineering and Launch Pad USA authorization,SRP Chapters,2027-04-01,2027-12-31,False,"Execution definition complete; task-specific facility, supplier, and final design inputs remain subject to the listed hold points.",100,"Deliver SBO Coping Analysis (10 CFR 50.63) between 2027-04-01 and 2027-12-31 through a controlled sequence of implementation authorization, input/facility readiness, technical execution, independent verification, and downstream handoff. The producing lead is Electrical Engineer; temporary laboratory, supplier, construction, or regulatory support is purchased only for defined products and acceptance evidence.",PB-TEST-01,,5,3,2,1,3,3,3,5,2,HP-I1 implementation authorization
D-3.10.f,Water-Hammer & Hydraulic Transients (MS/FW/Condensate),Demonstrator,3 - Demonstrator engineering and Launch Pad USA authorization,SRP Chapters,2027-07-01,2027-12-31,False,"Execution definition complete; task-specific facility, supplier, and final design inputs remain subject to the listed hold points.",100,"Deliver Water-Hammer & Hydraulic Transients (MS/FW/Condensate) between 2027-07-01 and 2027-12-31 through a controlled sequence of implementation authorization, input/facility readiness, technical execution, independent verification, and downstream handoff. The producing lead is Mechanical Engineer; temporary laboratory, supplier, construction, or regulatory support is purchased only for defined products and acceptance evidence.",PB-MAT-01; PB-SUPPLY-01; PB-TEST-01,,5,4,5,2,3,1,3,5,3,HP-I1 implementation authorization
D-3.13.g,Security & FFD Training Interfaces (10 CFR 73.55; 10 CFR 26),Demonstrator,3 - Demonstrator engineering and Launch Pad USA authorization,SRP Chapters,2029-01-01,2030-06-30,False,"Execution definition complete; task-specific facility, supplier, and final design inputs remain subject to the listed hold points.",100,"Deliver Security & FFD Training Interfaces (10 CFR 73.55; 10 CFR 26) between 2029-01-01 and 2030-06-30 through a controlled sequence of implementation authorization, input/facility readiness, technical execution, independent verification, and downstream handoff. The producing lead is Operations/Training; temporary laboratory, supplier, construction, or regulatory support is purchased only for defined products and acceptance evidence.",PB-MCA-01; PB-TEST-01,,5,3,2,1,3,1,3,5,2,HP-I1 implementation authorization
D-3.17.d,Procurement Document Control & Supplier Qualification,Demonstrator,3 - Demonstrator engineering and Launch Pad USA authorization,SRP Chapters,2027-01-01,2028-06-30,True,"Execution definition complete; task-specific facility, supplier, and final design inputs remain subject to the listed hold points.",100,"Deliver Procurement Document Control & Supplier Qualification between 2027-01-01 and 2028-06-30 through a controlled sequence of implementation authorization, input/facility readiness, technical execution, independent verification, and downstream handoff. The producing lead is Quality Assurance; temporary laboratory, supplier, construction, or regulatory support is purchased only for defined products and acceptance evidence.",PB-MAT-01; PB-SUPPLY-01; PB-TEST-01,,5,3,5,1,3,4,4,5,2,HP-I1 implementation authorization
D-3.18.g,"HSI Detailed Design - Displays, Controls, Alarms & Procedures Hooks",Demonstrator,3 - Demonstrator engineering and Launch Pad USA authorization,SRP Chapters,2027-07-01,2027-12-31,False,"Execution definition complete; task-specific facility, supplier, and final design inputs remain subject to the listed hold points.",100,"Deliver HSI Detailed Design - Displays, Controls, Alarms & Procedures Hooks between 2027-07-01 and 2027-12-31 through a controlled sequence of implementation authorization, input/facility readiness, technical execution, independent verification, and downstream handoff. The producing lead is Human Factors Engineer; temporary laboratory, supplier, construction, or regulatory support is purchased only for defined products and acceptance evidence.",PB-TEST-01; PB-WASTE-01,,5,4,5,1,3,1,3,5,2,HP-I1 implementation authorization
D-3.19.f,Low Power & Shutdown (LPSD) PRA,Demonstrator,3 - Demonstrator engineering and Launch Pad USA authorization,SRP Chapters,2027-07-01,2028-03-31,True,"Execution definition complete; task-specific facility, supplier, and final design inputs remain subject to the listed hold points.",100,"Deliver Low Power & Shutdown (LPSD) PRA between 2027-07-01 and 2028-03-31 through a controlled sequence of implementation authorization, input/facility readiness, technical execution, independent verification, and downstream handoff. The producing lead is PRA/Risk Engineer; temporary laboratory, supplier, construction, or regulatory support is purchased only for defined products and acceptance evidence.",PB-FUEL-01; PB-MAT-01; PB-TEST-01,,5,4,2,1,3,3,3,5,4,HP-I1 implementation authorization
D-3.3.j,Equipment Qualification (EQ) per IEEE 323/344 & 10 CFR 50.49,Demonstrator,3 - Demonstrator engineering and Launch Pad USA authorization,SRP Chapters,2027-07-01,2027-12-31,False,"Execution definition complete; task-specific facility, supplier, and final design inputs remain subject to the listed hold points.",100,"Deliver Equipment Qualification (EQ) per IEEE 323/344 & 10 CFR 50.49 between 2027-07-01 and 2027-12-31 through a controlled sequence of implementation authorization, input/facility readiness, technical execution, independent verification, and downstream handoff. The producing lead is Mechanical Engineer; temporary laboratory, supplier, construction, or regulatory support is purchased only for defined products and acceptance evidence.",PB-CHEM-01; PB-MAT-01; PB-SUPPLY-01; PB-TEST-01,,5,3,5,1,3,1,3,5,3,HP-I1 implementation authorization
D-3.3.l,"Materials, Welding, NDE & Inservice Considerations",Demonstrator,3 - Demonstrator engineering and Launch Pad USA authorization,SRP Chapters,2027-07-01,2027-12-31,False,"Execution definition complete; task-specific facility, supplier, and final design inputs remain subject to the listed hold points.",100,"Deliver Materials, Welding, NDE & Inservice Considerations between 2027-07-01 and 2027-12-31 through a controlled sequence of implementation authorization, input/facility readiness, technical execution, independent verification, and downstream handoff. The producing lead is Mechanical Engineer; temporary laboratory, supplier, construction, or regulatory support is purchased only for defined products and acceptance evidence.",PB-MAT-01; PB-SUPPLY-01; PB-TEST-01,,5,4,5,2,3,1,3,5,3,HP-I1 implementation authorization
D-3.5.i,"Branch Lines, Isolation, and Intersystem LOCA (ISLOCA)",Demonstrator,3 - Demonstrator engineering and Launch Pad USA authorization,SRP Chapters,2027-07-01,2027-12-31,False,"Execution definition complete; task-specific facility, supplier, and final design inputs remain subject to the listed hold points.",100,"Deliver Branch Lines, Isolation, and Intersystem LOCA (ISLOCA) between 2027-07-01 and 2027-12-31 through a controlled sequence of implementation authorization, input/facility readiness, technical execution, independent verification, and downstream handoff. The producing lead is Thermal-Hydraulics; temporary laboratory, supplier, construction, or regulatory support is purchased only for defined products and acceptance evidence.",PB-CHEM-01; PB-FUEL-01; PB-MAT-01; PB-TEST-01,,5,4,5,1,3,1,3,5,5,HP-I1 implementation authorization
D-3.9.e,Cranes & Heavy Load Handling (SRP 9.1.5; NUREG-0612; ASME NOG-1/BTH-1),Demonstrator,3 - Demonstrator engineering and Launch Pad USA authorization,SRP Chapters,2027-07-01,2027-12-31,False,"Execution definition complete; task-specific facility, supplier, and final design inputs remain subject to the listed hold points.",100,"Deliver Cranes & Heavy Load Handling (SRP 9.1.5; NUREG-0612; ASME NOG-1/BTH-1) between 2027-07-01 and 2027-12-31 through a controlled sequence of implementation authorization, input/facility readiness, technical execution, independent verification, and downstream handoff. The producing lead is Mechanical Engineer; temporary laboratory, supplier, construction, or regulatory support is purchased only for defined products and acceptance evidence.",PB-FP-01; PB-FUEL-01; PB-SUPPLY-01; PB-TEST-01; PB-WASTE-01,,5,4,5,1,3,1,3,5,5,HP-I1 implementation authorization
D-5.h,Field Monitoring Teams & Laboratory Interfaces,Demonstrator,3 - Demonstrator engineering and Launch Pad USA authorization,EP,2027-07-01,2028-06-30,False,"Execution definition complete; task-specific facility, supplier, and final design inputs remain subject to the listed hold points.",100,"Deliver Field Monitoring Teams & Laboratory Interfaces between 2027-07-01 and 2028-06-30 through a controlled sequence of implementation authorization, input/facility readiness, technical execution, independent verification, and downstream handoff. The producing lead is Operations/Training; temporary laboratory, supplier, construction, or regulatory support is purchased only for defined products and acceptance evidence.",PB-CHEM-01; PB-TEST-01,,5,4,1,1,3,1,3,5,3,HP-I1 implementation authorization
D-7.f,Maintenance Rule (10 CFR 50.65) - (a)(1)/(a)(2) Program,Demonstrator,3 - Demonstrator engineering and Launch Pad USA authorization,Operations Programs,2029-01-01,2030-12-31,False,"Execution definition complete; task-specific facility, supplier, and final design inputs remain subject to the listed hold points.",100,"Deliver Maintenance Rule (10 CFR 50.65) - (a)(1)/(a)(2) Program between 2029-01-01 and 2030-12-31 through a controlled sequence of implementation authorization, input/facility readiness, technical execution, independent verification, and downstream handoff. The producing lead is Operations/Training; temporary laboratory, supplier, construction, or regulatory support is purchased only for defined products and acceptance evidence.",PB-MAT-01; PB-TEST-01,,5,4,1,1,3,4,3,5,2,HP-I1 implementation authorization
D-3.11.f,Offsite Dose Calculations - Liquid Pathways,Demonstrator,3 - Demonstrator engineering and Launch Pad USA authorization,SRP Chapters,2027-07-01,2027-12-31,False,"Execution definition complete; task-specific facility, supplier, and final design inputs remain subject to the listed hold points.",100,"Deliver Offsite Dose Calculations - Liquid Pathways between 2027-07-01 and 2027-12-31 through a controlled sequence of implementation authorization, input/facility readiness, technical execution, independent verification, and downstream handoff. The producing lead is Radiation Protection/Chemistry; temporary laboratory, supplier, construction, or regulatory support is purchased only for defined products and acceptance evidence.",PB-MAT-01; PB-SUPPLY-01; PB-TEST-01; PB-WASTE-01,,5,4,2,1,3,3,3,5,2,HP-I1 implementation authorization
D-3.13.a,Operations Organization & Staffing (RG 1.8; 10 CFR 50.54(m)),Demonstrator,3 - Demonstrator engineering and Launch Pad USA authorization,SRP Chapters,2029-01-01,2029-09-30,False,"Execution definition complete; task-specific facility, supplier, and final design inputs remain subject to the listed hold points.",100,"Deliver Operations Organization & Staffing (RG 1.8; 10 CFR 50.54(m)) between 2029-01-01 and 2029-09-30 through a controlled sequence of implementation authorization, input/facility readiness, technical execution, independent verification, and downstream handoff. The producing lead is Operations/Training; temporary laboratory, supplier, construction, or regulatory support is purchased only for defined products and acceptance evidence.",PB-MCA-01; PB-TEST-01,,5,3,1,1,3,4,3,5,2,HP-I1 implementation authorization
D-3.13.h,Operations Programs Readiness & Pre-Op Turnover,Demonstrator,3 - Demonstrator engineering and Launch Pad USA authorization,SRP Chapters,2029-01-01,2030-06-30,False,"Execution definition complete; task-specific facility, supplier, and final design inputs remain subject to the listed hold points.",100,"Deliver Operations Programs Readiness & Pre-Op Turnover between 2029-01-01 and 2030-06-30 through a controlled sequence of implementation authorization, input/facility readiness, technical execution, independent verification, and downstream handoff. The producing lead is Operations/Training; temporary laboratory, supplier, construction, or regulatory support is purchased only for defined products and acceptance evidence.",PB-FUEL-01; PB-MCA-01; PB-TEST-01,,5,3,1,1,3,4,3,5,4,HP-I1 implementation authorization
D-3.18.h,Procedures Integration (EOPs/AOPs/Normal) & HSI Linkage,Demonstrator,3 - Demonstrator engineering and Launch Pad USA authorization,SRP Chapters,2029-01-01,2029-12-31,False,"Execution definition complete; task-specific facility, supplier, and final design inputs remain subject to the listed hold points.",100,"Deliver Procedures Integration (EOPs/AOPs/Normal) & HSI Linkage between 2029-01-01 and 2029-12-31 through a controlled sequence of implementation authorization, input/facility readiness, technical execution, independent verification, and downstream handoff. The producing lead is Human Factors Engineer; temporary laboratory, supplier, construction, or regulatory support is purchased only for defined products and acceptance evidence.",PB-TEST-01; PB-WASTE-01,,5,4,1,1,3,4,3,5,2,HP-I1 implementation authorization
D-3.7.i,"Communications, Networks & Data Integrity",Demonstrator,3 - Demonstrator engineering and Launch Pad USA authorization,SRP Chapters,2027-07-01,2027-12-31,True,"Execution definition complete; task-specific facility, supplier, and final design inputs remain subject to the listed hold points.",100,"Deliver Communications, Networks & Data Integrity between 2027-07-01 and 2027-12-31 through a controlled sequence of implementation authorization, input/facility readiness, technical execution, independent verification, and downstream handoff. The producing lead is I&C/Digital Engineer; temporary laboratory, supplier, construction, or regulatory support is purchased only for defined products and acceptance evidence.",PB-MCA-01; PB-TEST-01,,5,3,5,1,3,1,3,5,2,HP-I1 implementation authorization
D-4.i,"Monitoring, Incident Response & Forensics",Demonstrator,3 - Demonstrator engineering and Launch Pad USA authorization,Security & Cyber,2027-07-01,2028-06-30,False,"Execution definition complete; task-specific facility, supplier, and final design inputs remain subject to the listed hold points.",100,"Deliver Monitoring, Incident Response & Forensics between 2027-07-01 and 2028-06-30 through a controlled sequence of implementation authorization, input/facility readiness, technical execution, independent verification, and downstream handoff. The producing lead is Cyber/Security Engineer; temporary laboratory, supplier, construction, or regulatory support is purchased only for defined products and acceptance evidence.",PB-MAT-01; PB-MCA-01; PB-TEST-01,,5,4,5,1,3,1,3,5,2,HP-I1 implementation authorization
D-4.j,Configuration & Change Control (Security/Cyber),Demonstrator,3 - Demonstrator engineering and Launch Pad USA authorization,Security & Cyber,2027-07-01,2028-06-30,False,"Execution definition complete; task-specific facility, supplier, and final design inputs remain subject to the listed hold points.",100,"Deliver Configuration & Change Control (Security/Cyber) between 2027-07-01 and 2028-06-30 through a controlled sequence of implementation authorization, input/facility readiness, technical execution, independent verification, and downstream handoff. The producing lead is Cyber/Security Engineer; temporary laboratory, supplier, construction, or regulatory support is purchased only for defined products and acceptance evidence.",PB-MAT-01; PB-MCA-01; PB-TEST-01,,5,4,5,1,3,1,3,5,2,HP-I1 implementation authorization
D-3.10.h,Steam Bypass/Dump & MSR/Gland Seal/Vacuum Systems,Demonstrator,3 - Demonstrator engineering and Launch Pad USA authorization,SRP Chapters,2027-07-01,2027-12-31,False,"Execution definition complete; task-specific facility, supplier, and final design inputs remain subject to the listed hold points.",100,"Deliver Steam Bypass/Dump & MSR/Gland Seal/Vacuum Systems between 2027-07-01 and 2027-12-31 through a controlled sequence of implementation authorization, input/facility readiness, technical execution, independent verification, and downstream handoff. The producing lead is Mechanical Engineer; temporary laboratory, supplier, construction, or regulatory support is purchased only for defined products and acceptance evidence.",PB-MAT-01; PB-SUPPLY-01; PB-TEST-01,,5,4,5,2,3,1,3,5,3,HP-I1 implementation authorization
D-3.12.g,"Dosimetry, Surveys & Instrument Control",Demonstrator,3 - Demonstrator engineering and Launch Pad USA authorization,SRP Chapters,2027-07-01,2027-12-31,False,"Execution definition complete; task-specific facility, supplier, and final design inputs remain subject to the listed hold points.",100,"Deliver Dosimetry, Surveys & Instrument Control between 2027-07-01 and 2027-12-31 through a controlled sequence of implementation authorization, input/facility readiness, technical execution, independent verification, and downstream handoff. The producing lead is Radiation Protection/Chemistry; temporary laboratory, supplier, construction, or regulatory support is purchased only for defined products and acceptance evidence.",PB-CHEM-01; PB-FP-01; PB-FUEL-01; PB-MAT-01; PB-TEST-01,,5,4,2,2,3,3,4,5,5,HP-I1 implementation authorization
D-3.13.i,"Training & Qualification Records, Audits, and QA",Demonstrator,3 - Demonstrator engineering and Launch Pad USA authorization,SRP Chapters,2029-01-01,2030-09-30,False,"Execution definition complete; task-specific facility, supplier, and final design inputs remain subject to the listed hold points.",100,"Deliver Training & Qualification Records, Audits, and QA between 2029-01-01 and 2030-09-30 through a controlled sequence of implementation authorization, input/facility readiness, technical execution, independent verification, and downstream handoff. The producing lead is Quality Assurance; temporary laboratory, supplier, construction, or regulatory support is purchased only for defined products and acceptance evidence.",PB-MAT-01; PB-MCA-01; PB-TEST-01,,5,4,2,1,3,1,3,5,2,HP-I1 implementation authorization
D-3.15.j,Best-Estimate + Uncertainty (BEPU) / Sensitivity Studies,Demonstrator,3 - Demonstrator engineering and Launch Pad USA authorization,SRP Chapters,2027-07-01,2027-12-31,True,"Execution definition complete; task-specific facility, supplier, and final design inputs remain subject to the listed hold points.",100,"Deliver Best-Estimate + Uncertainty (BEPU) / Sensitivity Studies between 2027-07-01 and 2027-12-31 through a controlled sequence of implementation authorization, input/facility readiness, technical execution, independent verification, and downstream handoff. The producing lead is Safety Analysis; temporary laboratory, supplier, construction, or regulatory support is purchased only for defined products and acceptance evidence.",PB-FP-01; PB-TEST-01,,5,3,2,1,3,3,3,5,3,HP-I1 implementation authorization
D-3.16.h,"Submittal Packaging, RAIs & Configuration Control",Demonstrator,3 - Demonstrator engineering and Launch Pad USA authorization,SRP Chapters,2027-07-01,2028-06-30,True,"Execution definition complete; task-specific facility, supplier, and final design inputs remain subject to the listed hold points.",100,"Deliver Submittal Packaging, RAIs & Configuration Control between 2027-07-01 and 2028-06-30 through a controlled sequence of implementation authorization, input/facility readiness, technical execution, independent verification, and downstream handoff. The producing lead is Licensing Engineer; temporary laboratory, supplier, construction, or regulatory support is purchased only for defined products and acceptance evidence.",PB-MAT-01; PB-TEST-01; PB-WASTE-01,,5,3,2,1,3,1,3,5,2,HP-I1 implementation authorization
D-3.19.g,Data Analysis & Parameter Estimation,Demonstrator,3 - Demonstrator engineering and Launch Pad USA authorization,SRP Chapters,2027-07-01,2027-12-31,True,"Execution definition complete; task-specific facility, supplier, and final design inputs remain subject to the listed hold points.",100,"Deliver Data Analysis & Parameter Estimation between 2027-07-01 and 2027-12-31 through a controlled sequence of implementation authorization, input/facility readiness, technical execution, independent verification, and downstream handoff. The producing lead is PRA/Risk Engineer; temporary laboratory, supplier, construction, or regulatory support is purchased only for defined products and acceptance evidence.",PB-MAT-01; PB-TEST-01,,5,3,2,1,3,3,3,5,2,HP-I1 implementation authorization
D-3.3.n,"Design Documentation: Drawings, Specs & Reports",Demonstrator,3 - Demonstrator engineering and Launch Pad USA authorization,SRP Chapters,2027-07-01,2027-12-31,False,"Execution definition complete; task-specific facility, supplier, and final design inputs remain subject to the listed hold points.",100,"Deliver Design Documentation: Drawings, Specs & Reports between 2027-07-01 and 2027-12-31 through a controlled sequence of implementation authorization, input/facility readiness, technical execution, independent verification, and downstream handoff. The producing lead is Mechanical Engineer; temporary laboratory, supplier, construction, or regulatory support is purchased only for defined products and acceptance evidence.",PB-TEST-01,,5,3,5,1,3,1,3,5,2,HP-I1 implementation authorization
D-3.8.d,Standby/Emergency Power (EDG/AAC/ALT) & Qualification,Demonstrator,3 - Demonstrator engineering and Launch Pad USA authorization,SRP Chapters,2027-07-01,2027-12-31,False,"Execution definition complete; task-specific facility, supplier, and final design inputs remain subject to the listed hold points.",100,"Deliver Standby/Emergency Power (EDG/AAC/ALT) & Qualification between 2027-07-01 and 2027-12-31 through a controlled sequence of implementation authorization, input/facility readiness, technical execution, independent verification, and downstream handoff. The producing lead is Electrical Engineer; temporary laboratory, supplier, construction, or regulatory support is purchased only for defined products and acceptance evidence.",PB-TEST-01,,5,3,5,1,3,1,3,5,2,HP-I1 implementation authorization
D-4.k,"Program Assessments, Audits & NRC Interface",Demonstrator,3 - Demonstrator engineering and Launch Pad USA authorization,Security & Cyber,2027-07-01,2028-09-30,False,"Execution definition complete; task-specific facility, supplier, and final design inputs remain subject to the listed hold points.",100,"Deliver Program Assessments, Audits & NRC Interface between 2027-07-01 and 2028-09-30 through a controlled sequence of implementation authorization, input/facility readiness, technical execution, independent verification, and downstream handoff. The producing lead is Quality Assurance; temporary laboratory, supplier, construction, or regulatory support is purchased only for defined products and acceptance evidence.",PB-MAT-01; PB-MCA-01; PB-SUPPLY-01; PB-TEST-01,,5,4,2,1,3,3,3,5,2,HP-I1 implementation authorization
D-5.k,MOUs/MOAs & Offsite Interfaces,Demonstrator,3 - Demonstrator engineering and Launch Pad USA authorization,EP,2027-07-01,2028-03-31,False,"Execution definition complete; task-specific facility, supplier, and final design inputs remain subject to the listed hold points.",100,"Deliver MOUs/MOAs & Offsite Interfaces between 2027-07-01 and 2028-03-31 through a controlled sequence of implementation authorization, input/facility readiness, technical execution, independent verification, and downstream handoff. The producing lead is Operations/Training; temporary laboratory, supplier, construction, or regulatory support is purchased only for defined products and acceptance evidence.",PB-CHEM-01; PB-TEST-01,,5,4,5,1,3,1,3,5,3,HP-I1 implementation authorization
D-DEMO-01,Host Site Modifications and Utility Interfaces,Demonstrator,3 - Demonstrator engineering and Launch Pad USA authorization,Demonstrator Direct Demonstrator,2028-01-01,2028-11-30,True,"Execution definition complete; task-specific facility, supplier, and final design inputs remain subject to the listed hold points.",100,"Deliver Host Site Modifications and Utility Interfaces between 2028-01-01 and 2028-11-30 through a controlled sequence of implementation authorization, input/facility readiness, technical execution, independent verification, and downstream handoff. The producing lead is Construction Manager; temporary laboratory, supplier, construction, or regulatory support is purchased only for defined products and acceptance evidence.",PB-MAT-01; PB-SUPPLY-01; PB-TEST-01,,5,3,5,1,3,1,3,5,2,HP-I1 implementation authorization
D-DEMO-10,Direct Demonstrator Contingency,Demonstrator,3 - Demonstrator engineering and Launch Pad USA authorization,Demonstrator Direct Demonstrator,2028-10-01,2028-12-31,True,"Execution definition complete; task-specific facility, supplier, and final design inputs remain subject to the listed hold points.",100,"Deliver Direct Demonstrator Contingency between 2028-10-01 and 2028-12-31 through a controlled sequence of implementation authorization, input/facility readiness, technical execution, independent verification, and downstream handoff. The producing lead is Project Manager; temporary laboratory, supplier, construction, or regulatory support is purchased only for defined products and acceptance evidence.",PB-TEST-01,,5,3,1,1,3,1,3,5,2,HP-I1 implementation authorization
D-3.13.j,"FSAR Chapter 13 Drafting, Reviews & Records",Demonstrator,3 - Demonstrator engineering and Launch Pad USA authorization,SRP Chapters,2027-07-01,2028-09-30,False,"Execution definition complete; task-specific facility, supplier, and final design inputs remain subject to the listed hold points.",100,"Deliver FSAR Chapter 13 Drafting, Reviews & Records between 2027-07-01 and 2028-09-30 through a controlled sequence of implementation authorization, input/facility readiness, technical execution, independent verification, and downstream handoff. The producing lead is Licensing Engineer; temporary laboratory, supplier, construction, or regulatory support is purchased only for defined products and acceptance evidence.",PB-MCA-01; PB-TEST-01,,5,3,2,1,3,1,3,5,2,HP-I1 implementation authorization
D-3.18.i,Training Integration (SAT) & Simulator Scenarios,Demonstrator,3 - Demonstrator engineering and Launch Pad USA authorization,SRP Chapters,2029-04-01,2029-12-31,False,"Execution definition complete; task-specific facility, supplier, and final design inputs remain subject to the listed hold points.",100,"Deliver Training Integration (SAT) & Simulator Scenarios between 2029-04-01 and 2029-12-31 through a controlled sequence of implementation authorization, input/facility readiness, technical execution, independent verification, and downstream handoff. The producing lead is Human Factors Engineer; temporary laboratory, supplier, construction, or regulatory support is purchased only for defined products and acceptance evidence.",PB-TEST-01; PB-WASTE-01,,5,4,2,1,3,1,3,5,2,HP-I1 implementation authorization
D-3.3.m,"Calculation Control, Independent Verification & Model QA",Demonstrator,3 - Demonstrator engineering and Launch Pad USA authorization,SRP Chapters,2027-07-01,2027-12-31,False,"Execution definition complete; task-specific facility, supplier, and final design inputs remain subject to the listed hold points.",100,"Deliver Calculation Control, Independent Verification & Model QA between 2027-07-01 and 2027-12-31 through a controlled sequence of implementation authorization, input/facility readiness, technical execution, independent verification, and downstream handoff. The producing lead is Mechanical Engineer; temporary laboratory, supplier, construction, or regulatory support is purchased only for defined products and acceptance evidence.",PB-MAT-01; PB-SUPPLY-01; PB-TEST-01,,5,4,2,2,3,3,3,5,3,HP-I1 implementation authorization
D-3.7.h,Environmental & Seismic Qualification (IEEE 323/344),Demonstrator,3 - Demonstrator engineering and Launch Pad USA authorization,SRP Chapters,2027-07-01,2027-12-31,True,"Execution definition complete; task-specific facility, supplier, and final design inputs remain subject to the listed hold points.",100,"Deliver Environmental & Seismic Qualification (IEEE 323/344) between 2027-07-01 and 2027-12-31 through a controlled sequence of implementation authorization, input/facility readiness, technical execution, independent verification, and downstream handoff. The producing lead is I&C/Digital Engineer; temporary laboratory, supplier, construction, or regulatory support is purchased only for defined products and acceptance evidence.",PB-MAT-01; PB-MCA-01; PB-TEST-01,,5,3,5,1,3,1,3,5,2,HP-I1 implementation authorization
D-3.8.g,"Protection & Coordination, Arc-Flash, and Grounding",Demonstrator,3 - Demonstrator engineering and Launch Pad USA authorization,SRP Chapters,2027-07-01,2027-12-31,False,"Execution definition complete; task-specific facility, supplier, and final design inputs remain subject to the listed hold points.",100,"Deliver Protection & Coordination, Arc-Flash, and Grounding between 2027-07-01 and 2027-12-31 through a controlled sequence of implementation authorization, input/facility readiness, technical execution, independent verification, and downstream handoff. The producing lead is Electrical Engineer; temporary laboratory, supplier, construction, or regulatory support is purchased only for defined products and acceptance evidence.",PB-MCA-01; PB-TEST-01,,5,3,5,1,3,1,3,5,2,HP-I1 implementation authorization
D-4.b,Vital Area Analysis & Physical Security Design,Demonstrator,3 - Demonstrator engineering and Launch Pad USA authorization,Security & Cyber,2027-07-01,2027-12-31,False,"Execution definition complete; task-specific facility, supplier, and final design inputs remain subject to the listed hold points.",100,"Deliver Vital Area Analysis & Physical Security Design between 2027-07-01 and 2027-12-31 through a controlled sequence of implementation authorization, input/facility readiness, technical execution, independent verification, and downstream handoff. The producing lead is Cyber/Security Engineer; temporary laboratory, supplier, construction, or regulatory support is purchased only for defined products and acceptance evidence.",PB-MAT-01; PB-MCA-01; PB-TEST-01,,5,4,5,1,3,1,3,5,2,HP-I1 implementation authorization
D-4.l,Documentation & FSAR/CSP/PSP Interfaces,Demonstrator,3 - Demonstrator engineering and Launch Pad USA authorization,Security & Cyber,2027-07-01,2028-03-31,False,"Execution definition complete; task-specific facility, supplier, and final design inputs remain subject to the listed hold points.",100,"Deliver Documentation & FSAR/CSP/PSP Interfaces between 2027-07-01 and 2028-03-31 through a controlled sequence of implementation authorization, input/facility readiness, technical execution, independent verification, and downstream handoff. The producing lead is Licensing Engineer; temporary laboratory, supplier, construction, or regulatory support is purchased only for defined products and acceptance evidence.",PB-MAT-01; PB-MCA-01; PB-TEST-01,,5,4,5,1,3,1,3,5,2,HP-I1 implementation authorization
D-5.l,Change Control & Configuration Management (50.54(q)),Demonstrator,3 - Demonstrator engineering and Launch Pad USA authorization,EP,2027-10-01,2031-12-31,False,"Execution definition complete; task-specific facility, supplier, and final design inputs remain subject to the listed hold points.",100,"Deliver Change Control & Configuration Management (50.54(q)) between 2027-10-01 and 2031-12-31 through a controlled sequence of implementation authorization, input/facility readiness, technical execution, independent verification, and downstream handoff. The producing lead is Operations/Training; temporary laboratory, supplier, construction, or regulatory support is purchased only for defined products and acceptance evidence.",PB-CHEM-01; PB-SUPPLY-01; PB-TEST-01,,5,4,1,1,3,1,3,5,3,HP-I1 implementation authorization
D-7.a,Technical Specifications (TS) Implementation & Surveillance Initialization,Demonstrator,3 - Demonstrator engineering and Launch Pad USA authorization,Operations Programs,2029-04-01,2029-12-31,False,"Execution definition complete; task-specific facility, supplier, and final design inputs remain subject to the listed hold points.",100,"Deliver Technical Specifications (TS) Implementation & Surveillance Initialization between 2029-04-01 and 2029-12-31 through a controlled sequence of implementation authorization, input/facility readiness, technical execution, independent verification, and downstream handoff. The producing lead is Operations/Training; temporary laboratory, supplier, construction, or regulatory support is purchased only for defined products and acceptance evidence.",PB-MAT-01; PB-TEST-01,,5,4,5,1,3,1,3,5,2,HP-I1 implementation authorization
D-7.i,"Chemistry, Effluents (ODCM/REMP) & Environmental Monitoring",Demonstrator,3 - Demonstrator engineering and Launch Pad USA authorization,Operations Programs,2029-04-01,2030-12-31,False,"Execution definition complete; task-specific facility, supplier, and final design inputs remain subject to the listed hold points.",100,"Deliver Chemistry, Effluents (ODCM/REMP) & Environmental Monitoring between 2029-04-01 and 2030-12-31 through a controlled sequence of implementation authorization, input/facility readiness, technical execution, independent verification, and downstream handoff. The producing lead is Operations/Training; temporary laboratory, supplier, construction, or regulatory support is purchased only for defined products and acceptance evidence.",PB-CHEM-01; PB-FP-01; PB-MAT-01; PB-TEST-01; PB-WASTE-01,,5,4,1,1,3,4,3,5,3,HP-I1 implementation authorization
D-3.12.h,ALARA-by-Design Features & Optimization,Demonstrator,3 - Demonstrator engineering and Launch Pad USA authorization,SRP Chapters,2027-07-01,2027-12-31,False,"Execution definition complete; task-specific facility, supplier, and final design inputs remain subject to the listed hold points.",100,"Deliver ALARA-by-Design Features & Optimization between 2027-07-01 and 2027-12-31 through a controlled sequence of implementation authorization, input/facility readiness, technical execution, independent verification, and downstream handoff. The producing lead is Radiation Protection/Chemistry; temporary laboratory, supplier, construction, or regulatory support is purchased only for defined products and acceptance evidence.",PB-CHEM-01; PB-FP-01; PB-FUEL-01; PB-MAT-01; PB-TEST-01,,5,4,5,2,3,1,4,5,5,HP-I1 implementation authorization
D-3.15.k,"Results, Margins & Cross-Chapter Consistency",Demonstrator,3 - Demonstrator engineering and Launch Pad USA authorization,SRP Chapters,2027-07-01,2028-03-31,True,"Execution definition complete; task-specific facility, supplier, and final design inputs remain subject to the listed hold points.",100,"Deliver Results, Margins & Cross-Chapter Consistency between 2027-07-01 and 2028-03-31 through a controlled sequence of implementation authorization, input/facility readiness, technical execution, independent verification, and downstream handoff. The producing lead is Safety Analysis; temporary laboratory, supplier, construction, or regulatory support is purchased only for defined products and acceptance evidence.",PB-FP-01; PB-FUEL-01; PB-TEST-01,,5,4,2,1,3,3,3,5,5,HP-I1 implementation authorization
D-3.17.f,Software QA (NQA-1 Subpart 2.7) & Tool Qualification,Demonstrator,3 - Demonstrator engineering and Launch Pad USA authorization,SRP Chapters,2027-07-01,2028-06-30,True,"Execution definition complete; task-specific facility, supplier, and final design inputs remain subject to the listed hold points.",100,"Deliver Software QA (NQA-1 Subpart 2.7) & Tool Qualification between 2027-07-01 and 2028-06-30 through a controlled sequence of implementation authorization, input/facility readiness, technical execution, independent verification, and downstream handoff. The producing lead is Quality Assurance; temporary laboratory, supplier, construction, or regulatory support is purchased only for defined products and acceptance evidence.",PB-MCA-01; PB-SUPPLY-01; PB-TEST-01,,5,3,5,1,3,1,3,5,2,HP-I1 implementation authorization
D-3.18.e,"Staffing, Qualifications & Workload",Demonstrator,3 - Demonstrator engineering and Launch Pad USA authorization,SRP Chapters,2029-04-01,2030-03-31,False,"Execution definition complete; task-specific facility, supplier, and final design inputs remain subject to the listed hold points.",100,"Deliver Staffing, Qualifications & Workload between 2029-04-01 and 2030-03-31 through a controlled sequence of implementation authorization, input/facility readiness, technical execution, independent verification, and downstream handoff. The producing lead is Human Factors Engineer; temporary laboratory, supplier, construction, or regulatory support is purchased only for defined products and acceptance evidence.",PB-TEST-01; PB-WASTE-01,,5,4,1,1,3,4,3,5,2,HP-I1 implementation authorization
D-3.19.h,Human Reliability Analysis (HRA),Demonstrator,3 - Demonstrator engineering and Launch Pad USA authorization,SRP Chapters,2027-07-01,2028-03-31,True,"Execution definition complete; task-specific facility, supplier, and final design inputs remain subject to the listed hold points.",100,"Deliver Human Reliability Analysis (HRA) between 2027-07-01 and 2028-03-31 through a controlled sequence of implementation authorization, input/facility readiness, technical execution, independent verification, and downstream handoff. The producing lead is PRA/Risk Engineer; temporary laboratory, supplier, construction, or regulatory support is purchased only for defined products and acceptance evidence.",PB-MAT-01; PB-TEST-01,,5,3,2,1,3,3,3,5,2,HP-I1 implementation authorization
D-5.c,Emergency Action Levels (EALs) & Technical Bases (NEI 99-01),Demonstrator,3 - Demonstrator engineering and Launch Pad USA authorization,EP,2027-07-01,2028-03-31,False,"Execution definition complete; task-specific facility, supplier, and final design inputs remain subject to the listed hold points.",100,"Deliver Emergency Action Levels (EALs) & Technical Bases (NEI 99-01) between 2027-07-01 and 2028-03-31 through a controlled sequence of implementation authorization, input/facility readiness, technical execution, independent verification, and downstream handoff. The producing lead is Operations/Training; temporary laboratory, supplier, construction, or regulatory support is purchased only for defined products and acceptance evidence.",PB-CHEM-01; PB-TEST-01,,5,4,1,1,3,1,3,5,3,HP-I1 implementation authorization
D-7.j,Operability Determinations (OD/F) & Corrective Action Program (CAP),Demonstrator,3 - Demonstrator engineering and Launch Pad USA authorization,Operations Programs,2029-04-01,2030-09-30,False,"Execution definition complete; task-specific facility, supplier, and final design inputs remain subject to the listed hold points.",100,"Deliver Operability Determinations (OD/F) & Corrective Action Program (CAP) between 2029-04-01 and 2030-09-30 through a controlled sequence of implementation authorization, input/facility readiness, technical execution, independent verification, and downstream handoff. The producing lead is Operations/Training; temporary laboratory, supplier, construction, or regulatory support is purchased only for defined products and acceptance evidence.",PB-MAT-01; PB-SUPPLY-01; PB-TEST-01,,5,4,1,1,3,4,3,5,2,HP-I1 implementation authorization
D-3.16.c,Setpoint / Allowable Value Derivation & Tables (RG 1.105),Demonstrator,3 - Demonstrator engineering and Launch Pad USA authorization,SRP Chapters,2027-07-01,2028-03-31,False,"Execution definition complete; task-specific facility, supplier, and final design inputs remain subject to the listed hold points.",100,"Deliver Setpoint / Allowable Value Derivation & Tables (RG 1.105) between 2027-07-01 and 2028-03-31 through a controlled sequence of implementation authorization, input/facility readiness, technical execution, independent verification, and downstream handoff. The producing lead is Licensing Engineer; temporary laboratory, supplier, construction, or regulatory support is purchased only for defined products and acceptance evidence.",PB-TEST-01; PB-WASTE-01,,5,3,5,1,3,1,3,5,2,HP-I1 implementation authorization
D-3.8.f,"Cable Routing, Separation, & Fire/Environmental Qualification",Demonstrator,3 - Demonstrator engineering and Launch Pad USA authorization,SRP Chapters,2027-07-01,2028-03-31,False,"Execution definition complete; task-specific facility, supplier, and final design inputs remain subject to the listed hold points.",100,"Deliver Cable Routing, Separation, & Fire/Environmental Qualification between 2027-07-01 and 2028-03-31 through a controlled sequence of implementation authorization, input/facility readiness, technical execution, independent verification, and downstream handoff. The producing lead is Electrical Engineer; temporary laboratory, supplier, construction, or regulatory support is purchased only for defined products and acceptance evidence.",PB-TEST-01,,5,3,5,1,3,1,3,5,2,HP-I1 implementation authorization
D-3.9.g,Cask Handling & Fuel Pool Support Systems (cross-links Ch.9.1/Ch.3/Ch.15),Demonstrator,3 - Demonstrator engineering and Launch Pad USA authorization,SRP Chapters,2027-07-01,2027-12-31,True,"Execution definition complete; task-specific facility, supplier, and final design inputs remain subject to the listed hold points.",100,"Deliver Cask Handling & Fuel Pool Support Systems (cross-links Ch.9.1/Ch.3/Ch.15) between 2027-07-01 and 2027-12-31 through a controlled sequence of implementation authorization, input/facility readiness, technical execution, independent verification, and downstream handoff. The producing lead is Mechanical Engineer; temporary laboratory, supplier, construction, or regulatory support is purchased only for defined products and acceptance evidence.",PB-CHEM-01; PB-FP-01; PB-FUEL-01; PB-MAT-01; PB-SUPPLY-01; PB-TEST-01; PB-WASTE-01,,5,4,5,2,3,1,3,5,6,HP-I1 implementation authorization
D-7.k,"Program Performance Indicators, Audits & Readiness",Demonstrator,3 - Demonstrator engineering and Launch Pad USA authorization,Operations Programs,2029-04-01,2030-09-30,False,"Execution definition complete; task-specific facility, supplier, and final design inputs remain subject to the listed hold points.",100,"Deliver Program Performance Indicators, Audits & Readiness between 2029-04-01 and 2030-09-30 through a controlled sequence of implementation authorization, input/facility readiness, technical execution, independent verification, and downstream handoff. The producing lead is Quality Assurance; temporary laboratory, supplier, construction, or regulatory support is purchased only for defined products and acceptance evidence.",PB-MAT-01; PB-SUPPLY-01; PB-TEST-01,,6,5,5,1,3,4,3,5,2,HP-I1 implementation authorization
D-3.17.k,"Nonconformance, Corrective Action (CAP) & 10 CFR 21",Demonstrator,3 - Demonstrator engineering and Launch Pad USA authorization,SRP Chapters,2027-07-01,2028-09-30,True,"Execution definition complete; task-specific facility, supplier, and final design inputs remain subject to the listed hold points.",100,"Deliver Nonconformance, Corrective Action (CAP) & 10 CFR 21 between 2027-07-01 and 2028-09-30 through a controlled sequence of implementation authorization, input/facility readiness, technical execution, independent verification, and downstream handoff. The producing lead is Quality Assurance; temporary laboratory, supplier, construction, or regulatory support is purchased only for defined products and acceptance evidence.",PB-SUPPLY-01; PB-TEST-01; PB-WASTE-01,,5,3,5,1,3,1,3,5,2,HP-I1 implementation authorization
D-3.18.k,Formative Evaluations (Rapid Iteration),Demonstrator,3 - Demonstrator engineering and Launch Pad USA authorization,SRP Chapters,2027-07-01,2028-03-31,False,"Execution definition complete; task-specific facility, supplier, and final design inputs remain subject to the listed hold points.",100,"Deliver Formative Evaluations (Rapid Iteration) between 2027-07-01 and 2028-03-31 through a controlled sequence of implementation authorization, input/facility readiness, technical execution, independent verification, and downstream handoff. The producing lead is Human Factors Engineer; temporary laboratory, supplier, construction, or regulatory support is purchased only for defined products and acceptance evidence.",PB-TEST-01; PB-WASTE-01,,5,4,2,1,3,3,3,5,2,HP-I1 implementation authorization
D-3.19.i,"Quantification, Uncertainty & Importance",Demonstrator,3 - Demonstrator engineering and Launch Pad USA authorization,SRP Chapters,2027-07-01,2028-03-31,True,"Execution definition complete; task-specific facility, supplier, and final design inputs remain subject to the listed hold points.",100,"Deliver Quantification, Uncertainty & Importance between 2027-07-01 and 2028-03-31 through a controlled sequence of implementation authorization, input/facility readiness, technical execution, independent verification, and downstream handoff. The producing lead is PRA/Risk Engineer; temporary laboratory, supplier, construction, or regulatory support is purchased only for defined products and acceptance evidence.",PB-MAT-01; PB-TEST-01,,5,3,2,1,3,3,3,5,2,HP-I1 implementation authorization
D-3.7.k,"Logic Design, Test, and V&V (Platform-Specific)",Demonstrator,3 - Demonstrator engineering and Launch Pad USA authorization,SRP Chapters,2027-07-01,2028-03-31,True,"Execution definition complete; task-specific facility, supplier, and final design inputs remain subject to the listed hold points.",100,"Deliver Logic Design, Test, and V&V (Platform-Specific) between 2027-07-01 and 2028-03-31 through a controlled sequence of implementation authorization, input/facility readiness, technical execution, independent verification, and downstream handoff. The producing lead is I&C/Digital Engineer; temporary laboratory, supplier, construction, or regulatory support is purchased only for defined products and acceptance evidence.",PB-MCA-01; PB-TEST-01,,5,3,5,1,3,1,3,5,2,HP-I1 implementation authorization
D-5.d,Emergency Response Facilities & Communications,Demonstrator,3 - Demonstrator engineering and Launch Pad USA authorization,EP,2027-07-01,2028-03-31,False,"Execution definition complete; task-specific facility, supplier, and final design inputs remain subject to the listed hold points.",100,"Deliver Emergency Response Facilities & Communications between 2027-07-01 and 2028-03-31 through a controlled sequence of implementation authorization, input/facility readiness, technical execution, independent verification, and downstream handoff. The producing lead is Operations/Training; temporary laboratory, supplier, construction, or regulatory support is purchased only for defined products and acceptance evidence.",PB-CHEM-01; PB-TEST-01,,5,4,5,1,3,1,3,5,3,HP-I1 implementation authorization
D-3.10.k,Piping Design/Supports & Acoustic/Vibration Checks,Demonstrator,3 - Demonstrator engineering and Launch Pad USA authorization,SRP Chapters,2027-10-01,2028-03-31,False,"Execution definition complete; task-specific facility, supplier, and final design inputs remain subject to the listed hold points.",100,"Deliver Piping Design/Supports & Acoustic/Vibration Checks between 2027-10-01 and 2028-03-31 through a controlled sequence of implementation authorization, input/facility readiness, technical execution, independent verification, and downstream handoff. The producing lead is Mechanical Engineer; temporary laboratory, supplier, construction, or regulatory support is purchased only for defined products and acceptance evidence.",PB-MAT-01; PB-SUPPLY-01; PB-TEST-01,,5,4,5,2,3,1,3,5,3,HP-I1 implementation authorization
D-3.16.d,Risk-Informed AOT/CT & STI Evaluations (RG 1.177 / 1.174),Demonstrator,3 - Demonstrator engineering and Launch Pad USA authorization,SRP Chapters,2027-10-01,2028-03-31,False,"Execution definition complete; task-specific facility, supplier, and final design inputs remain subject to the listed hold points.",100,"Deliver Risk-Informed AOT/CT & STI Evaluations (RG 1.177 / 1.174) between 2027-10-01 and 2028-03-31 through a controlled sequence of implementation authorization, input/facility readiness, technical execution, independent verification, and downstream handoff. The producing lead is Licensing Engineer; temporary laboratory, supplier, construction, or regulatory support is purchased only for defined products and acceptance evidence.",PB-TEST-01; PB-WASTE-01,,5,3,2,1,3,3,3,5,2,HP-I1 implementation authorization
D-3.8.i,"Documentation: SLDs, Load Lists, Settings, and FSAR Ch.8",Demonstrator,3 - Demonstrator engineering and Launch Pad USA authorization,SRP Chapters,2027-10-01,2028-03-31,False,"Execution definition complete; task-specific facility, supplier, and final design inputs remain subject to the listed hold points.",100,"Deliver Documentation: SLDs, Load Lists, Settings, and FSAR Ch.8 between 2027-10-01 and 2028-03-31 through a controlled sequence of implementation authorization, input/facility readiness, technical execution, independent verification, and downstream handoff. The producing lead is Licensing Engineer; temporary laboratory, supplier, construction, or regulatory support is purchased only for defined products and acceptance evidence.",PB-TEST-01,,5,3,5,1,3,1,3,5,2,HP-I1 implementation authorization
D-13.a,Readiness Governance & Gate Criteria,Demonstrator,3 - Demonstrator engineering and Launch Pad USA authorization,Readiness,2029-04-01,2029-09-30,True,"Execution definition complete; task-specific facility, supplier, and final design inputs remain subject to the listed hold points.",100,"Deliver Readiness Governance & Gate Criteria between 2029-04-01 and 2029-09-30 through a controlled sequence of implementation authorization, input/facility readiness, technical execution, independent verification, and downstream handoff. The producing lead is Test/Commissioning Engineer; temporary laboratory, supplier, construction, or regulatory support is purchased only for defined products and acceptance evidence.",PB-MAT-01; PB-TEST-01,,6,5,5,1,3,4,3,5,2,HP-I1 implementation authorization
D-3.11.j,Integrated Compliance Demonstration & Sensitivity Analyses,Demonstrator,3 - Demonstrator engineering and Launch Pad USA authorization,SRP Chapters,2027-07-01,2027-12-31,False,"Execution definition complete; task-specific facility, supplier, and final design inputs remain subject to the listed hold points.",100,"Deliver Integrated Compliance Demonstration & Sensitivity Analyses between 2027-07-01 and 2027-12-31 through a controlled sequence of implementation authorization, input/facility readiness, technical execution, independent verification, and downstream handoff. The producing lead is Radiation Protection/Chemistry; temporary laboratory, supplier, construction, or regulatory support is purchased only for defined products and acceptance evidence.",PB-CHEM-01; PB-FP-01; PB-MAT-01; PB-SUPPLY-01; PB-TEST-01; PB-WASTE-01,,5,4,2,2,3,3,4,5,3,HP-I1 implementation authorization
D-3.17.i,"Inspection, Test, & Special Processes (Criteria X & IX)",Demonstrator,3 - Demonstrator engineering and Launch Pad USA authorization,SRP Chapters,2029-01-01,2029-12-31,True,"Execution definition complete; task-specific facility, supplier, and final design inputs remain subject to the listed hold points.",100,"Deliver Inspection, Test, & Special Processes (Criteria X & IX) between 2029-01-01 and 2029-12-31 through a controlled sequence of implementation authorization, input/facility readiness, technical execution, independent verification, and downstream handoff. The producing lead is Quality Assurance; temporary laboratory, supplier, construction, or regulatory support is purchased only for defined products and acceptance evidence.",PB-MAT-01; PB-SUPPLY-01; PB-TEST-01,,6,4,5,1,3,4,3,5,2,HP-I1 implementation authorization
D-4.e,Critical Digital Asset (CDA) Identification & Risk Assessment,Demonstrator,3 - Demonstrator engineering and Launch Pad USA authorization,Security & Cyber,2027-07-01,2027-12-31,False,"Execution definition complete; task-specific facility, supplier, and final design inputs remain subject to the listed hold points.",100,"Deliver Critical Digital Asset (CDA) Identification & Risk Assessment between 2027-07-01 and 2027-12-31 through a controlled sequence of implementation authorization, input/facility readiness, technical execution, independent verification, and downstream handoff. The producing lead is Cyber/Security Engineer; temporary laboratory, supplier, construction, or regulatory support is purchased only for defined products and acceptance evidence.",PB-MAT-01; PB-MCA-01; PB-TEST-01,,5,4,2,1,3,3,3,5,2,HP-I1 implementation authorization
D-5.e,Dose Assessment Capability & Procedures,Demonstrator,3 - Demonstrator engineering and Launch Pad USA authorization,EP,2027-07-01,2027-12-31,False,"Execution definition complete; task-specific facility, supplier, and final design inputs remain subject to the listed hold points.",100,"Deliver Dose Assessment Capability & Procedures between 2027-07-01 and 2027-12-31 through a controlled sequence of implementation authorization, input/facility readiness, technical execution, independent verification, and downstream handoff. The producing lead is Operations/Training; temporary laboratory, supplier, construction, or regulatory support is purchased only for defined products and acceptance evidence.",PB-CHEM-01; PB-FP-01; PB-TEST-01,,5,4,2,1,3,3,3,5,3,HP-I1 implementation authorization
D-DEMO-02,"Reactor Core, Vessel and Internal Hardware",Demonstrator,3 - Demonstrator engineering and Launch Pad USA authorization,Demonstrator Direct Demonstrator,2027-07-01,2028-09-30,True,"Execution definition complete; task-specific facility, supplier, and final design inputs remain subject to the listed hold points.",100,"Deliver Reactor Core, Vessel and Internal Hardware between 2027-07-01 and 2028-09-30 through a controlled sequence of implementation authorization, input/facility readiness, technical execution, independent verification, and downstream handoff. The producing lead is Mechanical Engineer; temporary laboratory, supplier, construction, or regulatory support is purchased only for defined products and acceptance evidence.",PB-MAT-01; PB-SUPPLY-01; PB-TEST-01,,5,4,5,2,3,1,3,5,3,HP-I1 implementation authorization
D-DEMO-03,"Primary Salt Loop, Pumps and Heat Exchanger",Demonstrator,3 - Demonstrator engineering and Launch Pad USA authorization,Demonstrator Direct Demonstrator,2027-07-01,2028-09-30,True,"Execution definition complete; task-specific facility, supplier, and final design inputs remain subject to the listed hold points.",100,"Deliver Primary Salt Loop, Pumps and Heat Exchanger between 2027-07-01 and 2028-09-30 through a controlled sequence of implementation authorization, input/facility readiness, technical execution, independent verification, and downstream handoff. The producing lead is Mechanical Engineer; temporary laboratory, supplier, construction, or regulatory support is purchased only for defined products and acceptance evidence.",PB-CHEM-01; PB-FUEL-01; PB-MAT-01; PB-SUPPLY-01; PB-TEST-01,,5,4,5,1,3,1,3,5,5,HP-I1 implementation authorization
D-DEMO-04,"Fuel Salt Inventory, Processing and Handling Equipment",Demonstrator,3 - Demonstrator engineering and Launch Pad USA authorization,Demonstrator Direct Demonstrator,2027-10-01,2028-10-31,True,"Task-specific execution sequence, procurement/partner actions, facility work, decision gates, acceptance evidence, and fallback routes are defined for the current planning basis.",100,"Implement the demonstrator fuel-salt system as a minimum, qualified set of receipt/storage, heating/transfer, sampling/monitoring, off-gas/selected processing, inventory measurement, drain/recovery, maintenance and waste functions, progressing through supplier FAT, site installation, representative-salt commissioning, fuel readiness, 2029 operation and final disposition.",PB-CHEM-01; PB-FP-01; PB-FUEL-01; PB-MCA-01; PB-STARTUP-01; PB-SUPPLY-01; PB-WASTE-01,CHEM-18; CHEM-19; CHEM-20; CHEM-21; CHEM-23; CHEM-24; CHEM-25,9,4,3,4,3,3,4,5,6,HP-DSP1 functional freeze
D-DEMO-05,"I&C, Electrical and Data Acquisition",Demonstrator,3 - Demonstrator engineering and Launch Pad USA authorization,Demonstrator Direct Demonstrator,2027-07-01,2028-10-31,True,"Execution definition complete; task-specific facility, supplier, and final design inputs remain subject to the listed hold points.",100,"Deliver I&C, Electrical and Data Acquisition between 2027-07-01 and 2028-10-31 through a controlled sequence of implementation authorization, input/facility readiness, technical execution, independent verification, and downstream handoff. The producing lead is I&C/Digital Engineer; temporary laboratory, supplier, construction, or regulatory support is purchased only for defined products and acceptance evidence.",PB-CHEM-01; PB-MAT-01; PB-MCA-01; PB-TEST-01,,5,3,5,1,3,1,3,5,3,HP-I1 implementation authorization
D-3.16.e,COLR & Operating Limits Integration,Demonstrator,3 - Demonstrator engineering and Launch Pad USA authorization,SRP Chapters,2027-07-01,2027-12-31,False,"Execution definition complete; task-specific facility, supplier, and final design inputs remain subject to the listed hold points.",100,"Deliver COLR & Operating Limits Integration between 2027-07-01 and 2027-12-31 through a controlled sequence of implementation authorization, input/facility readiness, technical execution, independent verification, and downstream handoff. The producing lead is Licensing Engineer; temporary laboratory, supplier, construction, or regulatory support is purchased only for defined products and acceptance evidence.",PB-TEST-01; PB-WASTE-01,,5,3,5,1,3,1,3,5,2,HP-I1 implementation authorization
D-3.13.e,Operator Licensing Plan (10 CFR 55; NUREG-1021),Demonstrator,3 - Demonstrator engineering and Launch Pad USA authorization,SRP Chapters,2027-07-01,2027-12-31,True,"Execution definition complete; task-specific facility, supplier, and final design inputs remain subject to the listed hold points.",100,"Deliver Operator Licensing Plan (10 CFR 55; NUREG-1021) between 2027-07-01 and 2027-12-31 through a controlled sequence of implementation authorization, input/facility readiness, technical execution, independent verification, and downstream handoff. The producing lead is Operations/Training; temporary laboratory, supplier, construction, or regulatory support is purchased only for defined products and acceptance evidence.",PB-MCA-01; PB-TEST-01,,5,4,2,1,3,1,3,5,2,HP-I1 implementation authorization
D-4.f,Defensive Controls Implementation & Hardening,Demonstrator,3 - Demonstrator engineering and Launch Pad USA authorization,Security & Cyber,2027-07-01,2028-03-31,False,"Execution definition complete; task-specific facility, supplier, and final design inputs remain subject to the listed hold points.",100,"Deliver Defensive Controls Implementation & Hardening between 2027-07-01 and 2028-03-31 through a controlled sequence of implementation authorization, input/facility readiness, technical execution, independent verification, and downstream handoff. The producing lead is Cyber/Security Engineer; temporary laboratory, supplier, construction, or regulatory support is purchased only for defined products and acceptance evidence.",PB-MAT-01; PB-MCA-01; PB-TEST-01,,5,4,5,1,3,1,3,5,2,HP-I1 implementation authorization
D-5.f,Public Alert & Notification System (ANS) / IPAWS,Demonstrator,3 - Demonstrator engineering and Launch Pad USA authorization,EP,2027-07-01,2028-03-31,False,"Execution definition complete; task-specific facility, supplier, and final design inputs remain subject to the listed hold points.",100,"Deliver Public Alert & Notification System (ANS) / IPAWS between 2027-07-01 and 2028-03-31 through a controlled sequence of implementation authorization, input/facility readiness, technical execution, independent verification, and downstream handoff. The producing lead is Operations/Training; temporary laboratory, supplier, construction, or regulatory support is purchased only for defined products and acceptance evidence.",PB-CHEM-01; PB-TEST-01,,5,4,1,1,3,1,3,5,3,HP-I1 implementation authorization
D-3.18.n,Control Room/HSI Physical & Environmental Ergonomics,Demonstrator,3 - Demonstrator engineering and Launch Pad USA authorization,SRP Chapters,2027-07-01,2028-03-31,False,"Execution definition complete; task-specific facility, supplier, and final design inputs remain subject to the listed hold points.",100,"Deliver Control Room/HSI Physical & Environmental Ergonomics between 2027-07-01 and 2028-03-31 through a controlled sequence of implementation authorization, input/facility readiness, technical execution, independent verification, and downstream handoff. The producing lead is Human Factors Engineer; temporary laboratory, supplier, construction, or regulatory support is purchased only for defined products and acceptance evidence.",PB-TEST-01; PB-WASTE-01,,5,4,5,1,3,1,3,5,2,HP-I1 implementation authorization
D-3.19.l,Severe Accident Evaluation (SAE) & Containment Performance,Demonstrator,3 - Demonstrator engineering and Launch Pad USA authorization,SRP Chapters,2027-07-01,2028-03-31,True,"Execution definition complete; task-specific facility, supplier, and final design inputs remain subject to the listed hold points.",100,"Deliver Severe Accident Evaluation (SAE) & Containment Performance between 2027-07-01 and 2028-03-31 through a controlled sequence of implementation authorization, input/facility readiness, technical execution, independent verification, and downstream handoff. The producing lead is PRA/Risk Engineer; temporary laboratory, supplier, construction, or regulatory support is purchased only for defined products and acceptance evidence.",PB-FP-01; PB-MAT-01; PB-SUPPLY-01; PB-TEST-01,,5,4,2,1,3,3,3,5,3,HP-I1 implementation authorization
D-7.d,Inservice Inspection (ISI) - ASME Section XI,Demonstrator,3 - Demonstrator engineering and Launch Pad USA authorization,Operations Programs,2029-04-01,2029-12-31,False,"Execution definition complete; task-specific facility, supplier, and final design inputs remain subject to the listed hold points.",100,"Deliver Inservice Inspection (ISI) - ASME Section XI between 2029-04-01 and 2029-12-31 through a controlled sequence of implementation authorization, input/facility readiness, technical execution, independent verification, and downstream handoff. The producing lead is Operations/Training; temporary laboratory, supplier, construction, or regulatory support is purchased only for defined products and acceptance evidence.",PB-MAT-01; PB-TEST-01,,5,4,1,1,3,4,3,5,2,HP-I1 implementation authorization
D-DEMO-06,"Shielding, Confinement and Radiological Controls",Demonstrator,3 - Demonstrator engineering and Launch Pad USA authorization,Demonstrator Direct Demonstrator,2027-10-01,2028-10-31,True,"Execution definition complete; task-specific facility, supplier, and final design inputs remain subject to the listed hold points.",100,"Deliver Shielding, Confinement and Radiological Controls between 2027-10-01 and 2028-10-31 through a controlled sequence of implementation authorization, input/facility readiness, technical execution, independent verification, and downstream handoff. The producing lead is Radiation Protection/Chemistry; temporary laboratory, supplier, construction, or regulatory support is purchased only for defined products and acceptance evidence.",PB-CHEM-01; PB-FP-01; PB-FUEL-01; PB-MAT-01; PB-TEST-01,,5,4,5,2,3,1,4,5,5,HP-I1 implementation authorization
D-3.13.f,Emergency Preparedness (EP) Training & ERO Integration (50.47/App E),Demonstrator,3 - Demonstrator engineering and Launch Pad USA authorization,SRP Chapters,2029-04-01,2030-03-31,False,"Execution definition complete; task-specific facility, supplier, and final design inputs remain subject to the listed hold points.",100,"Deliver Emergency Preparedness (EP) Training & ERO Integration (50.47/App E) between 2029-04-01 and 2030-03-31 through a controlled sequence of implementation authorization, input/facility readiness, technical execution, independent verification, and downstream handoff. The producing lead is Operations/Training; temporary laboratory, supplier, construction, or regulatory support is purchased only for defined products and acceptance evidence.",PB-MCA-01; PB-TEST-01,,5,3,2,1,3,1,3,5,2,HP-I1 implementation authorization
D-3.16.f,Operability Determinations & Functionality Guidance,Demonstrator,3 - Demonstrator engineering and Launch Pad USA authorization,SRP Chapters,2029-04-01,2029-12-31,False,"Execution definition complete; task-specific facility, supplier, and final design inputs remain subject to the listed hold points.",100,"Deliver Operability Determinations & Functionality Guidance between 2029-04-01 and 2029-12-31 through a controlled sequence of implementation authorization, input/facility readiness, technical execution, independent verification, and downstream handoff. The producing lead is Licensing Engineer; temporary laboratory, supplier, construction, or regulatory support is purchased only for defined products and acceptance evidence.",PB-TEST-01; PB-WASTE-01,,5,3,1,1,3,4,3,5,2,HP-I1 implementation authorization
D-5.g,Evacuation Time Estimate (ETE) & Traffic Modeling,Demonstrator,3 - Demonstrator engineering and Launch Pad USA authorization,EP,2027-07-01,2027-12-31,False,"Execution definition complete; task-specific facility, supplier, and final design inputs remain subject to the listed hold points.",100,"Deliver Evacuation Time Estimate (ETE) & Traffic Modeling between 2027-07-01 and 2027-12-31 through a controlled sequence of implementation authorization, input/facility readiness, technical execution, independent verification, and downstream handoff. The producing lead is Operations/Training; temporary laboratory, supplier, construction, or regulatory support is purchased only for defined products and acceptance evidence.",PB-CHEM-01; PB-TEST-01,,5,4,2,1,3,3,3,5,3,HP-I1 implementation authorization
D-13.g,Interface to NRC Inspections & Authorizations,Demonstrator,3 - Demonstrator engineering and Launch Pad USA authorization,Readiness,2029-01-01,2030-09-30,True,"Execution definition complete; task-specific facility, supplier, and final design inputs remain subject to the listed hold points.",100,"Deliver Interface to NRC Inspections & Authorizations between 2029-01-01 and 2030-09-30 through a controlled sequence of implementation authorization, input/facility readiness, technical execution, independent verification, and downstream handoff. The producing lead is Test/Commissioning Engineer; temporary laboratory, supplier, construction, or regulatory support is purchased only for defined products and acceptance evidence.",PB-MAT-01; PB-TEST-01,,6,5,5,1,3,4,3,5,2,HP-I1 implementation authorization
D-3.16.b,TS Drafting Using STS Templates,Demonstrator,3 - Demonstrator engineering and Launch Pad USA authorization,SRP Chapters,2027-07-01,2027-12-31,False,"Execution definition complete; task-specific facility, supplier, and final design inputs remain subject to the listed hold points.",100,"Deliver TS Drafting Using STS Templates between 2027-07-01 and 2027-12-31 through a controlled sequence of implementation authorization, input/facility readiness, technical execution, independent verification, and downstream handoff. The producing lead is Licensing Engineer; temporary laboratory, supplier, construction, or regulatory support is purchased only for defined products and acceptance evidence.",PB-TEST-01; PB-WASTE-01,,5,3,5,1,3,1,3,5,2,HP-I1 implementation authorization
D-3.18.m,Integrated System Validation (ISV) - Execution,Demonstrator,3 - Demonstrator engineering and Launch Pad USA authorization,SRP Chapters,2029-04-01,2029-12-31,False,"Execution definition complete; task-specific facility, supplier, and final design inputs remain subject to the listed hold points.",100,"Deliver Integrated System Validation (ISV) - Execution between 2029-04-01 and 2029-12-31 through a controlled sequence of implementation authorization, input/facility readiness, technical execution, independent verification, and downstream handoff. The producing lead is Human Factors Engineer; temporary laboratory, supplier, construction, or regulatory support is purchased only for defined products and acceptance evidence.",PB-TEST-01; PB-WASTE-01,,6,5,5,1,3,4,3,5,2,HP-I1 implementation authorization
D-13.h,Configuration Freeze & Change Control at Gates,Demonstrator,3 - Demonstrator engineering and Launch Pad USA authorization,Readiness,2027-04-01,2028-09-30,True,"Execution definition complete; task-specific facility, supplier, and final design inputs remain subject to the listed hold points.",100,"Deliver Configuration Freeze & Change Control at Gates between 2027-04-01 and 2028-09-30 through a controlled sequence of implementation authorization, input/facility readiness, technical execution, independent verification, and downstream handoff. The producing lead is Thermal-Hydraulics; temporary laboratory, supplier, construction, or regulatory support is purchased only for defined products and acceptance evidence.",PB-CHEM-01; PB-FUEL-01; PB-MAT-01; PB-TEST-01,,5,5,2,1,3,3,3,5,5,HP-I1 implementation authorization
D-3.17.m,"Training, Qualification & Indoctrination",Demonstrator,3 - Demonstrator engineering and Launch Pad USA authorization,SRP Chapters,2029-07-01,2030-06-30,True,"Execution definition complete; task-specific facility, supplier, and final design inputs remain subject to the listed hold points.",100,"Deliver Training, Qualification & Indoctrination between 2029-07-01 and 2030-06-30 through a controlled sequence of implementation authorization, input/facility readiness, technical execution, independent verification, and downstream handoff. The producing lead is Quality Assurance; temporary laboratory, supplier, construction, or regulatory support is purchased only for defined products and acceptance evidence.",PB-SUPPLY-01; PB-TEST-01,,5,3,2,1,3,1,3,5,2,HP-I1 implementation authorization
D-3.18.l,HFE Verification & Validation (V&V) Plan & Readiness,Demonstrator,3 - Demonstrator engineering and Launch Pad USA authorization,SRP Chapters,2029-07-01,2029-12-31,False,"Execution definition complete; task-specific facility, supplier, and final design inputs remain subject to the listed hold points.",100,"Deliver HFE Verification & Validation (V&V) Plan & Readiness between 2029-07-01 and 2029-12-31 through a controlled sequence of implementation authorization, input/facility readiness, technical execution, independent verification, and downstream handoff. The producing lead is Human Factors Engineer; temporary laboratory, supplier, construction, or regulatory support is purchased only for defined products and acceptance evidence.",PB-TEST-01; PB-WASTE-01,,6,5,5,1,3,4,3,5,2,HP-I1 implementation authorization
D-5.i,"Staffing, Augmentation & Training (NIMS/ICS)",Demonstrator,3 - Demonstrator engineering and Launch Pad USA authorization,EP,2029-07-01,2030-03-31,False,"Execution definition complete; task-specific facility, supplier, and final design inputs remain subject to the listed hold points.",100,"Deliver Staffing, Augmentation & Training (NIMS/ICS) between 2029-07-01 and 2030-03-31 through a controlled sequence of implementation authorization, input/facility readiness, technical execution, independent verification, and downstream handoff. The producing lead is Operations/Training; temporary laboratory, supplier, construction, or regulatory support is purchased only for defined products and acceptance evidence.",PB-CHEM-01; PB-TEST-01,,5,4,2,1,3,1,3,5,3,HP-I1 implementation authorization
D-3.16.g,"Internal Consistency, Verification & Peer Review",Demonstrator,3 - Demonstrator engineering and Launch Pad USA authorization,SRP Chapters,2027-10-01,2028-03-31,False,"Execution definition complete; task-specific facility, supplier, and final design inputs remain subject to the listed hold points.",100,"Deliver Internal Consistency, Verification & Peer Review between 2027-10-01 and 2028-03-31 through a controlled sequence of implementation authorization, input/facility readiness, technical execution, independent verification, and downstream handoff. The producing lead is Licensing Engineer; temporary laboratory, supplier, construction, or regulatory support is purchased only for defined products and acceptance evidence.",PB-TEST-01; PB-WASTE-01,,5,3,5,1,3,1,3,5,2,HP-I1 implementation authorization
D-3.18.o,Closure & FSAR Chapter 18 Authoring,Demonstrator,3 - Demonstrator engineering and Launch Pad USA authorization,SRP Chapters,2027-10-01,2028-03-31,False,"Execution definition complete; task-specific facility, supplier, and final design inputs remain subject to the listed hold points.",100,"Deliver Closure & FSAR Chapter 18 Authoring between 2027-10-01 and 2028-03-31 through a controlled sequence of implementation authorization, input/facility readiness, technical execution, independent verification, and downstream handoff. The producing lead is Licensing Engineer; temporary laboratory, supplier, construction, or regulatory support is purchased only for defined products and acceptance evidence.",PB-TEST-01; PB-WASTE-01,,5,4,5,1,3,1,3,5,2,HP-I1 implementation authorization
D-3.19.m,"SAMG Development, Validation & Training",Demonstrator,3 - Demonstrator engineering and Launch Pad USA authorization,SRP Chapters,2029-07-01,2030-03-31,True,"Execution definition complete; task-specific facility, supplier, and final design inputs remain subject to the listed hold points.",100,"Deliver SAMG Development, Validation & Training between 2029-07-01 and 2030-03-31 through a controlled sequence of implementation authorization, input/facility readiness, technical execution, independent verification, and downstream handoff. The producing lead is PRA/Risk Engineer; temporary laboratory, supplier, construction, or regulatory support is purchased only for defined products and acceptance evidence.",PB-MAT-01; PB-TEST-01,,5,3,2,1,3,1,3,5,2,HP-I1 implementation authorization
D-4.g,"Security & Cyber Procedures, Training, and Qualification",Demonstrator,3 - Demonstrator engineering and Launch Pad USA authorization,Security & Cyber,2029-07-01,2030-03-31,False,"Execution definition complete; task-specific facility, supplier, and final design inputs remain subject to the listed hold points.",100,"Deliver Security & Cyber Procedures, Training, and Qualification between 2029-07-01 and 2030-03-31 through a controlled sequence of implementation authorization, input/facility readiness, technical execution, independent verification, and downstream handoff. The producing lead is Operations/Training; temporary laboratory, supplier, construction, or regulatory support is purchased only for defined products and acceptance evidence.",PB-MAT-01; PB-MCA-01; PB-TEST-01,,5,4,2,1,3,1,3,5,2,HP-I1 implementation authorization
D-3.19.j,Peer Review & F&O Closure (RG 1.200),Demonstrator,3 - Demonstrator engineering and Launch Pad USA authorization,SRP Chapters,2027-10-01,2028-03-31,True,"Execution definition complete; task-specific facility, supplier, and final design inputs remain subject to the listed hold points.",100,"Deliver Peer Review & F&O Closure (RG 1.200) between 2027-10-01 and 2028-03-31 through a controlled sequence of implementation authorization, input/facility readiness, technical execution, independent verification, and downstream handoff. The producing lead is PRA/Risk Engineer; temporary laboratory, supplier, construction, or regulatory support is purchased only for defined products and acceptance evidence.",PB-MAT-01; PB-TEST-01; PB-WASTE-01,,5,3,2,1,3,3,3,5,2,HP-I1 implementation authorization
D-4.h,"Drills, Force-on-Force (FOF), and Tabletop Exercises",Demonstrator,3 - Demonstrator engineering and Launch Pad USA authorization,Security & Cyber,2027-10-01,2028-03-31,False,"Execution definition complete; task-specific facility, supplier, and final design inputs remain subject to the listed hold points.",100,"Deliver Drills, Force-on-Force (FOF), and Tabletop Exercises between 2027-10-01 and 2028-03-31 through a controlled sequence of implementation authorization, input/facility readiness, technical execution, independent verification, and downstream handoff. The producing lead is Cyber/Security Engineer; temporary laboratory, supplier, construction, or regulatory support is purchased only for defined products and acceptance evidence.",PB-MAT-01; PB-MCA-01; PB-TEST-01,,5,4,5,1,3,1,3,5,2,HP-I1 implementation authorization
D-3.17.n,"FSAR Chapter 17 Drafting, Reviews & Submittal",Demonstrator,3 - Demonstrator engineering and Launch Pad USA authorization,SRP Chapters,2027-10-01,2028-03-31,True,"Execution definition complete; task-specific facility, supplier, and final design inputs remain subject to the listed hold points.",100,"Deliver FSAR Chapter 17 Drafting, Reviews & Submittal between 2027-10-01 and 2028-03-31 through a controlled sequence of implementation authorization, input/facility readiness, technical execution, independent verification, and downstream handoff. The producing lead is Licensing Engineer; temporary laboratory, supplier, construction, or regulatory support is purchased only for defined products and acceptance evidence.",PB-SUPPLY-01; PB-TEST-01,,5,3,5,1,3,1,3,5,2,HP-I1 implementation authorization
D-7.g,Fitness-for-Duty (FFD) - 10 CFR 26,Demonstrator,3 - Demonstrator engineering and Launch Pad USA authorization,Operations Programs,2029-07-01,2030-06-30,False,"Execution definition complete; task-specific facility, supplier, and final design inputs remain subject to the listed hold points.",100,"Deliver Fitness-for-Duty (FFD) - 10 CFR 26 between 2029-07-01 and 2030-06-30 through a controlled sequence of implementation authorization, input/facility readiness, technical execution, independent verification, and downstream handoff. The producing lead is Operations/Training; temporary laboratory, supplier, construction, or regulatory support is purchased only for defined products and acceptance evidence.",PB-CHEM-01; PB-MAT-01; PB-MCA-01; PB-TEST-01,,5,4,1,1,3,4,3,5,3,HP-I1 implementation authorization
D-5.j,"Drills, Exercises & Corrective Action",Demonstrator,3 - Demonstrator engineering and Launch Pad USA authorization,EP,2028-01-01,2029-12-31,False,"Execution definition complete; task-specific facility, supplier, and final design inputs remain subject to the listed hold points.",100,"Deliver Drills, Exercises & Corrective Action between 2028-01-01 and 2029-12-31 through a controlled sequence of implementation authorization, input/facility readiness, technical execution, independent verification, and downstream handoff. The producing lead is Operations/Training; temporary laboratory, supplier, construction, or regulatory support is purchased only for defined products and acceptance evidence.",PB-CHEM-01; PB-MAT-01; PB-SUPPLY-01; PB-TEST-01,,5,4,1,1,3,1,3,5,3,HP-I1 implementation authorization
D-7.e,Inservice Testing (IST) - ASME OM,Demonstrator,3 - Demonstrator engineering and Launch Pad USA authorization,Operations Programs,2029-04-01,2029-12-31,False,"Execution definition complete; task-specific facility, supplier, and final design inputs remain subject to the listed hold points.",100,"Deliver Inservice Testing (IST) - ASME OM between 2029-04-01 and 2029-12-31 through a controlled sequence of implementation authorization, input/facility readiness, technical execution, independent verification, and downstream handoff. The producing lead is Operations/Training; temporary laboratory, supplier, construction, or regulatory support is purchased only for defined products and acceptance evidence.",PB-MAT-01; PB-TEST-01,,6,5,5,1,3,4,3,5,2,HP-I1 implementation authorization
D-7.h,Training & SAT (Operations and Support),Demonstrator,3 - Demonstrator engineering and Launch Pad USA authorization,Operations Programs,2029-04-01,2030-03-31,False,"Execution definition complete; task-specific facility, supplier, and final design inputs remain subject to the listed hold points.",100,"Deliver Training & SAT (Operations and Support) between 2029-04-01 and 2030-03-31 through a controlled sequence of implementation authorization, input/facility readiness, technical execution, independent verification, and downstream handoff. The producing lead is Operations/Training; temporary laboratory, supplier, construction, or regulatory support is purchased only for defined products and acceptance evidence.",PB-CHEM-01; PB-MAT-01; PB-TEST-01,,5,4,2,1,3,1,3,5,3,HP-I1 implementation authorization
D-13.e,"Gate Checklists, Evidence Binders & Walkdowns",Demonstrator,3 - Demonstrator engineering and Launch Pad USA authorization,Readiness,2029-07-01,2029-12-31,True,"Execution definition complete; task-specific facility, supplier, and final design inputs remain subject to the listed hold points.",100,"Deliver Gate Checklists, Evidence Binders & Walkdowns between 2029-07-01 and 2029-12-31 through a controlled sequence of implementation authorization, input/facility readiness, technical execution, independent verification, and downstream handoff. The producing lead is Fuel/Materials Engineer; temporary laboratory, supplier, construction, or regulatory support is purchased only for defined products and acceptance evidence.",PB-FUEL-01; PB-MAT-01; PB-MCA-01; PB-SUPPLY-01; PB-TEST-01,,6,6,5,2,3,4,3,5,5,HP-I1 implementation authorization
D-13.b,Construction Readiness Review (CRR),Demonstrator,3 - Demonstrator engineering and Launch Pad USA authorization,Readiness,2029-07-01,2029-12-31,True,"Execution definition complete; task-specific facility, supplier, and final design inputs remain subject to the listed hold points.",100,"Deliver Construction Readiness Review (CRR) between 2029-07-01 and 2029-12-31 through a controlled sequence of implementation authorization, input/facility readiness, technical execution, independent verification, and downstream handoff. The producing lead is Test/Commissioning Engineer; temporary laboratory, supplier, construction, or regulatory support is purchased only for defined products and acceptance evidence.",PB-MAT-01; PB-SUPPLY-01; PB-TEST-01,,6,5,5,1,3,4,3,5,2,HP-I1 implementation authorization
D-13.c,Fuel Load Readiness Review (FLRR),Demonstrator,3 - Demonstrator engineering and Launch Pad USA authorization,Readiness,2030-01-01,2030-06-30,True,"Execution definition complete; task-specific facility, supplier, and final design inputs remain subject to the listed hold points.",100,"Deliver Fuel Load Readiness Review (FLRR) between 2030-01-01 and 2030-06-30 through a controlled sequence of implementation authorization, input/facility readiness, technical execution, independent verification, and downstream handoff. The producing lead is Test/Commissioning Engineer; temporary laboratory, supplier, construction, or regulatory support is purchased only for defined products and acceptance evidence.",PB-CHEM-01; PB-FUEL-01; PB-MAT-01; PB-MCA-01; PB-STARTUP-01; PB-TEST-01,,6,6,5,1,3,4,3,5,5,HP-I1 implementation authorization
D-13.f,"Exercises, Drills & Demonstrations",Demonstrator,3 - Demonstrator engineering and Launch Pad USA authorization,Readiness,2028-01-01,2028-06-30,True,"Execution definition complete; task-specific facility, supplier, and final design inputs remain subject to the listed hold points.",100,"Deliver Exercises, Drills & Demonstrations between 2028-01-01 and 2028-06-30 through a controlled sequence of implementation authorization, input/facility readiness, technical execution, independent verification, and downstream handoff. The producing lead is Test/Commissioning Engineer; temporary laboratory, supplier, construction, or regulatory support is purchased only for defined products and acceptance evidence.",PB-FUEL-01; PB-MAT-01; PB-MCA-01; PB-TEST-01,,5,5,2,1,3,3,3,5,4,HP-I1 implementation authorization
D-13.d,Operational Readiness Review (ORR) / Startup Readiness,Demonstrator,3 - Demonstrator engineering and Launch Pad USA authorization,Readiness,2030-01-01,2030-06-30,True,"Execution definition complete; task-specific facility, supplier, and final design inputs remain subject to the listed hold points.",100,"Deliver Operational Readiness Review (ORR) / Startup Readiness between 2030-01-01 and 2030-06-30 through a controlled sequence of implementation authorization, input/facility readiness, technical execution, independent verification, and downstream handoff. The producing lead is Test/Commissioning Engineer; temporary laboratory, supplier, construction, or regulatory support is purchased only for defined products and acceptance evidence.",PB-CHEM-01; PB-MAT-01; PB-TEST-01,,6,5,5,1,3,4,3,5,3,HP-I1 implementation authorization
D-DEMO-07,"Fabrication, Assembly and Installation",Demonstrator,3 - Demonstrator engineering and Launch Pad USA authorization,Demonstrator Direct Demonstrator,2028-01-01,2028-11-30,True,"Execution definition complete; task-specific facility, supplier, and final design inputs remain subject to the listed hold points.",100,"Deliver Fabrication, Assembly and Installation between 2028-01-01 and 2028-11-30 through a controlled sequence of implementation authorization, input/facility readiness, technical execution, independent verification, and downstream handoff. The producing lead is Construction Manager; temporary laboratory, supplier, construction, or regulatory support is purchased only for defined products and acceptance evidence.",PB-MAT-01; PB-SUPPLY-01; PB-TEST-01,,5,4,5,1,3,4,3,5,2,HP-I1 implementation authorization
D-13.i,"Readiness Boards, Minutes & Closeout",Demonstrator,3 - Demonstrator engineering and Launch Pad USA authorization,Readiness,2030-04-01,2030-06-30,True,"Execution definition complete; task-specific facility, supplier, and final design inputs remain subject to the listed hold points.",100,"Deliver Readiness Boards, Minutes & Closeout between 2030-04-01 and 2030-06-30 through a controlled sequence of implementation authorization, input/facility readiness, technical execution, independent verification, and downstream handoff. The producing lead is Test/Commissioning Engineer; temporary laboratory, supplier, construction, or regulatory support is purchased only for defined products and acceptance evidence.",PB-MAT-01; PB-TEST-01,,6,5,5,1,3,4,3,5,2,HP-I1 implementation authorization
D-DEMO-09,"Spares, Consumables and Decommissioning Set-Aside",Demonstrator,3 - Demonstrator engineering and Launch Pad USA authorization,Demonstrator Direct Demonstrator,2028-10-01,2028-12-31,True,"Execution definition complete; task-specific facility, supplier, and final design inputs remain subject to the listed hold points.",100,"Deliver Spares, Consumables and Decommissioning Set-Aside between 2028-10-01 and 2028-12-31 through a controlled sequence of implementation authorization, input/facility readiness, technical execution, independent verification, and downstream handoff. The producing lead is Procurement/Supply Chain; temporary laboratory, supplier, construction, or regulatory support is purchased only for defined products and acceptance evidence.",PB-CHEM-01; PB-MAT-01; PB-MCA-01; PB-SUPPLY-01; PB-TEST-01; PB-WASTE-01,,5,4,1,1,3,1,3,5,3,HP-I1 implementation authorization
D-DEMO-08,"Commissioning, Startup and Acceptance Testing",Demonstrator,3 - Demonstrator engineering and Launch Pad USA authorization,Demonstrator Direct Demonstrator,2028-07-01,2028-12-31,True,"Execution definition complete; task-specific facility, supplier, and final design inputs remain subject to the listed hold points.",100,"Deliver Commissioning, Startup and Acceptance Testing between 2028-07-01 and 2028-12-31 through a controlled sequence of implementation authorization, input/facility readiness, technical execution, independent verification, and downstream handoff. The producing lead is Test/Commissioning Engineer; temporary laboratory, supplier, construction, or regulatory support is purchased only for defined products and acceptance evidence.",PB-TEST-01,,6,4,5,1,3,4,3,5,2,HP-I1 implementation authorization
D-EXP-01,Power-reactor evidence matrix and demonstrator experiment program requirements,Demonstrator,4 - Demonstrator experimental campaign and power-reactor data,Demonstrator Test Definition,2026-10-01,2026-12-31,True,"Execution definition complete; task-specific facility, supplier, and final design inputs remain subject to the listed hold points.",100,"Deliver Power-reactor evidence matrix and demonstrator experiment program requirements between 2026-10-01 and 2026-12-31 through a controlled sequence of implementation authorization, input/facility readiness, technical execution, independent verification, and downstream handoff. The producing lead is Chief Technology Officer; temporary laboratory, supplier, construction, or regulatory support is purchased only for defined products and acceptance evidence.",PB-CHEM-01; PB-MAT-01; PB-TEST-01,,5,3,1,1,3,1,3,5,3,HP-I1 implementation authorization
D-EXP-02,"Experiment instrumentation, sampling, calibration, DAQ and qualified-data architecture",Demonstrator,4 - Demonstrator experimental campaign and power-reactor data,Demonstrator Test Design,2026-10-01,2027-09-30,True,"Task-specific execution sequence, facility work, decision gates, acceptance evidence, records, and fallback routes are defined for the current planning basis.",100,"Qualify the demonstrator instrumentation, sampling, calibration, historian and data architecture before fuel operation.",PB-CHEM-01; PB-MAT-01; PB-MCA-01; PB-TEST-01,CHEM-06; CHEM-20; CHEM-21; CHEM-22,5,3,5,1,2,1,3,5,3,HP-DEXI1 test gate
D-3.14.a,ITP Planning & Master Test Matrix (RG 1.68 Alignment),Demonstrator,4 - Demonstrator experimental campaign and power-reactor data,SRP Chapters,2027-01-01,2027-06-30,True,"Execution definition complete; task-specific facility, supplier, and final design inputs remain subject to the listed hold points.",100,"Deliver ITP Planning & Master Test Matrix (RG 1.68 Alignment) between 2027-01-01 and 2027-06-30 through a controlled sequence of implementation authorization, input/facility readiness, technical execution, independent verification, and downstream handoff. The producing lead is Test/Commissioning Engineer; temporary laboratory, supplier, construction, or regulatory support is purchased only for defined products and acceptance evidence.",PB-FUEL-01; PB-TEST-01,,6,5,5,1,3,4,3,5,4,HP-I1 implementation authorization
D-3.14.k,Containment Leakage Tests & Special Programs (Interfaces),Demonstrator,4 - Demonstrator experimental campaign and power-reactor data,SRP Chapters,2027-04-01,2027-09-30,True,"Execution definition complete; task-specific facility, supplier, and final design inputs remain subject to the listed hold points.",100,"Deliver Containment Leakage Tests & Special Programs (Interfaces) between 2027-04-01 and 2027-09-30 through a controlled sequence of implementation authorization, input/facility readiness, technical execution, independent verification, and downstream handoff. The producing lead is Test/Commissioning Engineer; temporary laboratory, supplier, construction, or regulatory support is purchased only for defined products and acceptance evidence.",PB-TEST-01,,6,4,5,1,3,4,3,5,2,HP-I1 implementation authorization
D-3.14.p,"FSAR Chapter 14 Drafting, QA Reviews & Records",Demonstrator,4 - Demonstrator experimental campaign and power-reactor data,SRP Chapters,2029-01-01,2029-09-30,True,"Execution definition complete; task-specific facility, supplier, and final design inputs remain subject to the listed hold points.",100,"Deliver FSAR Chapter 14 Drafting, QA Reviews & Records between 2029-01-01 and 2029-09-30 through a controlled sequence of implementation authorization, input/facility readiness, technical execution, independent verification, and downstream handoff. The producing lead is Licensing Engineer; temporary laboratory, supplier, construction, or regulatory support is purchased only for defined products and acceptance evidence.",PB-TEST-01,,6,4,5,1,3,4,3,5,2,HP-I1 implementation authorization
D-3.14.l,"ITAAC Definition, Mapping & Objective Evidence",Demonstrator,4 - Demonstrator experimental campaign and power-reactor data,SRP Chapters,2027-04-01,2027-06-30,True,"Execution definition complete; task-specific facility, supplier, and final design inputs remain subject to the listed hold points.",100,"Deliver ITAAC Definition, Mapping & Objective Evidence between 2027-04-01 and 2027-06-30 through a controlled sequence of implementation authorization, input/facility readiness, technical execution, independent verification, and downstream handoff. The producing lead is Test/Commissioning Engineer; temporary laboratory, supplier, construction, or regulatory support is purchased only for defined products and acceptance evidence.",PB-MAT-01; PB-TEST-01,,6,4,5,1,3,4,3,5,2,HP-I1 implementation authorization
D-3.14.b,Prerequisite Verification & Turnover to Testing,Demonstrator,4 - Demonstrator experimental campaign and power-reactor data,SRP Chapters,2027-04-01,2027-09-30,True,"Execution definition complete; task-specific facility, supplier, and final design inputs remain subject to the listed hold points.",100,"Deliver Prerequisite Verification & Turnover to Testing between 2027-04-01 and 2027-09-30 through a controlled sequence of implementation authorization, input/facility readiness, technical execution, independent verification, and downstream handoff. The producing lead is Test/Commissioning Engineer; temporary laboratory, supplier, construction, or regulatory support is purchased only for defined products and acceptance evidence.",PB-TEST-01,,6,4,5,1,3,4,3,5,2,HP-I1 implementation authorization
D-3.14.c,Preoperational Tests (System-Level),Demonstrator,4 - Demonstrator experimental campaign and power-reactor data,SRP Chapters,2029-01-01,2029-03-31,True,"Execution definition complete; task-specific facility, supplier, and final design inputs remain subject to the listed hold points.",100,"Deliver Preoperational Tests (System-Level) between 2029-01-01 and 2029-03-31 through a controlled sequence of implementation authorization, input/facility readiness, technical execution, independent verification, and downstream handoff. The producing lead is Test/Commissioning Engineer; temporary laboratory, supplier, construction, or regulatory support is purchased only for defined products and acceptance evidence.",PB-FP-01; PB-TEST-01; PB-WASTE-01,,6,4,5,1,3,4,3,5,3,HP-I1 implementation authorization
D-3.14.d,Cold Functional Testing (CFT),Demonstrator,4 - Demonstrator experimental campaign and power-reactor data,SRP Chapters,2029-01-01,2029-03-31,True,"Execution definition complete; task-specific facility, supplier, and final design inputs remain subject to the listed hold points.",100,"Deliver Cold Functional Testing (CFT) between 2029-01-01 and 2029-03-31 through a controlled sequence of implementation authorization, input/facility readiness, technical execution, independent verification, and downstream handoff. The producing lead is Test/Commissioning Engineer; temporary laboratory, supplier, construction, or regulatory support is purchased only for defined products and acceptance evidence.",PB-FUEL-01; PB-TEST-01,,6,5,5,1,3,4,3,5,4,HP-I1 implementation authorization
D-3.14.e,Hot Functional Testing (HFT),Demonstrator,4 - Demonstrator experimental campaign and power-reactor data,SRP Chapters,2029-01-01,2029-03-31,True,"Execution definition complete; task-specific facility, supplier, and final design inputs remain subject to the listed hold points.",100,"Deliver Hot Functional Testing (HFT) between 2029-01-01 and 2029-03-31 through a controlled sequence of implementation authorization, input/facility readiness, technical execution, independent verification, and downstream handoff. The producing lead is Test/Commissioning Engineer; temporary laboratory, supplier, construction, or regulatory support is purchased only for defined products and acceptance evidence.",PB-CHEM-01; PB-TEST-01,,6,4,5,1,3,4,3,5,3,HP-I1 implementation authorization
D-3.14.g,Initial Criticality & Low-Power Physics Testing (LPPT),Demonstrator,4 - Demonstrator experimental campaign and power-reactor data,SRP Chapters,2029-01-01,2029-06-30,True,"Execution definition complete; task-specific facility, supplier, and final design inputs remain subject to the listed hold points.",100,"Deliver Initial Criticality & Low-Power Physics Testing (LPPT) between 2029-01-01 and 2029-06-30 through a controlled sequence of implementation authorization, input/facility readiness, technical execution, independent verification, and downstream handoff. The producing lead is Test/Commissioning Engineer; temporary laboratory, supplier, construction, or regulatory support is purchased only for defined products and acceptance evidence.",PB-FUEL-01; PB-SUPPLY-01; PB-TEST-01,,5,4,2,1,3,3,3,5,4,HP-I1 implementation authorization
D-3.14.h,Power Ascension Testing (PAT),Demonstrator,4 - Demonstrator experimental campaign and power-reactor data,SRP Chapters,2029-01-01,2029-06-30,True,"Execution definition complete; task-specific facility, supplier, and final design inputs remain subject to the listed hold points.",100,"Deliver Power Ascension Testing (PAT) between 2029-01-01 and 2029-06-30 through a controlled sequence of implementation authorization, input/facility readiness, technical execution, independent verification, and downstream handoff. The producing lead is Test/Commissioning Engineer; temporary laboratory, supplier, construction, or regulatory support is purchased only for defined products and acceptance evidence.",PB-CHEM-01; PB-TEST-01,,6,4,5,1,3,4,3,5,3,HP-I1 implementation authorization
D-3.14.i,Digital I&C Platform Verification & Setpoint As-Left,Demonstrator,4 - Demonstrator experimental campaign and power-reactor data,SRP Chapters,2029-01-01,2029-06-30,True,"Execution definition complete; task-specific facility, supplier, and final design inputs remain subject to the listed hold points.",100,"Deliver Digital I&C Platform Verification & Setpoint As-Left between 2029-01-01 and 2029-06-30 through a controlled sequence of implementation authorization, input/facility readiness, technical execution, independent verification, and downstream handoff. The producing lead is Test/Commissioning Engineer; temporary laboratory, supplier, construction, or regulatory support is purchased only for defined products and acceptance evidence.",PB-TEST-01,,6,4,5,1,3,4,3,5,2,HP-I1 implementation authorization
D-3.14.f,"Fuel Receipt, Inspection & Load Readiness",Demonstrator,4 - Demonstrator experimental campaign and power-reactor data,SRP Chapters,2029-01-01,2029-03-31,True,"Task-specific execution sequence, facility work, decision gates, acceptance evidence, records, and fallback routes are defined for the current planning basis.",100,"Execute the demonstrator fuel receipt and load-readiness process from pre-shipment document review through package receipt, identity/quantity/chemistry confirmation, storage and MC&A baseline, transfer rehearsal, authorization checks and formal handoff to fuel loading.",PB-CHEM-01; PB-FUEL-01; PB-MAT-01; PB-STARTUP-01; PB-TEST-01,,5,5,5,1,3,4,3,5,5,HP-DFR1 procedure readiness
D-3.14.j,Pre-Service & Initial Inservice Testing (ASME OM),Demonstrator,4 - Demonstrator experimental campaign and power-reactor data,SRP Chapters,2029-01-01,2029-03-31,True,"Execution definition complete; task-specific facility, supplier, and final design inputs remain subject to the listed hold points.",100,"Deliver Pre-Service & Initial Inservice Testing (ASME OM) between 2029-01-01 and 2029-03-31 through a controlled sequence of implementation authorization, input/facility readiness, technical execution, independent verification, and downstream handoff. The producing lead is Test/Commissioning Engineer; temporary laboratory, supplier, construction, or regulatory support is purchased only for defined products and acceptance evidence.",PB-MAT-01; PB-TEST-01,,6,4,5,1,3,4,3,5,2,HP-I1 implementation authorization
D-3.14.n,"Data Acquisition, Calibration (M&TE) & Uncertainty",Demonstrator,4 - Demonstrator experimental campaign and power-reactor data,SRP Chapters,2029-01-01,2029-09-30,True,"Execution definition complete; task-specific facility, supplier, and final design inputs remain subject to the listed hold points.",100,"Deliver Data Acquisition, Calibration (M&TE) & Uncertainty between 2029-01-01 and 2029-09-30 through a controlled sequence of implementation authorization, input/facility readiness, technical execution, independent verification, and downstream handoff. The producing lead is Test/Commissioning Engineer; temporary laboratory, supplier, construction, or regulatory support is purchased only for defined products and acceptance evidence.",PB-TEST-01,,5,3,2,1,3,3,3,5,2,HP-I1 implementation authorization
D-3.14.o,"Test Exceptions, NCR/CAP, and Resolution",Demonstrator,4 - Demonstrator experimental campaign and power-reactor data,SRP Chapters,2029-04-01,2029-09-30,True,"Execution definition complete; task-specific facility, supplier, and final design inputs remain subject to the listed hold points.",100,"Deliver Test Exceptions, NCR/CAP, and Resolution between 2029-04-01 and 2029-09-30 through a controlled sequence of implementation authorization, input/facility readiness, technical execution, independent verification, and downstream handoff. The producing lead is Test/Commissioning Engineer; temporary laboratory, supplier, construction, or regulatory support is purchased only for defined products and acceptance evidence.",PB-TEST-01,,6,4,5,1,3,4,3,5,2,HP-I1 implementation authorization
D-3.14.m,ITAAC Closure Notifications (ICNs) & UINs (10 CFR 52.99),Demonstrator,4 - Demonstrator experimental campaign and power-reactor data,SRP Chapters,2029-07-01,2029-12-31,True,"Execution definition complete; task-specific facility, supplier, and final design inputs remain subject to the listed hold points.",100,"Deliver ITAAC Closure Notifications (ICNs) & UINs (10 CFR 52.99) between 2029-07-01 and 2029-12-31 through a controlled sequence of implementation authorization, input/facility readiness, technical execution, independent verification, and downstream handoff. The producing lead is Test/Commissioning Engineer; temporary laboratory, supplier, construction, or regulatory support is purchased only for defined products and acceptance evidence.",PB-MAT-01; PB-TEST-01,,6,5,5,1,3,4,3,5,2,HP-I1 implementation authorization
D-EXP-03,"Blind pre-test predictions, acceptance envelopes and model/data firewall",Demonstrator,4 - Demonstrator experimental campaign and power-reactor data,Demonstrator Test Preparation,2027-04-01,2027-09-30,True,"Execution definition complete; task-specific facility, supplier, and final design inputs remain subject to the listed hold points.",100,"Deliver Blind pre-test predictions, acceptance envelopes and model/data firewall between 2027-04-01 and 2027-09-30 through a controlled sequence of implementation authorization, input/facility readiness, technical execution, independent verification, and downstream handoff. The producing lead is Thermal-Hydraulics; temporary laboratory, supplier, construction, or regulatory support is purchased only for defined products and acceptance evidence.",PB-CHEM-01; PB-FP-01; PB-FUEL-01; PB-TEST-01,,5,4,2,1,3,3,3,5,5,HP-I1 implementation authorization
D-EXP-04,"Fuel-salt loading, initial chemistry baseline, material balance and sampling qualification",Demonstrator,4 - Demonstrator experimental campaign and power-reactor data,Demonstrator Startup,2029-01-01,2029-02-28,True,"Task-specific execution sequence, facility work, decision gates, acceptance evidence, records, and fallback routes are defined for the current planning basis.",100,"Establish the initial fuel-salt chemistry, inventory and sample baseline during loading and first circulation.",PB-CHEM-01; PB-FP-01; PB-FUEL-01; PB-MAT-01; PB-STARTUP-01; PB-TEST-01,CHEM-01; CHEM-03; CHEM-04; CHEM-05; CHEM-06; CHEM-20; CHEM-21,5,5,5,2,2,4,4,5,5,HP-DEXB1 test gate
D-RD-06,Initial Operating Campaign and Decommissioning Preparation,Demonstrator,4 - Demonstrator experimental campaign and power-reactor data,Demonstrator R&D and Qualification,2027-07-01,2028-12-31,True,"Execution definition complete; task-specific facility, supplier, and final design inputs remain subject to the listed hold points.",100,"Deliver Initial Operating Campaign and Decommissioning Preparation between 2027-07-01 and 2028-12-31 through a controlled sequence of implementation authorization, input/facility readiness, technical execution, independent verification, and downstream handoff. The producing lead is Operations/Training; temporary laboratory, supplier, construction, or regulatory support is purchased only for defined products and acceptance evidence.",PB-CHEM-01; PB-MAT-01; PB-MCA-01; PB-SUPPLY-01; PB-TEST-01; PB-WASTE-01,,6,5,5,1,3,4,3,5,3,HP-I1 implementation authorization
D-EXP-05,Initial criticality and reactor-physics commissioning tests,Demonstrator,4 - Demonstrator experimental campaign and power-reactor data,Demonstrator Startup,2029-03-01,2029-04-30,True,"Execution definition complete; task-specific facility, supplier, and final design inputs remain subject to the listed hold points.",100,"Deliver Initial criticality and reactor-physics commissioning tests between 2029-03-01 and 2029-04-30 through a controlled sequence of implementation authorization, input/facility readiness, technical execution, independent verification, and downstream handoff. The producing lead is Reactor Physics; temporary laboratory, supplier, construction, or regulatory support is purchased only for defined products and acceptance evidence.",PB-CHEM-01; PB-FUEL-01; PB-MAT-01; PB-MCA-01; PB-SUPPLY-01; PB-TEST-01; PB-WASTE-01,,6,5,5,1,3,4,3,5,5,HP-I1 implementation authorization
D-EXP-06,"Low-power physics, kinetics, precursor transport and reactivity-feedback campaign",Demonstrator,4 - Demonstrator experimental campaign and power-reactor data,Demonstrator Experiments,2029-04-01,2029-06-30,True,"Execution definition complete; task-specific facility, supplier, and final design inputs remain subject to the listed hold points.",100,"Deliver Low-power physics, kinetics, precursor transport and reactivity-feedback campaign between 2029-04-01 and 2029-06-30 through a controlled sequence of implementation authorization, input/facility readiness, technical execution, independent verification, and downstream handoff. The producing lead is Reactor Physics; temporary laboratory, supplier, construction, or regulatory support is purchased only for defined products and acceptance evidence.",PB-FUEL-01; PB-STARTUP-01; PB-SUPPLY-01; PB-TEST-01,,6,5,5,1,3,4,3,5,4,HP-I1 implementation authorization
D-EXP-09,"Fuel-salt chemistry, redox, impurity, sampling and fission-product behavior campaign",Demonstrator,4 - Demonstrator experimental campaign and power-reactor data,Demonstrator Experiments,2029-06-01,2029-09-30,True,"Task-specific execution sequence, facility work, decision gates, acceptance evidence, records, and fallback routes are defined for the current planning basis.",100,Execute the 2029 demonstrator chemistry/redox/impurity/sampling/fission-product behavior campaign under coupled nuclear and thermal conditions.,PB-CHEM-01; PB-FP-01; PB-MCA-01; PB-STARTUP-01; PB-WASTE-01,CHEM-06; CHEM-07; CHEM-11; CHEM-20; CHEM-21; CHEM-24,5,5,5,2,2,4,4,5,5,HP-DEXC1 test gate
D-EXP-12,"Materials, corrosion, component, pump, valve, instrument and surveillance campaign",Demonstrator,4 - Demonstrator experimental campaign and power-reactor data,Demonstrator Experiments,2029-07-01,2029-12-31,True,"Task-specific execution sequence, facility work, decision gates, acceptance evidence, records, and fallback routes are defined for the current planning basis.",100,"Execute the materials, corrosion, component, pump, valve, instrument and surveillance campaign needed for commercial life and maintenance decisions.",PB-CHEM-01; PB-MAT-01; PB-STARTUP-01; PB-TEST-01,CHEM-08; CHEM-09; CHEM-10; CHEM-12; CHEM-21; CHEM-22; CHEM-23; CHEM-24; CHEM-25,5,5,5,2,2,4,3,5,3,HP-DEXM1 test gate
D-EXP-07,"Integrated thermal-hydraulics, natural-circulation, loss-of-flow and heat-removal campaign",Demonstrator,4 - Demonstrator experimental campaign and power-reactor data,Demonstrator Experiments,2029-05-01,2029-07-31,True,"Execution definition complete; task-specific facility, supplier, and final design inputs remain subject to the listed hold points.",100,"Deliver Integrated thermal-hydraulics, natural-circulation, loss-of-flow and heat-removal campaign between 2029-05-01 and 2029-07-31 through a controlled sequence of implementation authorization, input/facility readiness, technical execution, independent verification, and downstream handoff. The producing lead is Thermal-Hydraulics; temporary laboratory, supplier, construction, or regulatory support is purchased only for defined products and acceptance evidence.",PB-CHEM-01; PB-FUEL-01; PB-MCA-01; PB-TEST-01,,6,5,5,1,3,4,3,5,5,HP-I1 implementation authorization
D-EXP-14,"Staged qualified-data releases, model updates, power-reactor design decisions and topical revisions",Demonstrator,4 - Demonstrator experimental campaign and power-reactor data,Demonstrator Data Qualification,2029-07-01,2030-06-30,True,"Execution definition complete; task-specific facility, supplier, and final design inputs remain subject to the listed hold points.",100,"Deliver Staged qualified-data releases, model updates, power-reactor design decisions and topical revisions between 2029-07-01 and 2030-06-30 through a controlled sequence of implementation authorization, input/facility readiness, technical execution, independent verification, and downstream handoff. The producing lead is Data/Software Engineer; temporary laboratory, supplier, construction, or regulatory support is purchased only for defined products and acceptance evidence.",PB-TEST-01,,5,3,2,1,3,3,3,5,2,HP-I1 implementation authorization
D-EXP-08,"Coupled reactivity, flow, temperature and control-system transient campaign",Demonstrator,4 - Demonstrator experimental campaign and power-reactor data,Demonstrator Experiments,2029-05-01,2029-08-31,True,"Execution definition complete; task-specific facility, supplier, and final design inputs remain subject to the listed hold points.",100,"Deliver Coupled reactivity, flow, temperature and control-system transient campaign between 2029-05-01 and 2029-08-31 through a controlled sequence of implementation authorization, input/facility readiness, technical execution, independent verification, and downstream handoff. The producing lead is Thermal-Hydraulics; temporary laboratory, supplier, construction, or regulatory support is purchased only for defined products and acceptance evidence.",PB-TEST-01,,6,4,5,1,3,4,3,5,2,HP-I1 implementation authorization
D-EXP-10,"Mechanistic source-term, off-gas, retention, plate-out and release-path campaign",Demonstrator,4 - Demonstrator experimental campaign and power-reactor data,Demonstrator Experiments,2029-06-01,2029-10-31,True,"Task-specific execution sequence, facility work, decision gates, acceptance evidence, records, and fallback routes are defined for the current planning basis.",100,"Execute the mechanistic source-term, off-gas, retention, plate-out and release-path campaign.",PB-CHEM-01; PB-FP-01; PB-MCA-01; PB-STARTUP-01,CHEM-11; CHEM-12; CHEM-13; CHEM-14; CHEM-15; CHEM-16; CHEM-17; CHEM-23; CHEM-24; CHEM-25,5,4,5,1,2,4,3,5,3,HP-DEXS1 test gate
D-EXP-13,"Endurance, reliability growth, maintainability, remote handling and availability campaign",Demonstrator,4 - Demonstrator experimental campaign and power-reactor data,Demonstrator Experiments,2029-04-01,2029-12-31,True,"Execution definition complete; task-specific facility, supplier, and final design inputs remain subject to the listed hold points.",100,"Deliver Endurance, reliability growth, maintainability, remote handling and availability campaign between 2029-04-01 and 2029-12-31 through a controlled sequence of implementation authorization, input/facility readiness, technical execution, independent verification, and downstream handoff. The producing lead is Operations/Training; temporary laboratory, supplier, construction, or regulatory support is purchased only for defined products and acceptance evidence.",PB-TEST-01,,6,4,5,1,3,4,3,5,2,HP-I1 implementation authorization
D-EXP-11,"Freeze, drain, recovery, passive decay-heat removal and restart campaign",Demonstrator,4 - Demonstrator experimental campaign and power-reactor data,Demonstrator Experiments,2029-07-01,2029-11-30,True,"Execution definition complete; task-specific facility, supplier, and final design inputs remain subject to the listed hold points.",100,"Deliver Freeze, drain, recovery, passive decay-heat removal and restart campaign between 2029-07-01 and 2029-11-30 through a controlled sequence of implementation authorization, input/facility readiness, technical execution, independent verification, and downstream handoff. The producing lead is Thermal-Hydraulics; temporary laboratory, supplier, construction, or regulatory support is purchased only for defined products and acceptance evidence.",PB-CHEM-01; PB-FUEL-01; PB-TEST-01,,6,5,5,1,3,4,3,5,5,HP-I1 implementation authorization
P-LIC-DEC.01,Power Reactor Part 52 vs Part 53 Decision Program,Power Reactor,5 - Power-reactor engineering and NRC licensing,Licensing Strategy,2026-10-01,2029-12-31,True,"Execution definition complete; task-specific facility, supplier, and final design inputs remain subject to the listed hold points.",100,"Deliver Power Reactor Part 52 vs Part 53 Decision Program between 2026-10-01 and 2029-12-31 through a controlled sequence of implementation authorization, input/facility readiness, technical execution, independent verification, and downstream handoff. The producing lead is Licensing Engineer; temporary laboratory, supplier, construction, or regulatory support is purchased only for defined products and acceptance evidence.",PB-MAT-01; PB-SUPPLY-01; PB-TEST-01,,5,3,5,1,3,1,3,5,2,HP-I1 implementation authorization
P-0.3.a,"Requirements Governance, Ontology, and Structure",Power Reactor,5 - Power-reactor engineering and NRC licensing,Orientation,2029-01-01,2030-03-30,True,"Execution definition complete; task-specific facility, supplier, and final design inputs remain subject to the listed hold points.",100,"Deliver Requirements Governance, Ontology, and Structure between 2029-01-01 and 2030-03-30 through a controlled sequence of implementation authorization, input/facility readiness, technical execution, independent verification, and downstream handoff. The producing lead is Systems Engineer; temporary laboratory, supplier, construction, or regulatory support is purchased only for defined products and acceptance evidence.",PB-TEST-01,,5,3,5,1,3,1,3,5,2,HP-I1 implementation authorization
P-1.a,"Site Selection, Data Acquisition & Baseline Characterization",Power Reactor,5 - Power-reactor engineering and NRC licensing,Site & NEPA,2029-01-01,2029-09-30,True,"Execution definition complete; task-specific facility, supplier, and final design inputs remain subject to the listed hold points.",100,"Deliver Site Selection, Data Acquisition & Baseline Characterization between 2029-01-01 and 2029-09-30 through a controlled sequence of implementation authorization, input/facility readiness, technical execution, independent verification, and downstream handoff. The producing lead is Environmental/Siting; temporary laboratory, supplier, construction, or regulatory support is purchased only for defined products and acceptance evidence.",PB-CHEM-01; PB-TEST-01,,5,3,5,1,3,1,3,5,3,HP-I1 implementation authorization
P-3.17.a,"QA Organization, Responsibilities & Interfaces",Power Reactor,5 - Power-reactor engineering and NRC licensing,SRP Chapters,2029-01-01,2034-03-30,True,"Execution definition complete; task-specific facility, supplier, and final design inputs remain subject to the listed hold points.",100,"Deliver QA Organization, Responsibilities & Interfaces between 2029-01-01 and 2034-03-30 through a controlled sequence of implementation authorization, input/facility readiness, technical execution, independent verification, and downstream handoff. The producing lead is Quality Assurance; temporary laboratory, supplier, construction, or regulatory support is purchased only for defined products and acceptance evidence.",PB-SUPPLY-01; PB-TEST-01,,5,3,5,1,3,1,3,5,2,HP-I1 implementation authorization
P-PKG-02,"Commercial Fuel, Materials and Irradiation Qualification",Power Reactor,5 - Power-reactor engineering and NRC licensing,Power Reactor Implementation Packages,2028-07-01,2034-06-30,True,"Task-specific execution sequence, facility work, decision gates, acceptance evidence, records, and fallback routes are defined for the current planning basis.",100,"Convert demonstrator/INL evidence into a production-ready commercial fuel and materials supply chain: freeze initial-core and makeup demand, reserve enrichment/deconversion/synthesis and analytical capacity, qualify the production facility and first-article batches, close materials/irradiation and licensing evidence, qualify alternate suppliers and demonstrate shipment, receipt, storage and load readiness before 2035 operation.",PB-CHEM-01; PB-FUEL-01; PB-MAT-01; PB-MCA-01; PB-STARTUP-01; PB-SUPPLY-01; PB-WASTE-01,CHEM-01; CHEM-02; CHEM-03; CHEM-04; CHEM-05; CHEM-08; CHEM-09; CHEM-10; CHEM-20; CHEM-22; CHEM-23; CHEM-24; CHEM-25,7,4,5,2,4,1,3,5,5,HP-CF1 commercial fuel requirements freeze
P-PKG-08,Independent Licensing Review and Application Assurance,Power Reactor,5 - Power-reactor engineering and NRC licensing,Power Reactor Implementation Packages,2027-07-01,2035-06-30,True,"Execution definition complete; task-specific facility, supplier, and final design inputs remain subject to the listed hold points.",100,"Deliver Independent Licensing Review and Application Assurance between 2027-07-01 and 2035-06-30 through a controlled sequence of implementation authorization, input/facility readiness, technical execution, independent verification, and downstream handoff. The producing lead is Licensing Engineer; temporary laboratory, supplier, construction, or regulatory support is purchased only for defined products and acceptance evidence.",PB-SUPPLY-01,,5,3,1,1,3,1,3,5,2,HP-I1 implementation authorization
P-3.17.b,QA Program Description (QAPD/QATR) & Manual,Power Reactor,5 - Power-reactor engineering and NRC licensing,SRP Chapters,2029-01-01,2034-06-30,True,"Execution definition complete; task-specific facility, supplier, and final design inputs remain subject to the listed hold points.",100,"Deliver QA Program Description (QAPD/QATR) & Manual between 2029-01-01 and 2034-06-30 through a controlled sequence of implementation authorization, input/facility readiness, technical execution, independent verification, and downstream handoff. The producing lead is Quality Assurance; temporary laboratory, supplier, construction, or regulatory support is purchased only for defined products and acceptance evidence.",PB-SUPPLY-01; PB-TEST-01,,5,3,5,1,3,1,3,5,2,HP-I1 implementation authorization
P-0.3.c,SSC Safety Classification & Special Treatments (incl. 10 CFR 50.69 Option),Power Reactor,5 - Power-reactor engineering and NRC licensing,Orientation,2029-01-01,2029-09-30,True,"Execution definition complete; task-specific facility, supplier, and final design inputs remain subject to the listed hold points.",100,"Deliver SSC Safety Classification & Special Treatments (incl. 10 CFR 50.69 Option) between 2029-01-01 and 2029-09-30 through a controlled sequence of implementation authorization, input/facility readiness, technical execution, independent verification, and downstream handoff. The producing lead is Systems Engineer; temporary laboratory, supplier, construction, or regulatory support is purchased only for defined products and acceptance evidence.",PB-CHEM-01; PB-TEST-01,,5,3,5,1,3,1,3,5,3,HP-I1 implementation authorization
P-0.3.d,Design-Basis & Functional Requirements (DBFR) Authoring,Power Reactor,5 - Power-reactor engineering and NRC licensing,Orientation,2029-01-01,2029-12-30,True,"Execution definition complete; task-specific facility, supplier, and final design inputs remain subject to the listed hold points.",100,"Deliver Design-Basis & Functional Requirements (DBFR) Authoring between 2029-01-01 and 2029-12-30 through a controlled sequence of implementation authorization, input/facility readiness, technical execution, independent verification, and downstream handoff. The producing lead is Systems Engineer; temporary laboratory, supplier, construction, or regulatory support is purchased only for defined products and acceptance evidence.",PB-MAT-01; PB-TEST-01,,5,3,5,1,3,1,3,5,2,HP-I1 implementation authorization
P-0.3.i,"Change Control, Baselines & 50.71(e) Impact Integration",Power Reactor,5 - Power-reactor engineering and NRC licensing,Orientation,2029-01-01,2030-06-30,True,"Execution definition complete; task-specific facility, supplier, and final design inputs remain subject to the listed hold points.",100,"Deliver Change Control, Baselines & 50.71(e) Impact Integration between 2029-01-01 and 2030-06-30 through a controlled sequence of implementation authorization, input/facility readiness, technical execution, independent verification, and downstream handoff. The producing lead is Systems Engineer; temporary laboratory, supplier, construction, or regulatory support is purchased only for defined products and acceptance evidence.",PB-TEST-01,,5,3,5,1,3,1,3,5,2,HP-I1 implementation authorization
P-3.17.c,Design Control (Appendix B III) & Configuration Management,Power Reactor,5 - Power-reactor engineering and NRC licensing,SRP Chapters,2029-01-01,2034-06-30,True,"Execution definition complete; task-specific facility, supplier, and final design inputs remain subject to the listed hold points.",100,"Deliver Design Control (Appendix B III) & Configuration Management between 2029-01-01 and 2034-06-30 through a controlled sequence of implementation authorization, input/facility readiness, technical execution, independent verification, and downstream handoff. The producing lead is Quality Assurance; temporary laboratory, supplier, construction, or regulatory support is purchased only for defined products and acceptance evidence.",PB-SUPPLY-01; PB-TEST-01,,5,3,5,1,3,1,3,5,2,HP-I1 implementation authorization
P-3.2.a,"Seismic Basis: PSHA, GMRS, and SSE",Power Reactor,5 - Power-reactor engineering and NRC licensing,SRP Chapters,2029-01-01,2031-03-30,False,"Execution definition complete; task-specific facility, supplier, and final design inputs remain subject to the listed hold points.",100,"Deliver Seismic Basis: PSHA, GMRS, and SSE between 2029-01-01 and 2031-03-30 through a controlled sequence of implementation authorization, input/facility readiness, technical execution, independent verification, and downstream handoff. The producing lead is Environmental/Siting; temporary laboratory, supplier, construction, or regulatory support is purchased only for defined products and acceptance evidence.",PB-MAT-01; PB-TEST-01,,5,3,5,1,3,1,3,5,2,HP-I1 implementation authorization
P-0.3.b,GDC -> PDC Derivation and Departures,Power Reactor,5 - Power-reactor engineering and NRC licensing,Orientation,2029-04-01,2029-12-30,True,"Execution definition complete; task-specific facility, supplier, and final design inputs remain subject to the listed hold points.",100,"Deliver GDC -> PDC Derivation and Departures between 2029-04-01 and 2029-12-30 through a controlled sequence of implementation authorization, input/facility readiness, technical execution, independent verification, and downstream handoff. The producing lead is Systems Engineer; temporary laboratory, supplier, construction, or regulatory support is purchased only for defined products and acceptance evidence.",PB-TEST-01,,5,3,5,1,3,1,3,5,2,HP-I1 implementation authorization
P-0.3.e,Requirements Database Implementation & Migration,Power Reactor,5 - Power-reactor engineering and NRC licensing,Orientation,2029-04-01,2029-12-30,True,"Execution definition complete; task-specific facility, supplier, and final design inputs remain subject to the listed hold points.",100,"Deliver Requirements Database Implementation & Migration between 2029-04-01 and 2029-12-30 through a controlled sequence of implementation authorization, input/facility readiness, technical execution, independent verification, and downstream handoff. The producing lead is Systems Engineer; temporary laboratory, supplier, construction, or regulatory support is purchased only for defined products and acceptance evidence.",PB-TEST-01,,5,3,5,1,3,1,3,5,2,HP-I1 implementation authorization
P-0.3.g,Special Treatment Definition & Code/Standard Allocation,Power Reactor,5 - Power-reactor engineering and NRC licensing,Orientation,2029-04-01,2029-09-30,True,"Execution definition complete; task-specific facility, supplier, and final design inputs remain subject to the listed hold points.",100,"Deliver Special Treatment Definition & Code/Standard Allocation between 2029-04-01 and 2029-09-30 through a controlled sequence of implementation authorization, input/facility readiness, technical execution, independent verification, and downstream handoff. The producing lead is Systems Engineer; temporary laboratory, supplier, construction, or regulatory support is purchased only for defined products and acceptance evidence.",PB-TEST-01,,5,3,5,1,3,1,3,5,2,HP-I1 implementation authorization
P-0.3.h,Quality Checks & Automated Validation of Requirements Set,Power Reactor,5 - Power-reactor engineering and NRC licensing,Orientation,2029-04-01,2029-12-30,True,"Execution definition complete; task-specific facility, supplier, and final design inputs remain subject to the listed hold points.",100,"Deliver Quality Checks & Automated Validation of Requirements Set between 2029-04-01 and 2029-12-30 through a controlled sequence of implementation authorization, input/facility readiness, technical execution, independent verification, and downstream handoff. The producing lead is Systems Engineer; temporary laboratory, supplier, construction, or regulatory support is purchased only for defined products and acceptance evidence.",PB-TEST-01,,5,3,5,1,3,1,3,5,2,HP-I1 implementation authorization
P-3.19.a,PRA Scope Definition & Governance,Power Reactor,5 - Power-reactor engineering and NRC licensing,SRP Chapters,2029-04-01,2034-03-30,True,"Execution definition complete; task-specific facility, supplier, and final design inputs remain subject to the listed hold points.",100,"Deliver PRA Scope Definition & Governance between 2029-04-01 and 2034-03-30 through a controlled sequence of implementation authorization, input/facility readiness, technical execution, independent verification, and downstream handoff. The producing lead is PRA/Risk Engineer; temporary laboratory, supplier, construction, or regulatory support is purchased only for defined products and acceptance evidence.",PB-MAT-01; PB-TEST-01,,5,3,2,1,3,3,3,5,2,HP-I1 implementation authorization
P-1.k,Radiological Environmental Monitoring Program (REMP) Baseline,Power Reactor,5 - Power-reactor engineering and NRC licensing,Site & NEPA,2029-04-01,2032-09-30,True,"Execution definition complete; task-specific facility, supplier, and final design inputs remain subject to the listed hold points.",100,"Deliver Radiological Environmental Monitoring Program (REMP) Baseline between 2029-04-01 and 2032-09-30 through a controlled sequence of implementation authorization, input/facility readiness, technical execution, independent verification, and downstream handoff. The producing lead is Environmental/Siting; temporary laboratory, supplier, construction, or regulatory support is purchased only for defined products and acceptance evidence.",PB-CHEM-01; PB-TEST-01,,5,3,5,1,3,1,3,5,3,HP-I1 implementation authorization
P-3.4.a,Fuel Design Limits & Safety Criteria Definition,Power Reactor,5 - Power-reactor engineering and NRC licensing,SRP Chapters,2029-04-01,2031-09-30,True,"Execution definition complete; task-specific facility, supplier, and final design inputs remain subject to the listed hold points.",100,"Deliver Fuel Design Limits & Safety Criteria Definition between 2029-04-01 and 2031-09-30 through a controlled sequence of implementation authorization, input/facility readiness, technical execution, independent verification, and downstream handoff. The producing lead is Fuel/Materials Engineer; temporary laboratory, supplier, construction, or regulatory support is purchased only for defined products and acceptance evidence.",PB-FP-01; PB-FUEL-01; PB-MAT-01; PB-SUPPLY-01; PB-TEST-01,,5,4,5,2,3,1,3,5,6,HP-I1 implementation authorization
P-PKG-03,Supply Chain and Manufacturing Process Development,Power Reactor,5 - Power-reactor engineering and NRC licensing,Power Reactor Implementation Packages,2029-01-01,2034-03-31,True,"Execution definition complete; task-specific facility, supplier, and final design inputs remain subject to the listed hold points.",100,"Deliver Supply Chain and Manufacturing Process Development between 2029-01-01 and 2034-03-31 through a controlled sequence of implementation authorization, input/facility readiness, technical execution, independent verification, and downstream handoff. The producing lead is Procurement/Supply Chain; temporary laboratory, supplier, construction, or regulatory support is purchased only for defined products and acceptance evidence.",PB-MAT-01; PB-SUPPLY-01; PB-TEST-01,,5,3,5,1,3,4,4,5,2,HP-I1 implementation authorization
P-1.l,"Data Management, QA & GIS/Records Integration",Power Reactor,5 - Power-reactor engineering and NRC licensing,Site & NEPA,2029-04-01,2032-09-30,True,"Execution definition complete; task-specific facility, supplier, and final design inputs remain subject to the listed hold points.",100,"Deliver Data Management, QA & GIS/Records Integration between 2029-04-01 and 2032-09-30 through a controlled sequence of implementation authorization, input/facility readiness, technical execution, independent verification, and downstream handoff. The producing lead is Environmental/Siting; temporary laboratory, supplier, construction, or regulatory support is purchased only for defined products and acceptance evidence.",PB-CHEM-01; PB-TEST-01,,5,3,5,1,3,1,3,5,3,HP-I1 implementation authorization
P-3.4.b,"Methods V&V, Benchmarking & Configuration Control",Power Reactor,5 - Power-reactor engineering and NRC licensing,SRP Chapters,2029-04-01,2032-12-30,True,"Execution definition complete; task-specific facility, supplier, and final design inputs remain subject to the listed hold points.",100,"Deliver Methods V&V, Benchmarking & Configuration Control between 2029-04-01 and 2032-12-30 through a controlled sequence of implementation authorization, input/facility readiness, technical execution, independent verification, and downstream handoff. The producing lead is Fuel/Materials Engineer; temporary laboratory, supplier, construction, or regulatory support is purchased only for defined products and acceptance evidence.",PB-FP-01; PB-FUEL-01; PB-MAT-01; PB-SUPPLY-01; PB-TEST-01,,5,4,2,2,3,3,3,5,6,HP-I1 implementation authorization
P-1.b,Probabilistic Seismic Hazard Analysis (PSHA) & GMRS,Power Reactor,5 - Power-reactor engineering and NRC licensing,Site & NEPA,2029-01-01,2030-06-30,True,"Execution definition complete; task-specific facility, supplier, and final design inputs remain subject to the listed hold points.",100,"Deliver Probabilistic Seismic Hazard Analysis (PSHA) & GMRS between 2029-01-01 and 2030-06-30 through a controlled sequence of implementation authorization, input/facility readiness, technical execution, independent verification, and downstream handoff. The producing lead is Environmental/Siting; temporary laboratory, supplier, construction, or regulatory support is purchased only for defined products and acceptance evidence.",PB-TEST-01,,5,3,2,1,3,3,3,5,2,HP-I1 implementation authorization
P-1.m,FSAR Chapter 2 Authoring & Interfaces,Power Reactor,5 - Power-reactor engineering and NRC licensing,Site & NEPA,2029-01-01,2031-09-30,True,"Execution definition complete; task-specific facility, supplier, and final design inputs remain subject to the listed hold points.",100,"Deliver FSAR Chapter 2 Authoring & Interfaces between 2029-01-01 and 2031-09-30 through a controlled sequence of implementation authorization, input/facility readiness, technical execution, independent verification, and downstream handoff. The producing lead is Licensing Engineer; temporary laboratory, supplier, construction, or regulatory support is purchased only for defined products and acceptance evidence.",PB-MCA-01; PB-TEST-01,,5,3,5,1,3,1,3,5,2,HP-I1 implementation authorization
P-3.2.h,Site Parameters Rollup & Interfaces,Power Reactor,5 - Power-reactor engineering and NRC licensing,SRP Chapters,2029-04-01,2032-09-30,False,"Execution definition complete; task-specific facility, supplier, and final design inputs remain subject to the listed hold points.",100,"Deliver Site Parameters Rollup & Interfaces between 2029-04-01 and 2032-09-30 through a controlled sequence of implementation authorization, input/facility readiness, technical execution, independent verification, and downstream handoff. The producing lead is Environmental/Siting; temporary laboratory, supplier, construction, or regulatory support is purchased only for defined products and acceptance evidence.",PB-TEST-01,,5,3,5,1,3,1,3,5,2,HP-I1 implementation authorization
P-3.2.i,GIS/Data Management & Records QA,Power Reactor,5 - Power-reactor engineering and NRC licensing,SRP Chapters,2029-04-01,2032-09-30,False,"Execution definition complete; task-specific facility, supplier, and final design inputs remain subject to the listed hold points.",100,"Deliver GIS/Data Management & Records QA between 2029-04-01 and 2032-09-30 through a controlled sequence of implementation authorization, input/facility readiness, technical execution, independent verification, and downstream handoff. The producing lead is Environmental/Siting; temporary laboratory, supplier, construction, or regulatory support is purchased only for defined products and acceptance evidence.",PB-CHEM-01; PB-TEST-01,,5,3,5,1,3,1,3,5,3,HP-I1 implementation authorization
P-0.3.f,"Traceability to FSAR, SDDs, Analyses & ITAAC",Power Reactor,5 - Power-reactor engineering and NRC licensing,Orientation,2029-01-01,2030-06-30,True,"Execution definition complete; task-specific facility, supplier, and final design inputs remain subject to the listed hold points.",100,"Deliver Traceability to FSAR, SDDs, Analyses & ITAAC between 2029-01-01 and 2030-06-30 through a controlled sequence of implementation authorization, input/facility readiness, technical execution, independent verification, and downstream handoff. The producing lead is Licensing Engineer; temporary laboratory, supplier, construction, or regulatory support is purchased only for defined products and acceptance evidence.",PB-MAT-01; PB-TEST-01,,5,3,5,1,3,1,3,5,2,HP-I1 implementation authorization
P-3.2.b,Site Response & Liquefaction/Faulting Potential,Power Reactor,5 - Power-reactor engineering and NRC licensing,SRP Chapters,2029-07-01,2031-09-30,False,"Execution definition complete; task-specific facility, supplier, and final design inputs remain subject to the listed hold points.",100,"Deliver Site Response & Liquefaction/Faulting Potential between 2029-07-01 and 2031-09-30 through a controlled sequence of implementation authorization, input/facility readiness, technical execution, independent verification, and downstream handoff. The producing lead is Environmental/Siting; temporary laboratory, supplier, construction, or regulatory support is purchased only for defined products and acceptance evidence.",PB-TEST-01,,5,3,5,1,3,1,3,5,2,HP-I1 implementation authorization
P-1.c,"Geology, Geotechnical & Seismogeologic Characterization",Power Reactor,5 - Power-reactor engineering and NRC licensing,Site & NEPA,2029-01-01,2030-09-30,True,"Execution definition complete; task-specific facility, supplier, and final design inputs remain subject to the listed hold points.",100,"Deliver Geology, Geotechnical & Seismogeologic Characterization between 2029-01-01 and 2030-09-30 through a controlled sequence of implementation authorization, input/facility readiness, technical execution, independent verification, and downstream handoff. The producing lead is Environmental/Siting; temporary laboratory, supplier, construction, or regulatory support is purchased only for defined products and acceptance evidence.",PB-TEST-01,,5,3,5,1,3,1,3,5,2,HP-I1 implementation authorization
P-3.2.c,SSI Inputs and In-Structure Response Spectra (ISRS),Power Reactor,5 - Power-reactor engineering and NRC licensing,SRP Chapters,2029-07-01,2031-12-30,False,"Execution definition complete; task-specific facility, supplier, and final design inputs remain subject to the listed hold points.",100,"Deliver SSI Inputs and In-Structure Response Spectra (ISRS) between 2029-07-01 and 2031-12-30 through a controlled sequence of implementation authorization, input/facility readiness, technical execution, independent verification, and downstream handoff. The producing lead is Environmental/Siting; temporary laboratory, supplier, construction, or regulatory support is purchased only for defined products and acceptance evidence.",PB-TEST-01,,5,3,5,1,3,1,3,5,2,HP-I1 implementation authorization
P-1.d,"Hydrology, Flooding & Water Resources",Power Reactor,5 - Power-reactor engineering and NRC licensing,Site & NEPA,2029-04-01,2030-06-30,True,"Execution definition complete; task-specific facility, supplier, and final design inputs remain subject to the listed hold points.",100,"Deliver Hydrology, Flooding & Water Resources between 2029-04-01 and 2030-06-30 through a controlled sequence of implementation authorization, input/facility readiness, technical execution, independent verification, and downstream handoff. The producing lead is Environmental/Siting; temporary laboratory, supplier, construction, or regulatory support is purchased only for defined products and acceptance evidence.",PB-TEST-01,,5,3,5,1,3,1,3,5,2,HP-I1 implementation authorization
P-3.1.a,Plant Parameters & Operating Modes Definition,Power Reactor,5 - Power-reactor engineering and NRC licensing,SRP Chapters,2029-04-01,2031-06-30,False,"Execution definition complete; task-specific facility, supplier, and final design inputs remain subject to the listed hold points.",100,"Deliver Plant Parameters & Operating Modes Definition between 2029-04-01 and 2031-06-30 through a controlled sequence of implementation authorization, input/facility readiness, technical execution, independent verification, and downstream handoff. The producing lead is Chief Engineer; temporary laboratory, supplier, construction, or regulatory support is purchased only for defined products and acceptance evidence.",PB-CHEM-01; PB-FP-01; PB-FUEL-01; PB-TEST-01,,5,4,5,1,3,1,3,5,5,HP-I1 implementation authorization
P-3.15.a,"Event Selection, Classification & Success Criteria",Power Reactor,5 - Power-reactor engineering and NRC licensing,SRP Chapters,2029-04-01,2031-06-30,True,"Execution definition complete; task-specific facility, supplier, and final design inputs remain subject to the listed hold points.",100,"Deliver Event Selection, Classification & Success Criteria between 2029-04-01 and 2031-06-30 through a controlled sequence of implementation authorization, input/facility readiness, technical execution, independent verification, and downstream handoff. The producing lead is Safety Analysis; temporary laboratory, supplier, construction, or regulatory support is purchased only for defined products and acceptance evidence.",PB-FP-01; PB-TEST-01,,5,3,2,1,3,3,3,5,3,HP-I1 implementation authorization
P-3.18.a,HFE Program Plan (HFEPP) & Governance,Power Reactor,5 - Power-reactor engineering and NRC licensing,SRP Chapters,2031-01-01,2035-09-30,False,"Execution definition complete; task-specific facility, supplier, and final design inputs remain subject to the listed hold points.",100,"Deliver HFE Program Plan (HFEPP) & Governance between 2031-01-01 and 2035-09-30 through a controlled sequence of implementation authorization, input/facility readiness, technical execution, independent verification, and downstream handoff. The producing lead is Human Factors Engineer; temporary laboratory, supplier, construction, or regulatory support is purchased only for defined products and acceptance evidence.",PB-TEST-01; PB-WASTE-01,,5,3,1,1,3,4,3,5,2,HP-I1 implementation authorization
P-3.3.a,"Seismic Categorization, Load Combinations & Demand Definition",Power Reactor,5 - Power-reactor engineering and NRC licensing,SRP Chapters,2029-04-01,2031-09-30,False,"Execution definition complete; task-specific facility, supplier, and final design inputs remain subject to the listed hold points.",100,"Deliver Seismic Categorization, Load Combinations & Demand Definition between 2029-04-01 and 2031-09-30 through a controlled sequence of implementation authorization, input/facility readiness, technical execution, independent verification, and downstream handoff. The producing lead is Civil/Structural Engineer; temporary laboratory, supplier, construction, or regulatory support is purchased only for defined products and acceptance evidence.",PB-MAT-01; PB-TEST-01,,5,3,5,1,3,1,3,5,2,HP-I1 implementation authorization
P-3.5.a,Define RCS Pressure Boundary & Connected Systems Scope,Power Reactor,5 - Power-reactor engineering and NRC licensing,SRP Chapters,2029-04-01,2031-09-30,False,"Execution definition complete; task-specific facility, supplier, and final design inputs remain subject to the listed hold points.",100,"Deliver Define RCS Pressure Boundary & Connected Systems Scope between 2029-04-01 and 2031-09-30 through a controlled sequence of implementation authorization, input/facility readiness, technical execution, independent verification, and downstream handoff. The producing lead is Safety Analysis; temporary laboratory, supplier, construction, or regulatory support is purchased only for defined products and acceptance evidence.",PB-MAT-01; PB-TEST-01,,5,3,5,1,3,1,3,5,2,HP-I1 implementation authorization
P-3.7.a,Safety I&C Functional Requirements & Architecture (IEEE 603),Power Reactor,5 - Power-reactor engineering and NRC licensing,SRP Chapters,2029-04-01,2031-06-30,True,"Execution definition complete; task-specific facility, supplier, and final design inputs remain subject to the listed hold points.",100,"Deliver Safety I&C Functional Requirements & Architecture (IEEE 603) between 2029-04-01 and 2031-06-30 through a controlled sequence of implementation authorization, input/facility readiness, technical execution, independent verification, and downstream handoff. The producing lead is Systems Engineer; temporary laboratory, supplier, construction, or regulatory support is purchased only for defined products and acceptance evidence.",PB-MCA-01; PB-TEST-01,,5,3,5,1,3,1,3,5,2,HP-I1 implementation authorization
P-PKG-01,EPC and Vendor Detailed Design Contracts,Power Reactor,5 - Power-reactor engineering and NRC licensing,Power Reactor Implementation Packages,2029-04-01,2033-12-31,True,"Execution definition complete; task-specific facility, supplier, and final design inputs remain subject to the listed hold points.",100,"Deliver EPC and Vendor Detailed Design Contracts between 2029-04-01 and 2033-12-31 through a controlled sequence of implementation authorization, input/facility readiness, technical execution, independent verification, and downstream handoff. The producing lead is Chief Engineer; temporary laboratory, supplier, construction, or regulatory support is purchased only for defined products and acceptance evidence.",PB-MAT-01; PB-SUPPLY-01; PB-TEST-01,,5,3,5,1,3,4,4,5,2,HP-I1 implementation authorization
P-3.1.b,Exemptions/Departures Catalog & Tier Mapping,Power Reactor,5 - Power-reactor engineering and NRC licensing,SRP Chapters,2029-04-01,2031-06-30,False,"Execution definition complete; task-specific facility, supplier, and final design inputs remain subject to the listed hold points.",100,"Deliver Exemptions/Departures Catalog & Tier Mapping between 2029-04-01 and 2031-06-30 through a controlled sequence of implementation authorization, input/facility readiness, technical execution, independent verification, and downstream handoff. The producing lead is Chief Engineer; temporary laboratory, supplier, construction, or regulatory support is purchased only for defined products and acceptance evidence.",PB-TEST-01,,5,3,5,1,3,1,3,5,2,HP-I1 implementation authorization
P-3.15.b,"Methods, Models & Configuration Control (RG 1.203)",Power Reactor,5 - Power-reactor engineering and NRC licensing,SRP Chapters,2029-04-01,2033-03-30,True,"Execution definition complete; task-specific facility, supplier, and final design inputs remain subject to the listed hold points.",100,"Deliver Methods, Models & Configuration Control (RG 1.203) between 2029-04-01 and 2033-03-30 through a controlled sequence of implementation authorization, input/facility readiness, technical execution, independent verification, and downstream handoff. The producing lead is Safety Analysis; temporary laboratory, supplier, construction, or regulatory support is purchased only for defined products and acceptance evidence.",PB-FP-01; PB-TEST-01,,5,3,2,1,3,3,3,5,3,HP-I1 implementation authorization
P-0.3.j,Compliance Matrices & SRP Chapter Views,Power Reactor,5 - Power-reactor engineering and NRC licensing,Orientation,2029-01-01,2030-03-30,True,"Execution definition complete; task-specific facility, supplier, and final design inputs remain subject to the listed hold points.",100,"Deliver Compliance Matrices & SRP Chapter Views between 2029-01-01 and 2030-03-30 through a controlled sequence of implementation authorization, input/facility readiness, technical execution, independent verification, and downstream handoff. The producing lead is Systems Engineer; temporary laboratory, supplier, construction, or regulatory support is purchased only for defined products and acceptance evidence.",PB-TEST-01,,5,3,5,1,3,1,3,5,2,HP-I1 implementation authorization
P-1.e,Meteorology & Atmospheric Dispersion (EAB/LPZ chi/Q),Power Reactor,5 - Power-reactor engineering and NRC licensing,Site & NEPA,2029-01-01,2030-09-30,True,"Execution definition complete; task-specific facility, supplier, and final design inputs remain subject to the listed hold points.",100,"Deliver Meteorology & Atmospheric Dispersion (EAB/LPZ chi/Q) between 2029-01-01 and 2030-09-30 through a controlled sequence of implementation authorization, input/facility readiness, technical execution, independent verification, and downstream handoff. The producing lead is Environmental/Siting; temporary laboratory, supplier, construction, or regulatory support is purchased only for defined products and acceptance evidence.",PB-TEST-01,,5,3,5,1,3,1,3,5,2,HP-I1 implementation authorization
P-3.17.j,"Audits, Surveillances & Self-Assessments",Power Reactor,5 - Power-reactor engineering and NRC licensing,SRP Chapters,2029-04-01,2034-09-30,True,"Execution definition complete; task-specific facility, supplier, and final design inputs remain subject to the listed hold points.",100,"Deliver Audits, Surveillances & Self-Assessments between 2029-04-01 and 2034-09-30 through a controlled sequence of implementation authorization, input/facility readiness, technical execution, independent verification, and downstream handoff. The producing lead is Quality Assurance; temporary laboratory, supplier, construction, or regulatory support is purchased only for defined products and acceptance evidence.",PB-SUPPLY-01; PB-TEST-01,,5,3,2,1,3,3,3,5,2,HP-I1 implementation authorization
P-3.2.d,Hydrology & Flooding: PMP/PMF/PMSS,Power Reactor,5 - Power-reactor engineering and NRC licensing,SRP Chapters,2029-04-01,2031-12-30,False,"Execution definition complete; task-specific facility, supplier, and final design inputs remain subject to the listed hold points.",100,"Deliver Hydrology & Flooding: PMP/PMF/PMSS between 2029-04-01 and 2031-12-30 through a controlled sequence of implementation authorization, input/facility readiness, technical execution, independent verification, and downstream handoff. The producing lead is Environmental/Siting; temporary laboratory, supplier, construction, or regulatory support is purchased only for defined products and acceptance evidence.",PB-TEST-01,,5,3,5,1,3,1,3,5,2,HP-I1 implementation authorization
P-0.3.k,"Stakeholder Reviews & Approvals (Design, Ops, PRA, Licensing)",Power Reactor,5 - Power-reactor engineering and NRC licensing,Orientation,2029-01-01,2030-03-30,True,"Execution definition complete; task-specific facility, supplier, and final design inputs remain subject to the listed hold points.",100,"Deliver Stakeholder Reviews & Approvals (Design, Ops, PRA, Licensing) between 2029-01-01 and 2030-03-30 through a controlled sequence of implementation authorization, input/facility readiness, technical execution, independent verification, and downstream handoff. The producing lead is Systems Engineer; temporary laboratory, supplier, construction, or regulatory support is purchased only for defined products and acceptance evidence.",PB-MAT-01; PB-TEST-01,,5,3,2,1,3,3,3,5,2,HP-I1 implementation authorization
P-1.f,"Ultimate Heat Sink (UHS), Intake/Outfall & Thermal Plume",Power Reactor,5 - Power-reactor engineering and NRC licensing,Site & NEPA,2029-01-01,2030-12-30,True,"Execution definition complete; task-specific facility, supplier, and final design inputs remain subject to the listed hold points.",100,"Deliver Ultimate Heat Sink (UHS), Intake/Outfall & Thermal Plume between 2029-01-01 and 2030-12-30 through a controlled sequence of implementation authorization, input/facility readiness, technical execution, independent verification, and downstream handoff. The producing lead is Environmental/Siting; temporary laboratory, supplier, construction, or regulatory support is purchased only for defined products and acceptance evidence.",PB-TEST-01,,5,3,2,1,3,3,3,5,2,HP-I1 implementation authorization
P-3.4.i,"Core Monitoring, Setpoints & Operating Limits (Technical Specs Interface)",Power Reactor,5 - Power-reactor engineering and NRC licensing,SRP Chapters,2029-07-01,2033-09-30,True,"Execution definition complete; task-specific facility, supplier, and final design inputs remain subject to the listed hold points.",100,"Deliver Core Monitoring, Setpoints & Operating Limits (Technical Specs Interface) between 2029-07-01 and 2033-09-30 through a controlled sequence of implementation authorization, input/facility readiness, technical execution, independent verification, and downstream handoff. The producing lead is Reactor Physics; temporary laboratory, supplier, construction, or regulatory support is purchased only for defined products and acceptance evidence.",PB-FP-01; PB-FUEL-01; PB-MAT-01; PB-TEST-01,,5,4,5,1,3,1,3,5,5,HP-I1 implementation authorization
P-0.3.l,Digital Thread Analytics & Visualizations,Power Reactor,5 - Power-reactor engineering and NRC licensing,Orientation,2029-01-01,2030-03-30,True,"Execution definition complete; task-specific facility, supplier, and final design inputs remain subject to the listed hold points.",100,"Deliver Digital Thread Analytics & Visualizations between 2029-01-01 and 2030-03-30 through a controlled sequence of implementation authorization, input/facility readiness, technical execution, independent verification, and downstream handoff. The producing lead is Systems Engineer; temporary laboratory, supplier, construction, or regulatory support is purchased only for defined products and acceptance evidence.",PB-TEST-01,,5,3,5,1,3,1,3,5,2,HP-I1 implementation authorization
P-3.2.e,Groundwater & Dewatering Behavior,Power Reactor,5 - Power-reactor engineering and NRC licensing,SRP Chapters,2029-07-01,2031-12-30,False,"Execution definition complete; task-specific facility, supplier, and final design inputs remain subject to the listed hold points.",100,"Deliver Groundwater & Dewatering Behavior between 2029-07-01 and 2031-12-30 through a controlled sequence of implementation authorization, input/facility readiness, technical execution, independent verification, and downstream handoff. The producing lead is Environmental/Siting; temporary laboratory, supplier, construction, or regulatory support is purchased only for defined products and acceptance evidence.",PB-SUPPLY-01; PB-TEST-01,,5,3,5,1,3,1,3,5,2,HP-I1 implementation authorization
P-3.4.j,"FSAR Chapter 4 Drafting, Cross-Checks & Records",Power Reactor,5 - Power-reactor engineering and NRC licensing,SRP Chapters,2029-01-01,2033-03-30,True,"Execution definition complete; task-specific facility, supplier, and final design inputs remain subject to the listed hold points.",100,"Deliver FSAR Chapter 4 Drafting, Cross-Checks & Records between 2029-01-01 and 2033-03-30 through a controlled sequence of implementation authorization, input/facility readiness, technical execution, independent verification, and downstream handoff. The producing lead is Licensing Engineer; temporary laboratory, supplier, construction, or regulatory support is purchased only for defined products and acceptance evidence.",PB-FP-01; PB-FUEL-01; PB-MAT-01; PB-TEST-01,,5,4,5,1,3,1,3,5,5,HP-I1 implementation authorization
P-3.7.e,"Software Lifecycle, V&V & Configuration Management (IEEE 7-4.3.2)",Power Reactor,5 - Power-reactor engineering and NRC licensing,SRP Chapters,2029-07-01,2034-03-30,True,"Execution definition complete; task-specific facility, supplier, and final design inputs remain subject to the listed hold points.",100,"Deliver Software Lifecycle, V&V & Configuration Management (IEEE 7-4.3.2) between 2029-07-01 and 2034-03-30 through a controlled sequence of implementation authorization, input/facility readiness, technical execution, independent verification, and downstream handoff. The producing lead is I&C/Digital Engineer; temporary laboratory, supplier, construction, or regulatory support is purchased only for defined products and acceptance evidence.",PB-MCA-01; PB-SUPPLY-01; PB-TEST-01,,5,3,5,1,3,1,3,5,2,HP-I1 implementation authorization
P-1.g,"External Hazards Screening (Industrial, Transportation, Pipelines, Aircraft)",Power Reactor,5 - Power-reactor engineering and NRC licensing,Site & NEPA,2029-01-01,2030-09-30,True,"Execution definition complete; task-specific facility, supplier, and final design inputs remain subject to the listed hold points.",100,"Deliver External Hazards Screening (Industrial, Transportation, Pipelines, Aircraft) between 2029-01-01 and 2030-09-30 through a controlled sequence of implementation authorization, input/facility readiness, technical execution, independent verification, and downstream handoff. The producing lead is Environmental/Siting; temporary laboratory, supplier, construction, or regulatory support is purchased only for defined products and acceptance evidence.",PB-SUPPLY-01; PB-TEST-01,,5,3,5,1,3,1,3,5,2,HP-I1 implementation authorization
P-3.18.c,Functional Requirements Analysis & Function Allocation (FRA/FA),Power Reactor,5 - Power-reactor engineering and NRC licensing,SRP Chapters,2029-01-01,2032-03-30,False,"Execution definition complete; task-specific facility, supplier, and final design inputs remain subject to the listed hold points.",100,"Deliver Functional Requirements Analysis & Function Allocation (FRA/FA) between 2029-01-01 and 2032-03-30 through a controlled sequence of implementation authorization, input/facility readiness, technical execution, independent verification, and downstream handoff. The producing lead is Systems Engineer; temporary laboratory, supplier, construction, or regulatory support is purchased only for defined products and acceptance evidence.",PB-TEST-01; PB-WASTE-01,,5,3,5,1,3,1,3,5,2,HP-I1 implementation authorization
P-3.15.g,Containment Response & Mass/Energy Releases (Interfaces to Ch.6),Power Reactor,5 - Power-reactor engineering and NRC licensing,SRP Chapters,2029-01-01,2033-06-30,True,"Execution definition complete; task-specific facility, supplier, and final design inputs remain subject to the listed hold points.",100,"Deliver Containment Response & Mass/Energy Releases (Interfaces to Ch.6) between 2029-01-01 and 2033-06-30 through a controlled sequence of implementation authorization, input/facility readiness, technical execution, independent verification, and downstream handoff. The producing lead is Thermal-Hydraulics; temporary laboratory, supplier, construction, or regulatory support is purchased only for defined products and acceptance evidence.",PB-CHEM-01; PB-FP-01; PB-FUEL-01; PB-TEST-01,,5,4,2,1,3,3,3,5,5,HP-I1 implementation authorization
P-3.17.l,"Records, Document Control & Data Retention",Power Reactor,5 - Power-reactor engineering and NRC licensing,SRP Chapters,2029-07-01,2035-03-31,True,"Execution definition complete; task-specific facility, supplier, and final design inputs remain subject to the listed hold points.",100,"Deliver Records, Document Control & Data Retention between 2029-07-01 and 2035-03-31 through a controlled sequence of implementation authorization, input/facility readiness, technical execution, independent verification, and downstream handoff. The producing lead is Quality Assurance; temporary laboratory, supplier, construction, or regulatory support is purchased only for defined products and acceptance evidence.",PB-MAT-01; PB-MCA-01; PB-SUPPLY-01; PB-TEST-01,,5,3,5,1,3,1,3,5,2,HP-I1 implementation authorization
P-3.19.k,RIDM Applications & Programs,Power Reactor,5 - Power-reactor engineering and NRC licensing,SRP Chapters,2029-01-01,2034-06-30,True,"Execution definition complete; task-specific facility, supplier, and final design inputs remain subject to the listed hold points.",100,"Deliver RIDM Applications & Programs between 2029-01-01 and 2034-06-30 through a controlled sequence of implementation authorization, input/facility readiness, technical execution, independent verification, and downstream handoff. The producing lead is PRA/Risk Engineer; temporary laboratory, supplier, construction, or regulatory support is purchased only for defined products and acceptance evidence.",PB-MAT-01; PB-TEST-01,,5,3,2,1,3,1,3,5,2,HP-I1 implementation authorization
P-3.2.f,Meteorology & Atmospheric Extremes,Power Reactor,5 - Power-reactor engineering and NRC licensing,SRP Chapters,2029-07-01,2032-03-30,False,"Execution definition complete; task-specific facility, supplier, and final design inputs remain subject to the listed hold points.",100,"Deliver Meteorology & Atmospheric Extremes between 2029-07-01 and 2032-03-30 through a controlled sequence of implementation authorization, input/facility readiness, technical execution, independent verification, and downstream handoff. The producing lead is Environmental/Siting; temporary laboratory, supplier, construction, or regulatory support is purchased only for defined products and acceptance evidence.",PB-TEST-01,,5,3,5,1,3,1,3,5,2,HP-I1 implementation authorization
P-3.5.h,"Leakage Detection, Monitoring & Allowable Leakage Program",Power Reactor,5 - Power-reactor engineering and NRC licensing,SRP Chapters,2029-07-01,2033-09-30,False,"Execution definition complete; task-specific facility, supplier, and final design inputs remain subject to the listed hold points.",100,"Deliver Leakage Detection, Monitoring & Allowable Leakage Program between 2029-07-01 and 2033-09-30 through a controlled sequence of implementation authorization, input/facility readiness, technical execution, independent verification, and downstream handoff. The producing lead is Safety Analysis; temporary laboratory, supplier, construction, or regulatory support is purchased only for defined products and acceptance evidence.",PB-MAT-01; PB-TEST-01,,5,3,5,1,3,1,3,5,2,HP-I1 implementation authorization
P-3.7.g,EMI/RFI Control Program & Testing (RG 1.180),Power Reactor,5 - Power-reactor engineering and NRC licensing,SRP Chapters,2029-07-01,2033-12-30,True,"Execution definition complete; task-specific facility, supplier, and final design inputs remain subject to the listed hold points.",100,"Deliver EMI/RFI Control Program & Testing (RG 1.180) between 2029-07-01 and 2033-12-30 through a controlled sequence of implementation authorization, input/facility readiness, technical execution, independent verification, and downstream handoff. The producing lead is I&C/Digital Engineer; temporary laboratory, supplier, construction, or regulatory support is purchased only for defined products and acceptance evidence.",PB-MCA-01; PB-TEST-01,,6,4,5,1,3,4,3,5,2,HP-I1 implementation authorization
P-1.h,"Environmental Report (NEPA) - Affected Environment, Alternatives & Impacts",Power Reactor,5 - Power-reactor engineering and NRC licensing,Site & NEPA,2029-04-01,2031-09-30,True,"Execution definition complete; task-specific facility, supplier, and final design inputs remain subject to the listed hold points.",100,"Deliver Environmental Report (NEPA) - Affected Environment, Alternatives & Impacts between 2029-04-01 and 2031-09-30 through a controlled sequence of implementation authorization, input/facility readiness, technical execution, independent verification, and downstream handoff. The producing lead is Environmental/Siting; temporary laboratory, supplier, construction, or regulatory support is purchased only for defined products and acceptance evidence.",PB-TEST-01,,5,3,5,1,3,1,3,5,2,HP-I1 implementation authorization
P-3.1.g,"References, Acronyms, and Definitions Compilation",Power Reactor,5 - Power-reactor engineering and NRC licensing,SRP Chapters,2029-10-01,2031-12-30,False,"Execution definition complete; task-specific facility, supplier, and final design inputs remain subject to the listed hold points.",100,"Deliver References, Acronyms, and Definitions Compilation between 2029-10-01 and 2031-12-30 through a controlled sequence of implementation authorization, input/facility readiness, technical execution, independent verification, and downstream handoff. The producing lead is Chief Engineer; temporary laboratory, supplier, construction, or regulatory support is purchased only for defined products and acceptance evidence.",PB-TEST-01,,5,3,5,1,3,1,3,5,2,HP-I1 implementation authorization
P-3.15.i,Setpoint/Allowable Value Derivation & Tech Spec Interfaces,Power Reactor,5 - Power-reactor engineering and NRC licensing,SRP Chapters,2029-04-01,2033-09-30,True,"Execution definition complete; task-specific facility, supplier, and final design inputs remain subject to the listed hold points.",100,"Deliver Setpoint/Allowable Value Derivation & Tech Spec Interfaces between 2029-04-01 and 2033-09-30 through a controlled sequence of implementation authorization, input/facility readiness, technical execution, independent verification, and downstream handoff. The producing lead is Safety Analysis; temporary laboratory, supplier, construction, or regulatory support is purchased only for defined products and acceptance evidence.",PB-FP-01; PB-TEST-01,,5,3,2,1,3,3,3,5,3,HP-I1 implementation authorization
P-3.2.g,External Hazards (Industrial/Transportation/Pipelines/Aircraft),Power Reactor,5 - Power-reactor engineering and NRC licensing,SRP Chapters,2029-10-01,2031-12-30,False,"Execution definition complete; task-specific facility, supplier, and final design inputs remain subject to the listed hold points.",100,"Deliver External Hazards (Industrial/Transportation/Pipelines/Aircraft) between 2029-10-01 and 2031-12-30 through a controlled sequence of implementation authorization, input/facility readiness, technical execution, independent verification, and downstream handoff. The producing lead is Environmental/Siting; temporary laboratory, supplier, construction, or regulatory support is purchased only for defined products and acceptance evidence.",PB-MCA-01; PB-SUPPLY-01; PB-TEST-01,,5,3,5,1,3,1,3,5,2,HP-I1 implementation authorization
P-3.4.c,Core Nuclear Design & Reactivity Control,Power Reactor,5 - Power-reactor engineering and NRC licensing,SRP Chapters,2029-10-01,2032-09-30,True,"Execution definition complete; task-specific facility, supplier, and final design inputs remain subject to the listed hold points.",100,"Deliver Core Nuclear Design & Reactivity Control between 2029-10-01 and 2032-09-30 through a controlled sequence of implementation authorization, input/facility readiness, technical execution, independent verification, and downstream handoff. The producing lead is Reactor Physics; temporary laboratory, supplier, construction, or regulatory support is purchased only for defined products and acceptance evidence.",PB-FP-01; PB-FUEL-01; PB-MAT-01; PB-SUPPLY-01; PB-TEST-01,,5,4,5,1,3,1,3,5,5,HP-I1 implementation authorization
P-3.5.j,"Materials, Welding, NDE & ISI Interfaces",Power Reactor,5 - Power-reactor engineering and NRC licensing,SRP Chapters,2029-10-01,2034-03-30,False,"Execution definition complete; task-specific facility, supplier, and final design inputs remain subject to the listed hold points.",100,"Deliver Materials, Welding, NDE & ISI Interfaces between 2029-10-01 and 2034-03-30 through a controlled sequence of implementation authorization, input/facility readiness, technical execution, independent verification, and downstream handoff. The producing lead is Safety Analysis; temporary laboratory, supplier, construction, or regulatory support is purchased only for defined products and acceptance evidence.",PB-MAT-01; PB-SUPPLY-01; PB-TEST-01,,5,4,5,2,3,1,3,5,3,HP-I1 implementation authorization
P-3.6.e,Hydrogen Management (10 CFR 50.44),Power Reactor,5 - Power-reactor engineering and NRC licensing,SRP Chapters,2029-10-01,2034-03-30,False,"Execution definition complete; task-specific facility, supplier, and final design inputs remain subject to the listed hold points.",100,"Deliver Hydrogen Management (10 CFR 50.44) between 2029-10-01 and 2034-03-30 through a controlled sequence of implementation authorization, input/facility readiness, technical execution, independent verification, and downstream handoff. The producing lead is Safety Analysis; temporary laboratory, supplier, construction, or regulatory support is purchased only for defined products and acceptance evidence.",PB-CHEM-01; PB-TEST-01,,5,3,5,1,3,1,3,5,3,HP-I1 implementation authorization
P-1.i,Severe Accident Mitigation Alternatives (SAMA) / Risk-Benefit Analysis (as applicable),Power Reactor,5 - Power-reactor engineering and NRC licensing,Site & NEPA,2029-04-01,2031-12-30,True,"Execution definition complete; task-specific facility, supplier, and final design inputs remain subject to the listed hold points.",100,"Deliver Severe Accident Mitigation Alternatives (SAMA) / Risk-Benefit Analysis (as applicable) between 2029-04-01 and 2031-12-30 through a controlled sequence of implementation authorization, input/facility readiness, technical execution, independent verification, and downstream handoff. The producing lead is Environmental/Siting; temporary laboratory, supplier, construction, or regulatory support is purchased only for defined products and acceptance evidence.",PB-FP-01; PB-TEST-01,,5,3,2,1,3,3,3,5,3,HP-I1 implementation authorization
P-3.1.c,"Application Structure, Conventions & Referencing",Power Reactor,5 - Power-reactor engineering and NRC licensing,SRP Chapters,2029-10-01,2032-03-30,False,"Execution definition complete; task-specific facility, supplier, and final design inputs remain subject to the listed hold points.",100,"Deliver Application Structure, Conventions & Referencing between 2029-10-01 and 2032-03-30 through a controlled sequence of implementation authorization, input/facility readiness, technical execution, independent verification, and downstream handoff. The producing lead is Chief Engineer; temporary laboratory, supplier, construction, or regulatory support is purchased only for defined products and acceptance evidence.",PB-TEST-01,,5,3,5,1,3,1,3,5,2,HP-I1 implementation authorization
P-3.18.j,Human Reliability Analysis (HRA) - PRA Interfaces,Power Reactor,5 - Power-reactor engineering and NRC licensing,SRP Chapters,2029-04-01,2034-06-30,False,"Execution definition complete; task-specific facility, supplier, and final design inputs remain subject to the listed hold points.",100,"Deliver Human Reliability Analysis (HRA) - PRA Interfaces between 2029-04-01 and 2034-06-30 through a controlled sequence of implementation authorization, input/facility readiness, technical execution, independent verification, and downstream handoff. The producing lead is Human Factors Engineer; temporary laboratory, supplier, construction, or regulatory support is purchased only for defined products and acceptance evidence.",PB-TEST-01; PB-WASTE-01,,5,3,2,1,3,3,3,5,2,HP-I1 implementation authorization
P-3.5.k,"Calculation Control, Independent Verification & Records",Power Reactor,5 - Power-reactor engineering and NRC licensing,SRP Chapters,2029-04-01,2033-09-30,False,"Execution definition complete; task-specific facility, supplier, and final design inputs remain subject to the listed hold points.",100,"Deliver Calculation Control, Independent Verification & Records between 2029-04-01 and 2033-09-30 through a controlled sequence of implementation authorization, input/facility readiness, technical execution, independent verification, and downstream handoff. The producing lead is Safety Analysis; temporary laboratory, supplier, construction, or regulatory support is purchased only for defined products and acceptance evidence.",PB-MAT-01; PB-TEST-01,,5,3,2,1,3,3,3,5,2,HP-I1 implementation authorization
P-3.7.j,Cybersecurity Program (10 CFR 73.54; RG 5.71; NEI 08-09),Power Reactor,5 - Power-reactor engineering and NRC licensing,SRP Chapters,2031-10-01,2036-03-31,True,"Execution definition complete; task-specific facility, supplier, and final design inputs remain subject to the listed hold points.",100,"Deliver Cybersecurity Program (10 CFR 73.54; RG 5.71; NEI 08-09) between 2031-10-01 and 2036-03-31 through a controlled sequence of implementation authorization, input/facility readiness, technical execution, independent verification, and downstream handoff. The producing lead is I&C/Digital Engineer; temporary laboratory, supplier, construction, or regulatory support is purchased only for defined products and acceptance evidence.",PB-MCA-01; PB-TEST-01,,5,3,1,1,3,4,3,5,2,HP-I1 implementation authorization
P-3.9.d,Fuel Oil Storage & Transfer (SRP 9.5.4 interface to EDGs),Power Reactor,5 - Power-reactor engineering and NRC licensing,SRP Chapters,2029-10-01,2034-06-30,True,"Execution definition complete; task-specific facility, supplier, and final design inputs remain subject to the listed hold points.",100,"Deliver Fuel Oil Storage & Transfer (SRP 9.5.4 interface to EDGs) between 2029-10-01 and 2034-06-30 through a controlled sequence of implementation authorization, input/facility readiness, technical execution, independent verification, and downstream handoff. The producing lead is Mechanical Engineer; temporary laboratory, supplier, construction, or regulatory support is purchased only for defined products and acceptance evidence.",PB-FP-01; PB-FUEL-01; PB-SUPPLY-01; PB-TEST-01; PB-WASTE-01,,5,4,5,1,3,1,3,5,5,HP-I1 implementation authorization
P-3.19.b,Internal Events (At-Power) PRA Development,Power Reactor,5 - Power-reactor engineering and NRC licensing,SRP Chapters,2029-04-01,2032-09-30,True,"Execution definition complete; task-specific facility, supplier, and final design inputs remain subject to the listed hold points.",100,"Deliver Internal Events (At-Power) PRA Development between 2029-04-01 and 2032-09-30 through a controlled sequence of implementation authorization, input/facility readiness, technical execution, independent verification, and downstream handoff. The producing lead is PRA/Risk Engineer; temporary laboratory, supplier, construction, or regulatory support is purchased only for defined products and acceptance evidence.",PB-MAT-01; PB-TEST-01,,5,3,2,1,3,3,3,5,2,HP-I1 implementation authorization
P-3.3.b,"SSI Models, Foundation Motions & ISRS Generation",Power Reactor,5 - Power-reactor engineering and NRC licensing,SRP Chapters,2029-04-01,2031-12-30,False,"Execution definition complete; task-specific facility, supplier, and final design inputs remain subject to the listed hold points.",100,"Deliver SSI Models, Foundation Motions & ISRS Generation between 2029-04-01 and 2031-12-30 through a controlled sequence of implementation authorization, input/facility readiness, technical execution, independent verification, and downstream handoff. The producing lead is Civil/Structural Engineer; temporary laboratory, supplier, construction, or regulatory support is purchased only for defined products and acceptance evidence.",PB-MAT-01; PB-TEST-01,,5,3,2,1,3,3,3,5,2,HP-I1 implementation authorization
P-3.5.b,"Design Transients, Load Combinations & Service Levels",Power Reactor,5 - Power-reactor engineering and NRC licensing,SRP Chapters,2029-10-01,2032-09-30,False,"Execution definition complete; task-specific facility, supplier, and final design inputs remain subject to the listed hold points.",100,"Deliver Design Transients, Load Combinations & Service Levels between 2029-10-01 and 2032-09-30 through a controlled sequence of implementation authorization, input/facility readiness, technical execution, independent verification, and downstream handoff. The producing lead is Thermal-Hydraulics; temporary laboratory, supplier, construction, or regulatory support is purchased only for defined products and acceptance evidence.",PB-CHEM-01; PB-FUEL-01; PB-MAT-01; PB-TEST-01,,5,4,5,1,3,1,3,5,5,HP-I1 implementation authorization
P-3.5.l,FSAR Chapter 5 Drafting & Cross-Chapter Interfaces,Power Reactor,5 - Power-reactor engineering and NRC licensing,SRP Chapters,2029-04-01,2033-09-30,False,"Execution definition complete; task-specific facility, supplier, and final design inputs remain subject to the listed hold points.",100,"Deliver FSAR Chapter 5 Drafting & Cross-Chapter Interfaces between 2029-04-01 and 2033-09-30 through a controlled sequence of implementation authorization, input/facility readiness, technical execution, independent verification, and downstream handoff. The producing lead is Licensing Engineer; temporary laboratory, supplier, construction, or regulatory support is purchased only for defined products and acceptance evidence.",PB-FP-01; PB-MAT-01; PB-TEST-01,,5,3,5,1,3,1,3,5,3,HP-I1 implementation authorization
P-1.j,Federal/State/Tribal Consultations & Environmental Permitting,Power Reactor,5 - Power-reactor engineering and NRC licensing,Site & NEPA,2029-07-01,2032-03-30,True,"Execution definition complete; task-specific facility, supplier, and final design inputs remain subject to the listed hold points.",100,"Deliver Federal/State/Tribal Consultations & Environmental Permitting between 2029-07-01 and 2032-03-30 through a controlled sequence of implementation authorization, input/facility readiness, technical execution, independent verification, and downstream handoff. The producing lead is Environmental/Siting; temporary laboratory, supplier, construction, or regulatory support is purchased only for defined products and acceptance evidence.",PB-TEST-01,,5,3,5,1,3,1,3,5,2,HP-I1 implementation authorization
P-3.1.d,ITAAC Summary & COL Action Items,Power Reactor,5 - Power-reactor engineering and NRC licensing,SRP Chapters,2030-01-01,2031-12-31,False,"Execution definition complete; task-specific facility, supplier, and final design inputs remain subject to the listed hold points.",100,"Deliver ITAAC Summary & COL Action Items between 2030-01-01 and 2031-12-31 through a controlled sequence of implementation authorization, input/facility readiness, technical execution, independent verification, and downstream handoff. The producing lead is Chief Engineer; temporary laboratory, supplier, construction, or regulatory support is purchased only for defined products and acceptance evidence.",PB-MCA-01; PB-TEST-01,,5,3,5,1,3,1,3,5,2,HP-I1 implementation authorization
P-3.19.o,FSAR Chapter 19 Authoring & Records,Power Reactor,5 - Power-reactor engineering and NRC licensing,SRP Chapters,2029-04-01,2034-06-30,True,"Execution definition complete; task-specific facility, supplier, and final design inputs remain subject to the listed hold points.",100,"Deliver FSAR Chapter 19 Authoring & Records between 2029-04-01 and 2034-06-30 through a controlled sequence of implementation authorization, input/facility readiness, technical execution, independent verification, and downstream handoff. The producing lead is Licensing Engineer; temporary laboratory, supplier, construction, or regulatory support is purchased only for defined products and acceptance evidence.",PB-MAT-01; PB-TEST-01,,5,3,2,1,3,3,3,5,2,HP-I1 implementation authorization
P-3.4.d,Thermal-Hydraulic Analysis of Normal & AOO Conditions,Power Reactor,5 - Power-reactor engineering and NRC licensing,SRP Chapters,2029-04-01,2032-03-30,True,"Execution definition complete; task-specific facility, supplier, and final design inputs remain subject to the listed hold points.",100,"Deliver Thermal-Hydraulic Analysis of Normal & AOO Conditions between 2029-04-01 and 2032-03-30 through a controlled sequence of implementation authorization, input/facility readiness, technical execution, independent verification, and downstream handoff. The producing lead is Fuel/Materials Engineer; temporary laboratory, supplier, construction, or regulatory support is purchased only for defined products and acceptance evidence.",PB-CHEM-01; PB-FP-01; PB-FUEL-01; PB-MAT-01; PB-TEST-01,,5,4,2,1,3,3,3,5,5,HP-I1 implementation authorization
P-3.6.h,Appendix J Leakage Testing Program (Type A/B/C),Power Reactor,5 - Power-reactor engineering and NRC licensing,SRP Chapters,2030-01-01,2033-09-30,False,"Execution definition complete; task-specific facility, supplier, and final design inputs remain subject to the listed hold points.",100,"Deliver Appendix J Leakage Testing Program (Type A/B/C) between 2030-01-01 and 2033-09-30 through a controlled sequence of implementation authorization, input/facility readiness, technical execution, independent verification, and downstream handoff. The producing lead is Safety Analysis; temporary laboratory, supplier, construction, or regulatory support is purchased only for defined products and acceptance evidence.",PB-CHEM-01; PB-TEST-01,,6,4,5,1,3,4,3,5,3,HP-I1 implementation authorization
P-3.7.b,Independence & Isolation Analysis (IEEE 384),Power Reactor,5 - Power-reactor engineering and NRC licensing,SRP Chapters,2029-04-01,2032-03-30,True,"Execution definition complete; task-specific facility, supplier, and final design inputs remain subject to the listed hold points.",100,"Deliver Independence & Isolation Analysis (IEEE 384) between 2029-04-01 and 2032-03-30 through a controlled sequence of implementation authorization, input/facility readiness, technical execution, independent verification, and downstream handoff. The producing lead is I&C/Digital Engineer; temporary laboratory, supplier, construction, or regulatory support is purchased only for defined products and acceptance evidence.",PB-MCA-01; PB-TEST-01,,5,3,2,1,3,3,3,5,2,HP-I1 implementation authorization
P-3.7.l,HSI/HFE & PAM Interfaces (NUREG-0711 / RG 1.97),Power Reactor,5 - Power-reactor engineering and NRC licensing,SRP Chapters,2031-10-01,2036-06-30,True,"Execution definition complete; task-specific facility, supplier, and final design inputs remain subject to the listed hold points.",100,"Deliver HSI/HFE & PAM Interfaces (NUREG-0711 / RG 1.97) between 2031-10-01 and 2036-06-30 through a controlled sequence of implementation authorization, input/facility readiness, technical execution, independent verification, and downstream handoff. The producing lead is I&C/Digital Engineer; temporary laboratory, supplier, construction, or regulatory support is purchased only for defined products and acceptance evidence.",PB-MCA-01; PB-TEST-01,,5,3,1,1,3,4,3,5,2,HP-I1 implementation authorization
P-3.10.a,System Architecture & Boundaries,Power Reactor,5 - Power-reactor engineering and NRC licensing,SRP Chapters,2030-01-01,2031-12-31,False,"Execution definition complete; task-specific facility, supplier, and final design inputs remain subject to the listed hold points.",100,"Deliver System Architecture & Boundaries between 2030-01-01 and 2031-12-31 through a controlled sequence of implementation authorization, input/facility readiness, technical execution, independent verification, and downstream handoff. The producing lead is Mechanical Engineer; temporary laboratory, supplier, construction, or regulatory support is purchased only for defined products and acceptance evidence.",PB-CHEM-01; PB-MAT-01; PB-SUPPLY-01; PB-TEST-01,,5,4,5,2,3,1,3,5,4,HP-I1 implementation authorization
P-3.11.a,Source Term Definition & Process Flow Mapping,Power Reactor,5 - Power-reactor engineering and NRC licensing,SRP Chapters,2029-07-01,2031-12-30,False,"Execution definition complete; task-specific facility, supplier, and final design inputs remain subject to the listed hold points.",100,"Deliver Source Term Definition & Process Flow Mapping between 2029-07-01 and 2031-12-30 through a controlled sequence of implementation authorization, input/facility readiness, technical execution, independent verification, and downstream handoff. The producing lead is Radiation Protection/Chemistry; temporary laboratory, supplier, construction, or regulatory support is purchased only for defined products and acceptance evidence.",PB-FP-01; PB-MAT-01; PB-SUPPLY-01; PB-TEST-01; PB-WASTE-01,,5,4,2,1,3,3,3,5,3,HP-I1 implementation authorization
P-3.12.a,Source Term & Operating Scenarios (Normal/Refueling/Maintenance),Power Reactor,5 - Power-reactor engineering and NRC licensing,SRP Chapters,2032-01-01,2035-06-30,True,"Execution definition complete; task-specific facility, supplier, and final design inputs remain subject to the listed hold points.",100,"Deliver Source Term & Operating Scenarios (Normal/Refueling/Maintenance) between 2032-01-01 and 2035-06-30 through a controlled sequence of implementation authorization, input/facility readiness, technical execution, independent verification, and downstream handoff. The producing lead is Radiation Protection/Chemistry; temporary laboratory, supplier, construction, or regulatory support is purchased only for defined products and acceptance evidence.",PB-CHEM-01; PB-FP-01; PB-FUEL-01; PB-MAT-01; PB-TEST-01,,5,4,2,1,3,3,3,5,5,HP-I1 implementation authorization
P-3.15.l,"FSAR Chapter 15 Authoring, Peer Review & Records",Power Reactor,5 - Power-reactor engineering and NRC licensing,SRP Chapters,2029-07-01,2033-12-30,True,"Execution definition complete; task-specific facility, supplier, and final design inputs remain subject to the listed hold points.",100,"Deliver FSAR Chapter 15 Authoring, Peer Review & Records between 2029-07-01 and 2033-12-30 through a controlled sequence of implementation authorization, input/facility readiness, technical execution, independent verification, and downstream handoff. The producing lead is Licensing Engineer; temporary laboratory, supplier, construction, or regulatory support is purchased only for defined products and acceptance evidence.",PB-FP-01; PB-TEST-01,,5,3,2,1,3,3,3,5,3,HP-I1 implementation authorization
P-3.3.c,Nuclear Concrete Design (ACI 349) & Foundations,Power Reactor,5 - Power-reactor engineering and NRC licensing,SRP Chapters,2030-01-01,2032-06-30,False,"Execution definition complete; task-specific facility, supplier, and final design inputs remain subject to the listed hold points.",100,"Deliver Nuclear Concrete Design (ACI 349) & Foundations between 2030-01-01 and 2032-06-30 through a controlled sequence of implementation authorization, input/facility readiness, technical execution, independent verification, and downstream handoff. The producing lead is Civil/Structural Engineer; temporary laboratory, supplier, construction, or regulatory support is purchased only for defined products and acceptance evidence.",PB-MAT-01; PB-TEST-01,,5,3,5,1,3,1,3,5,2,HP-I1 implementation authorization
P-3.6.i,Post-Accident Monitoring (PAM) per RG 1.97,Power Reactor,5 - Power-reactor engineering and NRC licensing,SRP Chapters,2029-07-01,2033-09-30,False,"Execution definition complete; task-specific facility, supplier, and final design inputs remain subject to the listed hold points.",100,"Deliver Post-Accident Monitoring (PAM) per RG 1.97 between 2029-07-01 and 2033-09-30 through a controlled sequence of implementation authorization, input/facility readiness, technical execution, independent verification, and downstream handoff. The producing lead is Safety Analysis; temporary laboratory, supplier, construction, or regulatory support is purchased only for defined products and acceptance evidence.",PB-CHEM-01; PB-TEST-01,,5,3,2,1,3,3,3,5,3,HP-I1 implementation authorization
P-3.7.m,"FSAR Chapter 7 Drafting, Reviews & Records",Power Reactor,5 - Power-reactor engineering and NRC licensing,SRP Chapters,2029-07-01,2033-09-30,True,"Execution definition complete; task-specific facility, supplier, and final design inputs remain subject to the listed hold points.",100,"Deliver FSAR Chapter 7 Drafting, Reviews & Records between 2029-07-01 and 2033-09-30 through a controlled sequence of implementation authorization, input/facility readiness, technical execution, independent verification, and downstream handoff. The producing lead is Licensing Engineer; temporary laboratory, supplier, construction, or regulatory support is purchased only for defined products and acceptance evidence.",PB-MCA-01; PB-TEST-01,,5,3,5,1,3,1,3,5,2,HP-I1 implementation authorization
P-3.9.f,Liquid & Gaseous Radwaste (SRP 11 interface; RG 1.143; 10 CFR 20/50.34a/61/71),Power Reactor,5 - Power-reactor engineering and NRC licensing,SRP Chapters,2030-01-01,2034-06-30,False,"Execution definition complete; task-specific facility, supplier, and final design inputs remain subject to the listed hold points.",100,"Deliver Liquid & Gaseous Radwaste (SRP 11 interface; RG 1.143; 10 CFR 20/50.34a/61/71) between 2030-01-01 and 2034-06-30 through a controlled sequence of implementation authorization, input/facility readiness, technical execution, independent verification, and downstream handoff. The producing lead is Mechanical Engineer; temporary laboratory, supplier, construction, or regulatory support is purchased only for defined products and acceptance evidence.",PB-FP-01; PB-MAT-01; PB-SUPPLY-01; PB-TEST-01; PB-WASTE-01,,5,3,5,1,3,1,3,5,3,HP-I1 implementation authorization
P-PKG-04,Manufacturing Facility and Production Tooling,Power Reactor,5 - Power-reactor engineering and NRC licensing,Power Reactor Implementation Packages,2030-01-01,2034-06-30,True,"Execution definition complete; task-specific facility, supplier, and final design inputs remain subject to the listed hold points.",100,"Deliver Manufacturing Facility and Production Tooling between 2030-01-01 and 2034-06-30 through a controlled sequence of implementation authorization, input/facility readiness, technical execution, independent verification, and downstream handoff. The producing lead is Construction Manager; temporary laboratory, supplier, construction, or regulatory support is purchased only for defined products and acceptance evidence.",PB-MAT-01; PB-SUPPLY-01; PB-TEST-01,,5,3,5,1,3,4,4,5,2,HP-I1 implementation authorization
P-RESERVE,Power Reactor Program Reserve and Scope Contingency,Power Reactor,5 - Power-reactor engineering and NRC licensing,Program Reserve,2030-01-01,2035-03-31,False,"Execution definition complete; task-specific facility, supplier, and final design inputs remain subject to the listed hold points.",100,"Deliver Power Reactor Program Reserve and Scope Contingency between 2030-01-01 and 2035-03-31 through a controlled sequence of implementation authorization, input/facility readiness, technical execution, independent verification, and downstream handoff. The producing lead is Responsible Discipline Lead; temporary laboratory, supplier, construction, or regulatory support is purchased only for defined products and acceptance evidence.",PB-TEST-01,,5,3,5,1,3,1,3,5,2,HP-I1 implementation authorization
P-3.1.e,Graphics & Tables: General Arrangement and Block Diagrams,Power Reactor,5 - Power-reactor engineering and NRC licensing,SRP Chapters,2030-01-01,2031-12-31,False,"Execution definition complete; task-specific facility, supplier, and final design inputs remain subject to the listed hold points.",100,"Deliver Graphics & Tables: General Arrangement and Block Diagrams between 2030-01-01 and 2031-12-31 through a controlled sequence of implementation authorization, input/facility readiness, technical execution, independent verification, and downstream handoff. The producing lead is Chief Engineer; temporary laboratory, supplier, construction, or regulatory support is purchased only for defined products and acceptance evidence.",PB-TEST-01,,5,3,5,1,3,1,3,5,2,HP-I1 implementation authorization
P-3.18.b,Operating Experience Review (OER),Power Reactor,5 - Power-reactor engineering and NRC licensing,SRP Chapters,2030-01-01,2032-09-30,False,"Execution definition complete; task-specific facility, supplier, and final design inputs remain subject to the listed hold points.",100,"Deliver Operating Experience Review (OER) between 2030-01-01 and 2032-09-30 through a controlled sequence of implementation authorization, input/facility readiness, technical execution, independent verification, and downstream handoff. The producing lead is Human Factors Engineer; temporary laboratory, supplier, construction, or regulatory support is purchased only for defined products and acceptance evidence.",PB-TEST-01; PB-WASTE-01,,5,3,5,1,3,1,3,5,2,HP-I1 implementation authorization
P-3.19.c,Internal Fire PRA (NFPA 805/Non-805 Plants),Power Reactor,5 - Power-reactor engineering and NRC licensing,SRP Chapters,2029-07-01,2032-12-30,True,"Execution definition complete; task-specific facility, supplier, and final design inputs remain subject to the listed hold points.",100,"Deliver Internal Fire PRA (NFPA 805/Non-805 Plants) between 2029-07-01 and 2032-12-30 through a controlled sequence of implementation authorization, input/facility readiness, technical execution, independent verification, and downstream handoff. The producing lead is PRA/Risk Engineer; temporary laboratory, supplier, construction, or regulatory support is purchased only for defined products and acceptance evidence.",PB-MAT-01; PB-TEST-01,,5,3,2,1,3,3,3,5,2,HP-I1 implementation authorization
P-3.5.c,ASME III NB Design-by-Analysis (Vessels & Major Components),Power Reactor,5 - Power-reactor engineering and NRC licensing,SRP Chapters,2030-01-01,2032-06-30,False,"Execution definition complete; task-specific facility, supplier, and final design inputs remain subject to the listed hold points.",100,"Deliver ASME III NB Design-by-Analysis (Vessels & Major Components) between 2030-01-01 and 2032-06-30 through a controlled sequence of implementation authorization, input/facility readiness, technical execution, independent verification, and downstream handoff. The producing lead is Safety Analysis; temporary laboratory, supplier, construction, or regulatory support is purchased only for defined products and acceptance evidence.",PB-MAT-01; PB-TEST-01,,5,3,5,1,3,1,3,5,2,HP-I1 implementation authorization
P-3.6.a,ECCS Evaluation Model & Acceptance Criteria,Power Reactor,5 - Power-reactor engineering and NRC licensing,SRP Chapters,2029-07-01,2032-03-30,False,"Execution definition complete; task-specific facility, supplier, and final design inputs remain subject to the listed hold points.",100,"Deliver ECCS Evaluation Model & Acceptance Criteria between 2029-07-01 and 2032-03-30 through a controlled sequence of implementation authorization, input/facility readiness, technical execution, independent verification, and downstream handoff. The producing lead is Thermal-Hydraulics; temporary laboratory, supplier, construction, or regulatory support is purchased only for defined products and acceptance evidence.",PB-CHEM-01; PB-FUEL-01; PB-TEST-01,,5,4,2,1,3,3,3,5,5,HP-I1 implementation authorization
P-3.3.d,Nuclear Steel Design (AISC N690) & Steel Framing,Power Reactor,5 - Power-reactor engineering and NRC licensing,SRP Chapters,2030-01-01,2032-06-30,False,"Execution definition complete; task-specific facility, supplier, and final design inputs remain subject to the listed hold points.",100,"Deliver Nuclear Steel Design (AISC N690) & Steel Framing between 2030-01-01 and 2032-06-30 through a controlled sequence of implementation authorization, input/facility readiness, technical execution, independent verification, and downstream handoff. The producing lead is Civil/Structural Engineer; temporary laboratory, supplier, construction, or regulatory support is purchased only for defined products and acceptance evidence.",PB-MAT-01; PB-TEST-01,,5,3,5,1,3,1,3,5,2,HP-I1 implementation authorization
P-3.6.j,Radiological Consequences & Control Room Habitability Interfaces,Power Reactor,5 - Power-reactor engineering and NRC licensing,SRP Chapters,2030-01-01,2033-12-31,False,"Execution definition complete; task-specific facility, supplier, and final design inputs remain subject to the listed hold points.",100,"Deliver Radiological Consequences & Control Room Habitability Interfaces between 2030-01-01 and 2033-12-31 through a controlled sequence of implementation authorization, input/facility readiness, technical execution, independent verification, and downstream handoff. The producing lead is Safety Analysis; temporary laboratory, supplier, construction, or regulatory support is purchased only for defined products and acceptance evidence.",PB-CHEM-01; PB-TEST-01,,5,3,5,1,3,1,3,5,3,HP-I1 implementation authorization
P-3.7.c,Single Failure Criterion Demonstration (IEEE 379),Power Reactor,5 - Power-reactor engineering and NRC licensing,SRP Chapters,2029-07-01,2032-06-30,True,"Execution definition complete; task-specific facility, supplier, and final design inputs remain subject to the listed hold points.",100,"Deliver Single Failure Criterion Demonstration (IEEE 379) between 2029-07-01 and 2032-06-30 through a controlled sequence of implementation authorization, input/facility readiness, technical execution, independent verification, and downstream handoff. The producing lead is I&C/Digital Engineer; temporary laboratory, supplier, construction, or regulatory support is purchased only for defined products and acceptance evidence.",PB-MCA-01; PB-TEST-01,,5,3,2,1,3,3,3,5,2,HP-I1 implementation authorization
P-3.8.a,Offsite Power & Grid Interconnection (GDC 17),Power Reactor,5 - Power-reactor engineering and NRC licensing,SRP Chapters,2030-01-01,2032-06-30,False,"Execution definition complete; task-specific facility, supplier, and final design inputs remain subject to the listed hold points.",100,"Deliver Offsite Power & Grid Interconnection (GDC 17) between 2030-01-01 and 2032-06-30 through a controlled sequence of implementation authorization, input/facility readiness, technical execution, independent verification, and downstream handoff. The producing lead is Electrical Engineer; temporary laboratory, supplier, construction, or regulatory support is purchased only for defined products and acceptance evidence.",PB-CHEM-01; PB-TEST-01,,5,3,5,1,3,1,3,5,3,HP-I1 implementation authorization
P-3.9.a,HVAC & Air Cleaning (SRP 9.4; RG 1.52/ASME AG-1),Power Reactor,5 - Power-reactor engineering and NRC licensing,SRP Chapters,2030-01-01,2032-06-30,False,"Execution definition complete; task-specific facility, supplier, and final design inputs remain subject to the listed hold points.",100,"Deliver HVAC & Air Cleaning (SRP 9.4; RG 1.52/ASME AG-1) between 2030-01-01 and 2032-06-30 through a controlled sequence of implementation authorization, input/facility readiness, technical execution, independent verification, and downstream handoff. The producing lead is Mechanical Engineer; temporary laboratory, supplier, construction, or regulatory support is purchased only for defined products and acceptance evidence.",PB-FP-01; PB-SUPPLY-01; PB-TEST-01; PB-WASTE-01,,5,3,5,1,3,1,3,5,3,HP-I1 implementation authorization
P-3.11.d,Effluent Monitoring & Sampling (PERM/RMS),Power Reactor,5 - Power-reactor engineering and NRC licensing,SRP Chapters,2030-04-01,2033-12-31,False,"Execution definition complete; task-specific facility, supplier, and final design inputs remain subject to the listed hold points.",100,"Deliver Effluent Monitoring & Sampling (PERM/RMS) between 2030-04-01 and 2033-12-31 through a controlled sequence of implementation authorization, input/facility readiness, technical execution, independent verification, and downstream handoff. The producing lead is Radiation Protection/Chemistry; temporary laboratory, supplier, construction, or regulatory support is purchased only for defined products and acceptance evidence.",PB-CHEM-01; PB-FP-01; PB-MAT-01; PB-SUPPLY-01; PB-TEST-01; PB-WASTE-01,,5,4,5,2,3,1,4,5,3,HP-I1 implementation authorization
P-3.12.d,Airborne Radioactivity Control & HVAC Interfaces,Power Reactor,5 - Power-reactor engineering and NRC licensing,SRP Chapters,2030-04-01,2033-12-31,False,"Execution definition complete; task-specific facility, supplier, and final design inputs remain subject to the listed hold points.",100,"Deliver Airborne Radioactivity Control & HVAC Interfaces between 2030-04-01 and 2033-12-31 through a controlled sequence of implementation authorization, input/facility readiness, technical execution, independent verification, and downstream handoff. The producing lead is Radiation Protection/Chemistry; temporary laboratory, supplier, construction, or regulatory support is purchased only for defined products and acceptance evidence.",PB-CHEM-01; PB-FP-01; PB-FUEL-01; PB-MAT-01; PB-TEST-01,,5,4,5,2,3,1,4,5,5,HP-I1 implementation authorization
P-3.15.c,"Initial Conditions, Bias/Uncertainty & Parameter Distributions",Power Reactor,5 - Power-reactor engineering and NRC licensing,SRP Chapters,2029-07-01,2032-06-30,True,"Execution definition complete; task-specific facility, supplier, and final design inputs remain subject to the listed hold points.",100,"Deliver Initial Conditions, Bias/Uncertainty & Parameter Distributions between 2029-07-01 and 2032-06-30 through a controlled sequence of implementation authorization, input/facility readiness, technical execution, independent verification, and downstream handoff. The producing lead is Safety Analysis; temporary laboratory, supplier, construction, or regulatory support is purchased only for defined products and acceptance evidence.",PB-FP-01; PB-TEST-01,,5,3,2,1,3,3,3,5,3,HP-I1 implementation authorization
P-3.4.e,Accident & Faulted Condition Evaluations (tech-dependent),Power Reactor,5 - Power-reactor engineering and NRC licensing,SRP Chapters,2029-07-01,2032-09-30,True,"Execution definition complete; task-specific facility, supplier, and final design inputs remain subject to the listed hold points.",100,"Deliver Accident & Faulted Condition Evaluations (tech-dependent) between 2029-07-01 and 2032-09-30 through a controlled sequence of implementation authorization, input/facility readiness, technical execution, independent verification, and downstream handoff. The producing lead is Fuel/Materials Engineer; temporary laboratory, supplier, construction, or regulatory support is purchased only for defined products and acceptance evidence.",PB-FP-01; PB-FUEL-01; PB-MAT-01; PB-SUPPLY-01; PB-TEST-01,,5,4,2,2,3,3,3,5,6,HP-I1 implementation authorization
P-3.6.k,"Interface to EQ, Structural & Setpoint Programs",Power Reactor,5 - Power-reactor engineering and NRC licensing,SRP Chapters,2030-04-01,2034-03-31,False,"Execution definition complete; task-specific facility, supplier, and final design inputs remain subject to the listed hold points.",100,"Deliver Interface to EQ, Structural & Setpoint Programs between 2030-04-01 and 2034-03-31 through a controlled sequence of implementation authorization, input/facility readiness, technical execution, independent verification, and downstream handoff. The producing lead is Safety Analysis; temporary laboratory, supplier, construction, or regulatory support is purchased only for defined products and acceptance evidence.",PB-CHEM-01; PB-TEST-01,,5,3,5,1,3,1,3,5,3,HP-I1 implementation authorization
P-3.8.h,"Independence, Separation Audits & Class 1E Qualification",Power Reactor,5 - Power-reactor engineering and NRC licensing,SRP Chapters,2030-04-01,2034-03-31,False,"Execution definition complete; task-specific facility, supplier, and final design inputs remain subject to the listed hold points.",100,"Deliver Independence, Separation Audits & Class 1E Qualification between 2030-04-01 and 2034-03-31 through a controlled sequence of implementation authorization, input/facility readiness, technical execution, independent verification, and downstream handoff. The producing lead is Quality Assurance; temporary laboratory, supplier, construction, or regulatory support is purchased only for defined products and acceptance evidence.",PB-SUPPLY-01; PB-TEST-01,,5,3,5,1,3,1,3,5,2,HP-I1 implementation authorization
P-3.9.h,"Failure Effects, Interlocks, and Technical Specification Interfaces",Power Reactor,5 - Power-reactor engineering and NRC licensing,SRP Chapters,2030-04-01,2034-03-31,False,"Execution definition complete; task-specific facility, supplier, and final design inputs remain subject to the listed hold points.",100,"Deliver Failure Effects, Interlocks, and Technical Specification Interfaces between 2030-04-01 and 2034-03-31 through a controlled sequence of implementation authorization, input/facility readiness, technical execution, independent verification, and downstream handoff. The producing lead is Mechanical Engineer; temporary laboratory, supplier, construction, or regulatory support is purchased only for defined products and acceptance evidence.",PB-FP-01; PB-SUPPLY-01; PB-TEST-01; PB-WASTE-01,,5,3,5,1,3,1,3,5,3,HP-I1 implementation authorization
P-3.1.f,Cross-Chapter Consistency & Parameter Reconciliation,Power Reactor,5 - Power-reactor engineering and NRC licensing,SRP Chapters,2030-04-01,2032-03-31,False,"Execution definition complete; task-specific facility, supplier, and final design inputs remain subject to the listed hold points.",100,"Deliver Cross-Chapter Consistency & Parameter Reconciliation between 2030-04-01 and 2032-03-31 through a controlled sequence of implementation authorization, input/facility readiness, technical execution, independent verification, and downstream handoff. The producing lead is Chief Engineer; temporary laboratory, supplier, construction, or regulatory support is purchased only for defined products and acceptance evidence.",PB-TEST-01,,5,3,5,1,3,1,3,5,2,HP-I1 implementation authorization
P-3.12.e,Area/Process Radiation Monitoring & Instrumentation,Power Reactor,5 - Power-reactor engineering and NRC licensing,SRP Chapters,2030-04-01,2034-03-31,False,"Execution definition complete; task-specific facility, supplier, and final design inputs remain subject to the listed hold points.",100,"Deliver Area/Process Radiation Monitoring & Instrumentation between 2030-04-01 and 2034-03-31 through a controlled sequence of implementation authorization, input/facility readiness, technical execution, independent verification, and downstream handoff. The producing lead is Radiation Protection/Chemistry; temporary laboratory, supplier, construction, or regulatory support is purchased only for defined products and acceptance evidence.",PB-CHEM-01; PB-FUEL-01; PB-MAT-01; PB-TEST-01,,5,4,5,1,3,1,3,5,5,HP-I1 implementation authorization
P-3.5.d,ASME III Piping Stress & Fatigue (Class 1) with Nozzle Loads,Power Reactor,5 - Power-reactor engineering and NRC licensing,SRP Chapters,2030-04-01,2032-09-30,False,"Execution definition complete; task-specific facility, supplier, and final design inputs remain subject to the listed hold points.",100,"Deliver ASME III Piping Stress & Fatigue (Class 1) with Nozzle Loads between 2030-04-01 and 2032-09-30 through a controlled sequence of implementation authorization, input/facility readiness, technical execution, independent verification, and downstream handoff. The producing lead is Safety Analysis; temporary laboratory, supplier, construction, or regulatory support is purchased only for defined products and acceptance evidence.",PB-MAT-01; PB-TEST-01,,5,3,5,1,3,1,3,5,2,HP-I1 implementation authorization
P-3.6.b,Short-Term ECCS Performance (Reflood/Refill/Cooling),Power Reactor,5 - Power-reactor engineering and NRC licensing,SRP Chapters,2029-10-01,2032-06-30,False,"Execution definition complete; task-specific facility, supplier, and final design inputs remain subject to the listed hold points.",100,"Deliver Short-Term ECCS Performance (Reflood/Refill/Cooling) between 2029-10-01 and 2032-06-30 through a controlled sequence of implementation authorization, input/facility readiness, technical execution, independent verification, and downstream handoff. The producing lead is Thermal-Hydraulics; temporary laboratory, supplier, construction, or regulatory support is purchased only for defined products and acceptance evidence.",PB-CHEM-01; PB-FUEL-01; PB-TEST-01,,5,4,2,1,3,3,3,5,5,HP-I1 implementation authorization
P-3.6.l,"FSAR Chapter 6 Authoring, QA Reviews & Records",Power Reactor,5 - Power-reactor engineering and NRC licensing,SRP Chapters,2029-10-01,2033-12-30,False,"Execution definition complete; task-specific facility, supplier, and final design inputs remain subject to the listed hold points.",100,"Deliver FSAR Chapter 6 Authoring, QA Reviews & Records between 2029-10-01 and 2033-12-30 through a controlled sequence of implementation authorization, input/facility readiness, technical execution, independent verification, and downstream handoff. The producing lead is Licensing Engineer; temporary laboratory, supplier, construction, or regulatory support is purchased only for defined products and acceptance evidence.",PB-CHEM-01; PB-TEST-01,,5,3,5,1,3,1,3,5,3,HP-I1 implementation authorization
P-3.10.g,"Condenser, Vacuum & Heat Rejection Interfaces",Power Reactor,5 - Power-reactor engineering and NRC licensing,SRP Chapters,2030-04-01,2033-12-31,False,"Execution definition complete; task-specific facility, supplier, and final design inputs remain subject to the listed hold points.",100,"Deliver Condenser, Vacuum & Heat Rejection Interfaces between 2030-04-01 and 2033-12-31 through a controlled sequence of implementation authorization, input/facility readiness, technical execution, independent verification, and downstream handoff. The producing lead is Mechanical Engineer; temporary laboratory, supplier, construction, or regulatory support is purchased only for defined products and acceptance evidence.",PB-CHEM-01; PB-FP-01; PB-FUEL-01; PB-MAT-01; PB-TEST-01,,5,4,5,1,3,1,3,5,5,HP-I1 implementation authorization
P-3.19.d,Internal Flood PRA,Power Reactor,5 - Power-reactor engineering and NRC licensing,SRP Chapters,2029-10-01,2033-06-30,True,"Execution definition complete; task-specific facility, supplier, and final design inputs remain subject to the listed hold points.",100,"Deliver Internal Flood PRA between 2029-10-01 and 2033-06-30 through a controlled sequence of implementation authorization, input/facility readiness, technical execution, independent verification, and downstream handoff. The producing lead is PRA/Risk Engineer; temporary laboratory, supplier, construction, or regulatory support is purchased only for defined products and acceptance evidence.",PB-MAT-01; PB-TEST-01,,5,3,2,1,3,3,3,5,2,HP-I1 implementation authorization
P-3.2.j,FSAR Chapter 2 Drafting & NRC Interaction,Power Reactor,5 - Power-reactor engineering and NRC licensing,SRP Chapters,2029-10-01,2031-12-30,False,"Execution definition complete; task-specific facility, supplier, and final design inputs remain subject to the listed hold points.",100,"Deliver FSAR Chapter 2 Drafting & NRC Interaction between 2029-10-01 and 2031-12-30 through a controlled sequence of implementation authorization, input/facility readiness, technical execution, independent verification, and downstream handoff. The producing lead is Licensing Engineer; temporary laboratory, supplier, construction, or regulatory support is purchased only for defined products and acceptance evidence.",PB-TEST-01,,5,3,5,1,3,1,3,5,2,HP-I1 implementation authorization
P-3.3.e,"ASME Section III Pressure Boundary Design (Vessels, Heat Exchangers)",Power Reactor,5 - Power-reactor engineering and NRC licensing,SRP Chapters,2030-04-01,2032-12-31,False,"Execution definition complete; task-specific facility, supplier, and final design inputs remain subject to the listed hold points.",100,"Deliver ASME Section III Pressure Boundary Design (Vessels, Heat Exchangers) between 2030-04-01 and 2032-12-31 through a controlled sequence of implementation authorization, input/facility readiness, technical execution, independent verification, and downstream handoff. The producing lead is Mechanical Engineer; temporary laboratory, supplier, construction, or regulatory support is purchased only for defined products and acceptance evidence.",PB-CHEM-01; PB-FUEL-01; PB-TEST-01,,5,4,5,1,3,1,3,5,5,HP-I1 implementation authorization
P-3.7.d,Setpoint Methodology & Uncertainty (RG 1.105),Power Reactor,5 - Power-reactor engineering and NRC licensing,SRP Chapters,2029-10-01,2032-09-30,True,"Execution definition complete; task-specific facility, supplier, and final design inputs remain subject to the listed hold points.",100,"Deliver Setpoint Methodology & Uncertainty (RG 1.105) between 2029-10-01 and 2032-09-30 through a controlled sequence of implementation authorization, input/facility readiness, technical execution, independent verification, and downstream handoff. The producing lead is I&C/Digital Engineer; temporary laboratory, supplier, construction, or regulatory support is purchased only for defined products and acceptance evidence.",PB-MCA-01; PB-TEST-01,,5,3,2,1,3,3,3,5,2,HP-I1 implementation authorization
P-3.9.i,"P&IDs, SDDs, Calculations & Records (Configuration Control)",Power Reactor,5 - Power-reactor engineering and NRC licensing,SRP Chapters,2029-10-01,2034-03-30,False,"Execution definition complete; task-specific facility, supplier, and final design inputs remain subject to the listed hold points.",100,"Deliver P&IDs, SDDs, Calculations & Records (Configuration Control) between 2029-10-01 and 2034-03-30 through a controlled sequence of implementation authorization, input/facility readiness, technical execution, independent verification, and downstream handoff. The producing lead is Mechanical Engineer; temporary laboratory, supplier, construction, or regulatory support is purchased only for defined products and acceptance evidence.",PB-FP-01; PB-SUPPLY-01; PB-TEST-01; PB-WASTE-01,,5,3,2,1,3,3,3,5,3,HP-I1 implementation authorization
P-3.11.g,Solid Radwaste Handling & Packaging (Interface to 10 CFR 61/71),Power Reactor,5 - Power-reactor engineering and NRC licensing,SRP Chapters,2030-04-01,2033-12-31,False,"Execution definition complete; task-specific facility, supplier, and final design inputs remain subject to the listed hold points.",100,"Deliver Solid Radwaste Handling & Packaging (Interface to 10 CFR 61/71) between 2030-04-01 and 2033-12-31 through a controlled sequence of implementation authorization, input/facility readiness, technical execution, independent verification, and downstream handoff. The producing lead is Radiation Protection/Chemistry; temporary laboratory, supplier, construction, or regulatory support is purchased only for defined products and acceptance evidence.",PB-CHEM-01; PB-FP-01; PB-MAT-01; PB-SUPPLY-01; PB-TEST-01; PB-WASTE-01,,5,4,5,2,3,1,4,5,3,HP-I1 implementation authorization
P-3.15.d,AOO Transients (Non-LOCA) - Thermal Limit & Fuel Criteria,Power Reactor,5 - Power-reactor engineering and NRC licensing,SRP Chapters,2029-10-01,2032-12-30,True,"Execution definition complete; task-specific facility, supplier, and final design inputs remain subject to the listed hold points.",100,"Deliver AOO Transients (Non-LOCA) - Thermal Limit & Fuel Criteria between 2029-10-01 and 2032-12-30 through a controlled sequence of implementation authorization, input/facility readiness, technical execution, independent verification, and downstream handoff. The producing lead is Thermal-Hydraulics; temporary laboratory, supplier, construction, or regulatory support is purchased only for defined products and acceptance evidence.",PB-CHEM-01; PB-FP-01; PB-FUEL-01; PB-TEST-01,,5,4,2,1,3,3,3,5,5,HP-I1 implementation authorization
P-3.4.f,"Materials, Chemistry & Degradation Mechanisms",Power Reactor,5 - Power-reactor engineering and NRC licensing,SRP Chapters,2029-10-01,2032-12-30,True,"Execution definition complete; task-specific facility, supplier, and final design inputs remain subject to the listed hold points.",100,"Deliver Materials, Chemistry & Degradation Mechanisms between 2029-10-01 and 2032-12-30 through a controlled sequence of implementation authorization, input/facility readiness, technical execution, independent verification, and downstream handoff. The producing lead is Fuel/Materials Engineer; temporary laboratory, supplier, construction, or regulatory support is purchased only for defined products and acceptance evidence.",PB-CHEM-01; PB-FP-01; PB-FUEL-01; PB-MAT-01; PB-SUPPLY-01; PB-TEST-01,,5,4,2,2,3,3,3,5,6,HP-I1 implementation authorization
P-3.5.e,Leak-Before-Break (LBB) / Break Preclusion (if applied),Power Reactor,5 - Power-reactor engineering and NRC licensing,SRP Chapters,2030-04-01,2032-12-31,False,"Execution definition complete; task-specific facility, supplier, and final design inputs remain subject to the listed hold points.",100,"Deliver Leak-Before-Break (LBB) / Break Preclusion (if applied) between 2030-04-01 and 2032-12-31 through a controlled sequence of implementation authorization, input/facility readiness, technical execution, independent verification, and downstream handoff. The producing lead is Safety Analysis; temporary laboratory, supplier, construction, or regulatory support is purchased only for defined products and acceptance evidence.",PB-MAT-01; PB-TEST-01,,5,3,5,1,3,1,3,5,2,HP-I1 implementation authorization
P-3.6.c,Long-Term Core Cooling & Sump/Strainer Performance,Power Reactor,5 - Power-reactor engineering and NRC licensing,SRP Chapters,2029-10-01,2032-09-30,False,"Execution definition complete; task-specific facility, supplier, and final design inputs remain subject to the listed hold points.",100,"Deliver Long-Term Core Cooling & Sump/Strainer Performance between 2029-10-01 and 2032-09-30 through a controlled sequence of implementation authorization, input/facility readiness, technical execution, independent verification, and downstream handoff. The producing lead is Safety Analysis; temporary laboratory, supplier, construction, or regulatory support is purchased only for defined products and acceptance evidence.",PB-CHEM-01; PB-MCA-01; PB-SUPPLY-01; PB-TEST-01,,5,3,2,1,3,1,3,5,3,HP-I1 implementation authorization
P-3.8.b,Onsite AC Power - Class 1E Medium/Low Voltage Distribution,Power Reactor,5 - Power-reactor engineering and NRC licensing,SRP Chapters,2030-04-01,2032-09-30,False,"Execution definition complete; task-specific facility, supplier, and final design inputs remain subject to the listed hold points.",100,"Deliver Onsite AC Power - Class 1E Medium/Low Voltage Distribution between 2030-04-01 and 2032-09-30 through a controlled sequence of implementation authorization, input/facility readiness, technical execution, independent verification, and downstream handoff. The producing lead is Electrical Engineer; temporary laboratory, supplier, construction, or regulatory support is purchased only for defined products and acceptance evidence.",PB-CHEM-01; PB-TEST-01,,5,3,5,1,3,1,3,5,3,HP-I1 implementation authorization
P-3.9.b,Cooling Water Systems (SRP 9.2) - CCW/ECW/SW/UCWS,Power Reactor,5 - Power-reactor engineering and NRC licensing,SRP Chapters,2030-04-01,2032-09-30,False,"Execution definition complete; task-specific facility, supplier, and final design inputs remain subject to the listed hold points.",100,"Deliver Cooling Water Systems (SRP 9.2) - CCW/ECW/SW/UCWS between 2030-04-01 and 2032-09-30 through a controlled sequence of implementation authorization, input/facility readiness, technical execution, independent verification, and downstream handoff. The producing lead is Mechanical Engineer; temporary laboratory, supplier, construction, or regulatory support is purchased only for defined products and acceptance evidence.",PB-FP-01; PB-SUPPLY-01; PB-TEST-01; PB-WASTE-01,,5,3,5,1,3,1,3,5,3,HP-I1 implementation authorization
P-3.10.i,"Controls, Interlocks, Setpoints & Protection Interfaces",Power Reactor,5 - Power-reactor engineering and NRC licensing,SRP Chapters,2030-07-01,2034-03-31,False,"Execution definition complete; task-specific facility, supplier, and final design inputs remain subject to the listed hold points.",100,"Deliver Controls, Interlocks, Setpoints & Protection Interfaces between 2030-07-01 and 2034-03-31 through a controlled sequence of implementation authorization, input/facility readiness, technical execution, independent verification, and downstream handoff. The producing lead is Mechanical Engineer; temporary laboratory, supplier, construction, or regulatory support is purchased only for defined products and acceptance evidence.",PB-MAT-01; PB-TEST-01,,5,3,5,1,3,1,3,5,2,HP-I1 implementation authorization
P-3.11.h,"ALARA, Shielding & Ventilation Interfaces",Power Reactor,5 - Power-reactor engineering and NRC licensing,SRP Chapters,2030-07-01,2033-12-31,False,"Execution definition complete; task-specific facility, supplier, and final design inputs remain subject to the listed hold points.",100,"Deliver ALARA, Shielding & Ventilation Interfaces between 2030-07-01 and 2033-12-31 through a controlled sequence of implementation authorization, input/facility readiness, technical execution, independent verification, and downstream handoff. The producing lead is Radiation Protection/Chemistry; temporary laboratory, supplier, construction, or regulatory support is purchased only for defined products and acceptance evidence.",PB-CHEM-01; PB-FP-01; PB-MAT-01; PB-SUPPLY-01; PB-TEST-01; PB-WASTE-01,,5,4,5,2,3,1,4,5,3,HP-I1 implementation authorization
P-3.18.d,Task Analysis (Normal/Abnormal/Emergency) & TIHA,Power Reactor,5 - Power-reactor engineering and NRC licensing,SRP Chapters,2029-10-01,2033-03-30,False,"Execution definition complete; task-specific facility, supplier, and final design inputs remain subject to the listed hold points.",100,"Deliver Task Analysis (Normal/Abnormal/Emergency) & TIHA between 2029-10-01 and 2033-03-30 through a controlled sequence of implementation authorization, input/facility readiness, technical execution, independent verification, and downstream handoff. The producing lead is Human Factors Engineer; temporary laboratory, supplier, construction, or regulatory support is purchased only for defined products and acceptance evidence.",PB-TEST-01; PB-WASTE-01,,5,3,2,1,3,3,3,5,2,HP-I1 implementation authorization
P-3.3.f,ASME Section III Piping Stress & Support Design,Power Reactor,5 - Power-reactor engineering and NRC licensing,SRP Chapters,2030-07-01,2033-03-31,False,"Execution definition complete; task-specific facility, supplier, and final design inputs remain subject to the listed hold points.",100,"Deliver ASME Section III Piping Stress & Support Design between 2030-07-01 and 2033-03-31 through a controlled sequence of implementation authorization, input/facility readiness, technical execution, independent verification, and downstream handoff. The producing lead is Mechanical Engineer; temporary laboratory, supplier, construction, or regulatory support is purchased only for defined products and acceptance evidence.",PB-MAT-01; PB-SUPPLY-01; PB-TEST-01,,5,4,5,2,3,1,3,5,3,HP-I1 implementation authorization
P-3.10.j,"Materials, Erosion/Corrosion & FAC Program",Power Reactor,5 - Power-reactor engineering and NRC licensing,SRP Chapters,2030-07-01,2034-06-30,False,"Execution definition complete; task-specific facility, supplier, and final design inputs remain subject to the listed hold points.",100,"Deliver Materials, Erosion/Corrosion & FAC Program between 2030-07-01 and 2034-06-30 through a controlled sequence of implementation authorization, input/facility readiness, technical execution, independent verification, and downstream handoff. The producing lead is Mechanical Engineer; temporary laboratory, supplier, construction, or regulatory support is purchased only for defined products and acceptance evidence.",PB-CHEM-01; PB-MAT-01; PB-SUPPLY-01; PB-TEST-01,,5,4,5,2,3,1,3,5,4,HP-I1 implementation authorization
P-3.11.i,ODCM Development & Reporting/Tech Spec Interfaces,Power Reactor,5 - Power-reactor engineering and NRC licensing,SRP Chapters,2030-07-01,2034-03-31,False,"Execution definition complete; task-specific facility, supplier, and final design inputs remain subject to the listed hold points.",100,"Deliver ODCM Development & Reporting/Tech Spec Interfaces between 2030-07-01 and 2034-03-31 through a controlled sequence of implementation authorization, input/facility readiness, technical execution, independent verification, and downstream handoff. The producing lead is Radiation Protection/Chemistry; temporary laboratory, supplier, construction, or regulatory support is purchased only for defined products and acceptance evidence.",PB-CHEM-01; PB-FP-01; PB-MAT-01; PB-MCA-01; PB-SUPPLY-01; PB-TEST-01; PB-WASTE-01,,5,4,5,2,3,1,4,5,3,HP-I1 implementation authorization
P-3.12.i,Control Room Habitability & PAM Interfaces (Cross-Check),Power Reactor,5 - Power-reactor engineering and NRC licensing,SRP Chapters,2030-07-01,2034-03-31,False,"Execution definition complete; task-specific facility, supplier, and final design inputs remain subject to the listed hold points.",100,"Deliver Control Room Habitability & PAM Interfaces (Cross-Check) between 2030-07-01 and 2034-03-31 through a controlled sequence of implementation authorization, input/facility readiness, technical execution, independent verification, and downstream handoff. The producing lead is Radiation Protection/Chemistry; temporary laboratory, supplier, construction, or regulatory support is purchased only for defined products and acceptance evidence.",PB-CHEM-01; PB-FP-01; PB-FUEL-01; PB-MAT-01; PB-TEST-01,,5,4,5,2,3,1,4,5,5,HP-I1 implementation authorization
P-3.19.e,Seismic PRA (SPRA) & Fragility Development,Power Reactor,5 - Power-reactor engineering and NRC licensing,SRP Chapters,2030-01-01,2033-03-31,True,"Execution definition complete; task-specific facility, supplier, and final design inputs remain subject to the listed hold points.",100,"Deliver Seismic PRA (SPRA) & Fragility Development between 2030-01-01 and 2033-03-31 through a controlled sequence of implementation authorization, input/facility readiness, technical execution, independent verification, and downstream handoff. The producing lead is PRA/Risk Engineer; temporary laboratory, supplier, construction, or regulatory support is purchased only for defined products and acceptance evidence.",PB-MAT-01; PB-TEST-01,,5,3,2,1,3,3,3,5,2,HP-I1 implementation authorization
P-3.19.n,MBDBE & FLEX Strategy Integration (10 CFR 50.155),Power Reactor,5 - Power-reactor engineering and NRC licensing,SRP Chapters,2030-01-01,2032-12-31,True,"Execution definition complete; task-specific facility, supplier, and final design inputs remain subject to the listed hold points.",100,"Deliver MBDBE & FLEX Strategy Integration (10 CFR 50.155) between 2030-01-01 and 2032-12-31 through a controlled sequence of implementation authorization, input/facility readiness, technical execution, independent verification, and downstream handoff. The producing lead is PRA/Risk Engineer; temporary laboratory, supplier, construction, or regulatory support is purchased only for defined products and acceptance evidence.",PB-FUEL-01; PB-MAT-01; PB-TEST-01,,5,4,2,1,3,3,3,5,4,HP-I1 implementation authorization
P-3.12.j,"Program Description, Procedures & Training",Power Reactor,5 - Power-reactor engineering and NRC licensing,SRP Chapters,2032-10-01,2036-12-31,False,"Execution definition complete; task-specific facility, supplier, and final design inputs remain subject to the listed hold points.",100,"Deliver Program Description, Procedures & Training between 2032-10-01 and 2036-12-31 through a controlled sequence of implementation authorization, input/facility readiness, technical execution, independent verification, and downstream handoff. The producing lead is Radiation Protection/Chemistry; temporary laboratory, supplier, construction, or regulatory support is purchased only for defined products and acceptance evidence.",PB-CHEM-01; PB-FUEL-01; PB-MAT-01; PB-TEST-01,,5,4,2,1,3,1,3,5,5,HP-I1 implementation authorization
P-3.15.e,LOCA Analyses (Small/Medium/Large Break) & ECCS Criteria (50.46),Power Reactor,5 - Power-reactor engineering and NRC licensing,SRP Chapters,2030-01-01,2032-09-30,True,"Execution definition complete; task-specific facility, supplier, and final design inputs remain subject to the listed hold points.",100,"Deliver LOCA Analyses (Small/Medium/Large Break) & ECCS Criteria (50.46) between 2030-01-01 and 2032-09-30 through a controlled sequence of implementation authorization, input/facility readiness, technical execution, independent verification, and downstream handoff. The producing lead is Thermal-Hydraulics; temporary laboratory, supplier, construction, or regulatory support is purchased only for defined products and acceptance evidence.",PB-CHEM-01; PB-FP-01; PB-FUEL-01; PB-TEST-01,,5,4,2,1,3,3,3,5,5,HP-I1 implementation authorization
P-3.3.g,"Dynamic Effects: Pipe Whip, Jet Impingement & Missiles",Power Reactor,5 - Power-reactor engineering and NRC licensing,SRP Chapters,2030-07-01,2032-09-30,False,"Execution definition complete; task-specific facility, supplier, and final design inputs remain subject to the listed hold points.",100,"Deliver Dynamic Effects: Pipe Whip, Jet Impingement & Missiles between 2030-07-01 and 2032-09-30 through a controlled sequence of implementation authorization, input/facility readiness, technical execution, independent verification, and downstream handoff. The producing lead is Mechanical Engineer; temporary laboratory, supplier, construction, or regulatory support is purchased only for defined products and acceptance evidence.",PB-TEST-01,,5,3,5,1,3,1,3,5,2,HP-I1 implementation authorization
P-3.4.g,"Fuel Handling, New/Spent Fuel Storage & 10 CFR 50.68 Criticality",Power Reactor,5 - Power-reactor engineering and NRC licensing,SRP Chapters,2030-01-01,2032-03-31,True,"Execution definition complete; task-specific facility, supplier, and final design inputs remain subject to the listed hold points.",100,"Deliver Fuel Handling, New/Spent Fuel Storage & 10 CFR 50.68 Criticality between 2030-01-01 and 2032-03-31 through a controlled sequence of implementation authorization, input/facility readiness, technical execution, independent verification, and downstream handoff. The producing lead is Reactor Physics; temporary laboratory, supplier, construction, or regulatory support is purchased only for defined products and acceptance evidence.",PB-FP-01; PB-FUEL-01; PB-MAT-01; PB-SUPPLY-01; PB-TEST-01,,5,4,2,1,3,3,3,5,5,HP-I1 implementation authorization
P-3.5.f,Overpressure Protection & Setpoint Methodology,Power Reactor,5 - Power-reactor engineering and NRC licensing,SRP Chapters,2030-01-01,2032-09-30,False,"Execution definition complete; task-specific facility, supplier, and final design inputs remain subject to the listed hold points.",100,"Deliver Overpressure Protection & Setpoint Methodology between 2030-01-01 and 2032-09-30 through a controlled sequence of implementation authorization, input/facility readiness, technical execution, independent verification, and downstream handoff. The producing lead is Safety Analysis; temporary laboratory, supplier, construction, or regulatory support is purchased only for defined products and acceptance evidence.",PB-MAT-01; PB-TEST-01,,5,3,2,1,3,3,3,5,2,HP-I1 implementation authorization
P-3.6.d,Containment Pressure-Temperature Response,Power Reactor,5 - Power-reactor engineering and NRC licensing,SRP Chapters,2030-07-01,2032-12-31,False,"Execution definition complete; task-specific facility, supplier, and final design inputs remain subject to the listed hold points.",100,"Deliver Containment Pressure-Temperature Response between 2030-07-01 and 2032-12-31 through a controlled sequence of implementation authorization, input/facility readiness, technical execution, independent verification, and downstream handoff. The producing lead is Thermal-Hydraulics; temporary laboratory, supplier, construction, or regulatory support is purchased only for defined products and acceptance evidence.",PB-CHEM-01; PB-FUEL-01; PB-TEST-01,,5,4,5,1,3,1,3,5,5,HP-I1 implementation authorization
P-3.10.b,"Turbine-Generator Design, Overspeed Protection & Missile Analysis",Power Reactor,5 - Power-reactor engineering and NRC licensing,SRP Chapters,2030-07-01,2032-12-31,False,"Execution definition complete; task-specific facility, supplier, and final design inputs remain subject to the listed hold points.",100,"Deliver Turbine-Generator Design, Overspeed Protection & Missile Analysis between 2030-07-01 and 2032-12-31 through a controlled sequence of implementation authorization, input/facility readiness, technical execution, independent verification, and downstream handoff. The producing lead is Mechanical Engineer; temporary laboratory, supplier, construction, or regulatory support is purchased only for defined products and acceptance evidence.",PB-MAT-01; PB-TEST-01,,5,3,5,1,3,1,3,5,2,HP-I1 implementation authorization
P-3.10.l,"FSAR Chapter 10 Drafting, Reviews & Records",Power Reactor,5 - Power-reactor engineering and NRC licensing,SRP Chapters,2030-01-01,2033-12-31,False,"Execution definition complete; task-specific facility, supplier, and final design inputs remain subject to the listed hold points.",100,"Deliver FSAR Chapter 10 Drafting, Reviews & Records between 2030-01-01 and 2033-12-31 through a controlled sequence of implementation authorization, input/facility readiness, technical execution, independent verification, and downstream handoff. The producing lead is Licensing Engineer; temporary laboratory, supplier, construction, or regulatory support is purchased only for defined products and acceptance evidence.",PB-MAT-01; PB-TEST-01,,5,3,5,1,3,1,3,5,2,HP-I1 implementation authorization
P-3.11.k,"FSAR Chapter 11 Drafting, QA Reviews & Records",Power Reactor,5 - Power-reactor engineering and NRC licensing,SRP Chapters,2030-01-01,2033-12-31,False,"Execution definition complete; task-specific facility, supplier, and final design inputs remain subject to the listed hold points.",100,"Deliver FSAR Chapter 11 Drafting, QA Reviews & Records between 2030-01-01 and 2033-12-31 through a controlled sequence of implementation authorization, input/facility readiness, technical execution, independent verification, and downstream handoff. The producing lead is Licensing Engineer; temporary laboratory, supplier, construction, or regulatory support is purchased only for defined products and acceptance evidence.",PB-CHEM-01; PB-FP-01; PB-MAT-01; PB-SUPPLY-01; PB-TEST-01; PB-WASTE-01,,5,4,5,1,3,1,3,5,3,HP-I1 implementation authorization
P-3.12.k,"FSAR Chapter 12 Drafting, Reviews & Records",Power Reactor,5 - Power-reactor engineering and NRC licensing,SRP Chapters,2030-01-01,2033-12-31,False,"Execution definition complete; task-specific facility, supplier, and final design inputs remain subject to the listed hold points.",100,"Deliver FSAR Chapter 12 Drafting, Reviews & Records between 2030-01-01 and 2033-12-31 through a controlled sequence of implementation authorization, input/facility readiness, technical execution, independent verification, and downstream handoff. The producing lead is Licensing Engineer; temporary laboratory, supplier, construction, or regulatory support is purchased only for defined products and acceptance evidence.",PB-CHEM-01; PB-FP-01; PB-FUEL-01; PB-MAT-01; PB-TEST-01; PB-WASTE-01,,5,4,5,1,3,1,3,5,5,HP-I1 implementation authorization
P-3.17.e,Commercial-Grade Dedication (CGD),Power Reactor,5 - Power-reactor engineering and NRC licensing,SRP Chapters,2030-07-01,2034-06-30,True,"Execution definition complete; task-specific facility, supplier, and final design inputs remain subject to the listed hold points.",100,"Deliver Commercial-Grade Dedication (CGD) between 2030-07-01 and 2034-06-30 through a controlled sequence of implementation authorization, input/facility readiness, technical execution, independent verification, and downstream handoff. The producing lead is Quality Assurance; temporary laboratory, supplier, construction, or regulatory support is purchased only for defined products and acceptance evidence.",PB-CHEM-01; PB-FUEL-01; PB-MAT-01; PB-SUPPLY-01; PB-TEST-01,,5,3,5,1,3,1,3,5,5,HP-I1 implementation authorization
P-3.7.f,Diversity & Defense-in-Depth (D3) Assessment (BTP 7-19),Power Reactor,5 - Power-reactor engineering and NRC licensing,SRP Chapters,2030-01-01,2032-09-30,True,"Execution definition complete; task-specific facility, supplier, and final design inputs remain subject to the listed hold points.",100,"Deliver Diversity & Defense-in-Depth (D3) Assessment (BTP 7-19) between 2030-01-01 and 2032-09-30 through a controlled sequence of implementation authorization, input/facility readiness, technical execution, independent verification, and downstream handoff. The producing lead is I&C/Digital Engineer; temporary laboratory, supplier, construction, or regulatory support is purchased only for defined products and acceptance evidence.",PB-MCA-01; PB-TEST-01,,5,3,2,1,3,3,3,5,2,HP-I1 implementation authorization
P-3.8.c,"Onsite DC/UPS - Batteries, Chargers, and Inverters",Power Reactor,5 - Power-reactor engineering and NRC licensing,SRP Chapters,2030-07-01,2033-03-31,False,"Execution definition complete; task-specific facility, supplier, and final design inputs remain subject to the listed hold points.",100,"Deliver Onsite DC/UPS - Batteries, Chargers, and Inverters between 2030-07-01 and 2033-03-31 through a controlled sequence of implementation authorization, input/facility readiness, technical execution, independent verification, and downstream handoff. The producing lead is Electrical Engineer; temporary laboratory, supplier, construction, or regulatory support is purchased only for defined products and acceptance evidence.",PB-MAT-01; PB-TEST-01,,5,3,5,1,3,1,3,5,2,HP-I1 implementation authorization
P-3.9.c,Compressed Air Systems (SRP 9.3.1/9.3.2) - Instrument & Service Air,Power Reactor,5 - Power-reactor engineering and NRC licensing,SRP Chapters,2030-07-01,2033-03-31,False,"Execution definition complete; task-specific facility, supplier, and final design inputs remain subject to the listed hold points.",100,"Deliver Compressed Air Systems (SRP 9.3.1/9.3.2) - Instrument & Service Air between 2030-07-01 and 2033-03-31 through a controlled sequence of implementation authorization, input/facility readiness, technical execution, independent verification, and downstream handoff. The producing lead is Mechanical Engineer; temporary laboratory, supplier, construction, or regulatory support is purchased only for defined products and acceptance evidence.",PB-FP-01; PB-SUPPLY-01; PB-TEST-01; PB-WASTE-01,,5,3,5,1,3,1,3,5,3,HP-I1 implementation authorization
P-3.1.h,"Licensing & QA Review, Finalization, and Release",Power Reactor,5 - Power-reactor engineering and NRC licensing,SRP Chapters,2030-10-01,2032-03-31,True,"Execution definition complete; task-specific facility, supplier, and final design inputs remain subject to the listed hold points.",100,"Deliver Licensing & QA Review, Finalization, and Release between 2030-10-01 and 2032-03-31 through a controlled sequence of implementation authorization, input/facility readiness, technical execution, independent verification, and downstream handoff. The producing lead is Chief Engineer; temporary laboratory, supplier, construction, or regulatory support is purchased only for defined products and acceptance evidence.",PB-TEST-01,,5,3,5,1,3,1,3,5,2,HP-I1 implementation authorization
P-3.11.b,Gaseous Radwaste System (GRS) Design & Performance,Power Reactor,5 - Power-reactor engineering and NRC licensing,SRP Chapters,2030-10-01,2032-12-31,False,"Execution definition complete; task-specific facility, supplier, and final design inputs remain subject to the listed hold points.",100,"Deliver Gaseous Radwaste System (GRS) Design & Performance between 2030-10-01 and 2032-12-31 through a controlled sequence of implementation authorization, input/facility readiness, technical execution, independent verification, and downstream handoff. The producing lead is Radiation Protection/Chemistry; temporary laboratory, supplier, construction, or regulatory support is purchased only for defined products and acceptance evidence.",PB-CHEM-01; PB-FP-01; PB-MAT-01; PB-SUPPLY-01; PB-TEST-01; PB-WASTE-01,,5,4,5,2,3,1,4,5,3,HP-I1 implementation authorization
P-3.12.b,Shielding & Skyshine Analyses,Power Reactor,5 - Power-reactor engineering and NRC licensing,SRP Chapters,2030-10-01,2032-12-31,False,"Execution definition complete; task-specific facility, supplier, and final design inputs remain subject to the listed hold points.",100,"Deliver Shielding & Skyshine Analyses between 2030-10-01 and 2032-12-31 through a controlled sequence of implementation authorization, input/facility readiness, technical execution, independent verification, and downstream handoff. The producing lead is Radiation Protection/Chemistry; temporary laboratory, supplier, construction, or regulatory support is purchased only for defined products and acceptance evidence.",PB-CHEM-01; PB-FP-01; PB-FUEL-01; PB-MAT-01; PB-TEST-01,,5,4,5,2,3,1,4,5,5,HP-I1 implementation authorization
P-3.12.f,Design Job Dose Assessments & Work Planning Inputs,Power Reactor,5 - Power-reactor engineering and NRC licensing,SRP Chapters,2030-04-01,2032-12-31,False,"Execution definition complete; task-specific facility, supplier, and final design inputs remain subject to the listed hold points.",100,"Deliver Design Job Dose Assessments & Work Planning Inputs between 2030-04-01 and 2032-12-31 through a controlled sequence of implementation authorization, input/facility readiness, technical execution, independent verification, and downstream handoff. The producing lead is Radiation Protection/Chemistry; temporary laboratory, supplier, construction, or regulatory support is purchased only for defined products and acceptance evidence.",PB-CHEM-01; PB-FP-01; PB-FUEL-01; PB-MAT-01; PB-TEST-01,,5,4,5,2,3,1,4,5,5,HP-I1 implementation authorization
P-3.15.f,ATWS Analyses (10 CFR 50.62),Power Reactor,5 - Power-reactor engineering and NRC licensing,SRP Chapters,2029-10-01,2032-12-30,True,"Execution definition complete; task-specific facility, supplier, and final design inputs remain subject to the listed hold points.",100,"Deliver ATWS Analyses (10 CFR 50.62) between 2029-10-01 and 2032-12-30 through a controlled sequence of implementation authorization, input/facility readiness, technical execution, independent verification, and downstream handoff. The producing lead is Safety Analysis; temporary laboratory, supplier, construction, or regulatory support is purchased only for defined products and acceptance evidence.",PB-FP-01; PB-TEST-01,,5,3,2,1,3,3,3,5,3,HP-I1 implementation authorization
P-3.16.a,Requirements Harvest & Traceability to TS Items,Power Reactor,5 - Power-reactor engineering and NRC licensing,SRP Chapters,2030-01-01,2031-12-31,False,"Execution definition complete; task-specific facility, supplier, and final design inputs remain subject to the listed hold points.",100,"Deliver Requirements Harvest & Traceability to TS Items between 2030-01-01 and 2031-12-31 through a controlled sequence of implementation authorization, input/facility readiness, technical execution, independent verification, and downstream handoff. The producing lead is Systems Engineer; temporary laboratory, supplier, construction, or regulatory support is purchased only for defined products and acceptance evidence.",PB-TEST-01; PB-WASTE-01,,5,3,5,1,3,1,3,5,2,HP-I1 implementation authorization
P-3.18.f,HSI Style Guide & Alarm Philosophy,Power Reactor,5 - Power-reactor engineering and NRC licensing,SRP Chapters,2032-07-01,2035-06-30,False,"Execution definition complete; task-specific facility, supplier, and final design inputs remain subject to the listed hold points.",100,"Deliver HSI Style Guide & Alarm Philosophy between 2032-07-01 and 2035-06-30 through a controlled sequence of implementation authorization, input/facility readiness, technical execution, independent verification, and downstream handoff. The producing lead is Human Factors Engineer; temporary laboratory, supplier, construction, or regulatory support is purchased only for defined products and acceptance evidence.",PB-TEST-01; PB-WASTE-01,,5,3,1,1,3,4,3,5,2,HP-I1 implementation authorization
P-3.19.f,Low Power & Shutdown (LPSD) PRA,Power Reactor,5 - Power-reactor engineering and NRC licensing,SRP Chapters,2029-10-01,2033-12-30,True,"Execution definition complete; task-specific facility, supplier, and final design inputs remain subject to the listed hold points.",100,"Deliver Low Power & Shutdown (LPSD) PRA between 2029-10-01 and 2033-12-30 through a controlled sequence of implementation authorization, input/facility readiness, technical execution, independent verification, and downstream handoff. The producing lead is PRA/Risk Engineer; temporary laboratory, supplier, construction, or regulatory support is purchased only for defined products and acceptance evidence.",PB-FUEL-01; PB-MAT-01; PB-TEST-01,,5,4,2,1,3,3,3,5,4,HP-I1 implementation authorization
P-3.3.h,Water-Hammer / Hydraulic Transients,Power Reactor,5 - Power-reactor engineering and NRC licensing,SRP Chapters,2030-04-01,2032-09-30,False,"Execution definition complete; task-specific facility, supplier, and final design inputs remain subject to the listed hold points.",100,"Deliver Water-Hammer / Hydraulic Transients between 2030-04-01 and 2032-09-30 through a controlled sequence of implementation authorization, input/facility readiness, technical execution, independent verification, and downstream handoff. The producing lead is Mechanical Engineer; temporary laboratory, supplier, construction, or regulatory support is purchased only for defined products and acceptance evidence.",PB-MAT-01; PB-SUPPLY-01; PB-TEST-01,,5,4,5,2,3,1,3,5,3,HP-I1 implementation authorization
P-3.5.g,Water-Hammer & Hydraulic Transients in RCS/Connected Systems,Power Reactor,5 - Power-reactor engineering and NRC licensing,SRP Chapters,2029-10-01,2032-06-30,False,"Execution definition complete; task-specific facility, supplier, and final design inputs remain subject to the listed hold points.",100,"Deliver Water-Hammer & Hydraulic Transients in RCS/Connected Systems between 2029-10-01 and 2032-06-30 through a controlled sequence of implementation authorization, input/facility readiness, technical execution, independent verification, and downstream handoff. The producing lead is Thermal-Hydraulics; temporary laboratory, supplier, construction, or regulatory support is purchased only for defined products and acceptance evidence.",PB-CHEM-01; PB-FUEL-01; PB-MAT-01; PB-TEST-01,,5,4,2,1,3,3,3,5,5,HP-I1 implementation authorization
P-4.a,"Threat, DBT & Target Set Definition",Power Reactor,5 - Power-reactor engineering and NRC licensing,Security & Cyber,2030-04-01,2032-09-30,False,"Execution definition complete; task-specific facility, supplier, and final design inputs remain subject to the listed hold points.",100,"Deliver Threat, DBT & Target Set Definition between 2030-04-01 and 2032-09-30 through a controlled sequence of implementation authorization, input/facility readiness, technical execution, independent verification, and downstream handoff. The producing lead is Cyber/Security Engineer; temporary laboratory, supplier, construction, or regulatory support is purchased only for defined products and acceptance evidence.",PB-MAT-01; PB-MCA-01; PB-TEST-01,,5,3,5,1,3,1,3,5,2,HP-I1 implementation authorization
P-5.a,EP Path Selection & Regulatory Strategy,Power Reactor,5 - Power-reactor engineering and NRC licensing,EP,2029-07-01,2032-12-30,False,"Execution definition complete; task-specific facility, supplier, and final design inputs remain subject to the listed hold points.",100,"Deliver EP Path Selection & Regulatory Strategy between 2029-07-01 and 2032-12-30 through a controlled sequence of implementation authorization, input/facility readiness, technical execution, independent verification, and downstream handoff. The producing lead is Licensing Engineer; temporary laboratory, supplier, construction, or regulatory support is purchased only for defined products and acceptance evidence.",PB-CHEM-01; PB-FP-01; PB-TEST-01,,5,3,1,1,3,1,3,5,3,HP-I1 implementation authorization
P-PKG-05,"Power Reactor Site, Buildings and Shared Facilities",Power Reactor,5 - Power-reactor engineering and NRC licensing,Power Reactor Implementation Packages,2029-01-01,2034-09-30,True,"Execution definition complete; task-specific facility, supplier, and final design inputs remain subject to the listed hold points.",100,"Deliver Power Reactor Site, Buildings and Shared Facilities between 2029-01-01 and 2034-09-30 through a controlled sequence of implementation authorization, input/facility readiness, technical execution, independent verification, and downstream handoff. The producing lead is Construction Manager; temporary laboratory, supplier, construction, or regulatory support is purchased only for defined products and acceptance evidence.",PB-MAT-01; PB-SUPPLY-01; PB-TEST-01,,5,3,5,1,3,1,3,5,2,HP-I1 implementation authorization
P-3.10.c,"Main Steam System - Isolation, Relief, and Water Induction Prevention",Power Reactor,5 - Power-reactor engineering and NRC licensing,SRP Chapters,2030-07-01,2032-09-30,False,"Execution definition complete; task-specific facility, supplier, and final design inputs remain subject to the listed hold points.",100,"Deliver Main Steam System - Isolation, Relief, and Water Induction Prevention between 2030-07-01 and 2032-09-30 through a controlled sequence of implementation authorization, input/facility readiness, technical execution, independent verification, and downstream handoff. The producing lead is Mechanical Engineer; temporary laboratory, supplier, construction, or regulatory support is purchased only for defined products and acceptance evidence.",PB-MAT-01; PB-SUPPLY-01; PB-TEST-01,,5,4,5,2,3,1,3,5,3,HP-I1 implementation authorization
P-3.4.h,Core Support Structures & Seismic/Flow-Induced Loads,Power Reactor,5 - Power-reactor engineering and NRC licensing,SRP Chapters,2030-07-01,2032-09-30,True,"Execution definition complete; task-specific facility, supplier, and final design inputs remain subject to the listed hold points.",100,"Deliver Core Support Structures & Seismic/Flow-Induced Loads between 2030-07-01 and 2032-09-30 through a controlled sequence of implementation authorization, input/facility readiness, technical execution, independent verification, and downstream handoff. The producing lead is Reactor Physics; temporary laboratory, supplier, construction, or regulatory support is purchased only for defined products and acceptance evidence.",PB-FP-01; PB-FUEL-01; PB-MAT-01; PB-TEST-01,,5,4,5,1,3,1,3,5,5,HP-I1 implementation authorization
P-3.11.c,Liquid Radwaste System (LRS) Design & Performance,Power Reactor,5 - Power-reactor engineering and NRC licensing,SRP Chapters,2030-07-01,2032-12-31,False,"Execution definition complete; task-specific facility, supplier, and final design inputs remain subject to the listed hold points.",100,"Deliver Liquid Radwaste System (LRS) Design & Performance between 2030-07-01 and 2032-12-31 through a controlled sequence of implementation authorization, input/facility readiness, technical execution, independent verification, and downstream handoff. The producing lead is Radiation Protection/Chemistry; temporary laboratory, supplier, construction, or regulatory support is purchased only for defined products and acceptance evidence.",PB-CHEM-01; PB-FP-01; PB-MAT-01; PB-SUPPLY-01; PB-TEST-01; PB-WASTE-01,,5,4,5,2,3,1,4,5,3,HP-I1 implementation authorization
P-3.12.c,"Radiation Zoning, Posting & Access Control",Power Reactor,5 - Power-reactor engineering and NRC licensing,SRP Chapters,2030-07-01,2032-12-31,False,"Execution definition complete; task-specific facility, supplier, and final design inputs remain subject to the listed hold points.",100,"Deliver Radiation Zoning, Posting & Access Control between 2030-07-01 and 2032-12-31 through a controlled sequence of implementation authorization, input/facility readiness, technical execution, independent verification, and downstream handoff. The producing lead is Radiation Protection/Chemistry; temporary laboratory, supplier, construction, or regulatory support is purchased only for defined products and acceptance evidence.",PB-CHEM-01; PB-FP-01; PB-FUEL-01; PB-MAT-01; PB-TEST-01,,5,4,5,2,3,1,4,5,5,HP-I1 implementation authorization
P-3.3.i,Overpressure Protection & Relief Sizing,Power Reactor,5 - Power-reactor engineering and NRC licensing,SRP Chapters,2030-07-01,2032-12-31,False,"Execution definition complete; task-specific facility, supplier, and final design inputs remain subject to the listed hold points.",100,"Deliver Overpressure Protection & Relief Sizing between 2030-07-01 and 2032-12-31 through a controlled sequence of implementation authorization, input/facility readiness, technical execution, independent verification, and downstream handoff. The producing lead is Mechanical Engineer; temporary laboratory, supplier, construction, or regulatory support is purchased only for defined products and acceptance evidence.",PB-TEST-01,,5,3,5,1,3,1,3,5,2,HP-I1 implementation authorization
P-4.c,Access Authorization (73.56) & FFD (Part 26) Interfaces,Power Reactor,5 - Power-reactor engineering and NRC licensing,Security & Cyber,2030-07-01,2034-12-31,False,"Execution definition complete; task-specific facility, supplier, and final design inputs remain subject to the listed hold points.",100,"Deliver Access Authorization (73.56) & FFD (Part 26) Interfaces between 2030-07-01 and 2034-12-31 through a controlled sequence of implementation authorization, input/facility readiness, technical execution, independent verification, and downstream handoff. The producing lead is Cyber/Security Engineer; temporary laboratory, supplier, construction, or regulatory support is purchased only for defined products and acceptance evidence.",PB-CHEM-01; PB-MAT-01; PB-MCA-01; PB-TEST-01,,5,3,5,1,3,1,3,5,3,HP-I1 implementation authorization
P-3.18.g,"HSI Detailed Design - Displays, Controls, Alarms & Procedures Hooks",Power Reactor,5 - Power-reactor engineering and NRC licensing,SRP Chapters,2030-07-01,2032-12-31,False,"Execution definition complete; task-specific facility, supplier, and final design inputs remain subject to the listed hold points.",100,"Deliver HSI Detailed Design - Displays, Controls, Alarms & Procedures Hooks between 2030-07-01 and 2032-12-31 through a controlled sequence of implementation authorization, input/facility readiness, technical execution, independent verification, and downstream handoff. The producing lead is Human Factors Engineer; temporary laboratory, supplier, construction, or regulatory support is purchased only for defined products and acceptance evidence.",PB-TEST-01; PB-WASTE-01,,5,3,5,1,3,1,3,5,2,HP-I1 implementation authorization
P-3.6.f,"Containment Sprays, Filtration & Iodine Chemistry",Power Reactor,5 - Power-reactor engineering and NRC licensing,SRP Chapters,2030-01-01,2032-09-30,False,"Execution definition complete; task-specific facility, supplier, and final design inputs remain subject to the listed hold points.",100,"Deliver Containment Sprays, Filtration & Iodine Chemistry between 2030-01-01 and 2032-09-30 through a controlled sequence of implementation authorization, input/facility readiness, technical execution, independent verification, and downstream handoff. The producing lead is Thermal-Hydraulics; temporary laboratory, supplier, construction, or regulatory support is purchased only for defined products and acceptance evidence.",PB-CHEM-01; PB-FP-01; PB-TEST-01,,5,3,2,1,3,3,3,5,3,HP-I1 implementation authorization
P-4.d,Cybersecurity Program Architecture (73.54; RG 5.71),Power Reactor,5 - Power-reactor engineering and NRC licensing,Security & Cyber,2032-10-01,2037-12-31,False,"Execution definition complete; task-specific facility, supplier, and final design inputs remain subject to the listed hold points.",100,"Deliver Cybersecurity Program Architecture (73.54; RG 5.71) between 2032-10-01 and 2037-12-31 through a controlled sequence of implementation authorization, input/facility readiness, technical execution, independent verification, and downstream handoff. The producing lead is Cyber/Security Engineer; temporary laboratory, supplier, construction, or regulatory support is purchased only for defined products and acceptance evidence.",PB-MAT-01; PB-MCA-01; PB-TEST-01,,5,3,1,1,3,4,3,5,2,HP-I1 implementation authorization
P-5.b,Hazard & Consequence Analysis for EP Basis,Power Reactor,5 - Power-reactor engineering and NRC licensing,EP,2030-01-01,2032-06-30,False,"Execution definition complete; task-specific facility, supplier, and final design inputs remain subject to the listed hold points.",100,"Deliver Hazard & Consequence Analysis for EP Basis between 2030-01-01 and 2032-06-30 through a controlled sequence of implementation authorization, input/facility readiness, technical execution, independent verification, and downstream handoff. The producing lead is Operations/Training; temporary laboratory, supplier, construction, or regulatory support is purchased only for defined products and acceptance evidence.",PB-CHEM-01; PB-TEST-01,,5,3,2,1,3,3,3,5,3,HP-I1 implementation authorization
P-3.10.d,"Condensate & Feedwater - Pumps, Heaters, Controls",Power Reactor,5 - Power-reactor engineering and NRC licensing,SRP Chapters,2030-07-01,2032-12-31,False,"Execution definition complete; task-specific facility, supplier, and final design inputs remain subject to the listed hold points.",100,"Deliver Condensate & Feedwater - Pumps, Heaters, Controls between 2030-07-01 and 2032-12-31 through a controlled sequence of implementation authorization, input/facility readiness, technical execution, independent verification, and downstream handoff. The producing lead is Mechanical Engineer; temporary laboratory, supplier, construction, or regulatory support is purchased only for defined products and acceptance evidence.",PB-CHEM-01; PB-FUEL-01; PB-MAT-01; PB-TEST-01,,5,4,5,1,3,1,3,5,5,HP-I1 implementation authorization
P-3.19.g,Data Analysis & Parameter Estimation,Power Reactor,5 - Power-reactor engineering and NRC licensing,SRP Chapters,2030-01-01,2032-12-31,True,"Execution definition complete; task-specific facility, supplier, and final design inputs remain subject to the listed hold points.",100,"Deliver Data Analysis & Parameter Estimation between 2030-01-01 and 2032-12-31 through a controlled sequence of implementation authorization, input/facility readiness, technical execution, independent verification, and downstream handoff. The producing lead is PRA/Risk Engineer; temporary laboratory, supplier, construction, or regulatory support is purchased only for defined products and acceptance evidence.",PB-MAT-01; PB-TEST-01,,5,3,2,1,3,3,3,5,2,HP-I1 implementation authorization
P-3.5.i,"Branch Lines, Isolation, and Intersystem LOCA (ISLOCA)",Power Reactor,5 - Power-reactor engineering and NRC licensing,SRP Chapters,2030-10-01,2032-12-31,False,"Execution definition complete; task-specific facility, supplier, and final design inputs remain subject to the listed hold points.",100,"Deliver Branch Lines, Isolation, and Intersystem LOCA (ISLOCA) between 2030-10-01 and 2032-12-31 through a controlled sequence of implementation authorization, input/facility readiness, technical execution, independent verification, and downstream handoff. The producing lead is Thermal-Hydraulics; temporary laboratory, supplier, construction, or regulatory support is purchased only for defined products and acceptance evidence.",PB-CHEM-01; PB-FUEL-01; PB-MAT-01; PB-TEST-01,,5,4,5,1,3,1,3,5,5,HP-I1 implementation authorization
P-3.6.g,Containment Isolation Valves (CIV) & Isolation Logic,Power Reactor,5 - Power-reactor engineering and NRC licensing,SRP Chapters,2030-10-01,2032-12-31,False,"Execution definition complete; task-specific facility, supplier, and final design inputs remain subject to the listed hold points.",100,"Deliver Containment Isolation Valves (CIV) & Isolation Logic between 2030-10-01 and 2032-12-31 through a controlled sequence of implementation authorization, input/facility readiness, technical execution, independent verification, and downstream handoff. The producing lead is Thermal-Hydraulics; temporary laboratory, supplier, construction, or regulatory support is purchased only for defined products and acceptance evidence.",PB-CHEM-01; PB-FUEL-01; PB-TEST-01,,5,4,5,1,3,1,3,5,5,HP-I1 implementation authorization
P-3.10.e,Transient & Accident Analyses (MSLB/Trips/Load Rejection/Loss of Condenser),Power Reactor,5 - Power-reactor engineering and NRC licensing,SRP Chapters,2030-10-01,2033-03-31,False,"Execution definition complete; task-specific facility, supplier, and final design inputs remain subject to the listed hold points.",100,"Deliver Transient & Accident Analyses (MSLB/Trips/Load Rejection/Loss of Condenser) between 2030-10-01 and 2033-03-31 through a controlled sequence of implementation authorization, input/facility readiness, technical execution, independent verification, and downstream handoff. The producing lead is Mechanical Engineer; temporary laboratory, supplier, construction, or regulatory support is purchased only for defined products and acceptance evidence.",PB-MAT-01; PB-SUPPLY-01; PB-TEST-01,,5,4,5,2,3,1,3,5,3,HP-I1 implementation authorization
P-3.15.h,Radiological Consequence Analyses (AST/TID) & Habitability,Power Reactor,5 - Power-reactor engineering and NRC licensing,SRP Chapters,2030-04-01,2032-06-30,True,"Execution definition complete; task-specific facility, supplier, and final design inputs remain subject to the listed hold points.",100,"Deliver Radiological Consequence Analyses (AST/TID) & Habitability between 2030-04-01 and 2032-06-30 through a controlled sequence of implementation authorization, input/facility readiness, technical execution, independent verification, and downstream handoff. The producing lead is Safety Analysis; temporary laboratory, supplier, construction, or regulatory support is purchased only for defined products and acceptance evidence.",PB-CHEM-01; PB-FP-01; PB-TEST-01,,5,3,2,1,3,3,3,5,3,HP-I1 implementation authorization
P-3.18.h,Procedures Integration (EOPs/AOPs/Normal) & HSI Linkage,Power Reactor,5 - Power-reactor engineering and NRC licensing,SRP Chapters,2033-01-01,2035-03-31,False,"Execution definition complete; task-specific facility, supplier, and final design inputs remain subject to the listed hold points.",100,"Deliver Procedures Integration (EOPs/AOPs/Normal) & HSI Linkage between 2033-01-01 and 2035-03-31 through a controlled sequence of implementation authorization, input/facility readiness, technical execution, independent verification, and downstream handoff. The producing lead is Human Factors Engineer; temporary laboratory, supplier, construction, or regulatory support is purchased only for defined products and acceptance evidence.",PB-TEST-01; PB-WASTE-01,,5,3,1,1,3,4,3,5,2,HP-I1 implementation authorization
P-3.3.k,"Anchorage, Supports, Snubbers & Seismic Restraints",Power Reactor,5 - Power-reactor engineering and NRC licensing,SRP Chapters,2030-04-01,2032-09-30,False,"Execution definition complete; task-specific facility, supplier, and final design inputs remain subject to the listed hold points.",100,"Deliver Anchorage, Supports, Snubbers & Seismic Restraints between 2030-04-01 and 2032-09-30 through a controlled sequence of implementation authorization, input/facility readiness, technical execution, independent verification, and downstream handoff. The producing lead is Civil/Structural Engineer; temporary laboratory, supplier, construction, or regulatory support is purchased only for defined products and acceptance evidence.",PB-MAT-01; PB-TEST-01,,5,3,2,1,3,1,3,5,2,HP-I1 implementation authorization
P-3.8.e,SBO Coping Analysis (10 CFR 50.63),Power Reactor,5 - Power-reactor engineering and NRC licensing,SRP Chapters,2030-04-01,2032-12-31,False,"Execution definition complete; task-specific facility, supplier, and final design inputs remain subject to the listed hold points.",100,"Deliver SBO Coping Analysis (10 CFR 50.63) between 2030-04-01 and 2032-12-31 through a controlled sequence of implementation authorization, input/facility readiness, technical execution, independent verification, and downstream handoff. The producing lead is Electrical Engineer; temporary laboratory, supplier, construction, or regulatory support is purchased only for defined products and acceptance evidence.",PB-TEST-01,,5,3,2,1,3,3,3,5,2,HP-I1 implementation authorization
P-3.9.e,Cranes & Heavy Load Handling (SRP 9.1.5; NUREG-0612; ASME NOG-1/BTH-1),Power Reactor,5 - Power-reactor engineering and NRC licensing,SRP Chapters,2030-10-01,2033-06-30,False,"Execution definition complete; task-specific facility, supplier, and final design inputs remain subject to the listed hold points.",100,"Deliver Cranes & Heavy Load Handling (SRP 9.1.5; NUREG-0612; ASME NOG-1/BTH-1) between 2030-10-01 and 2033-06-30 through a controlled sequence of implementation authorization, input/facility readiness, technical execution, independent verification, and downstream handoff. The producing lead is Mechanical Engineer; temporary laboratory, supplier, construction, or regulatory support is purchased only for defined products and acceptance evidence.",PB-FP-01; PB-FUEL-01; PB-SUPPLY-01; PB-TEST-01; PB-WASTE-01,,5,4,5,1,3,1,3,5,5,HP-I1 implementation authorization
P-3.11.e,Offsite Dose Calculations - Gaseous Pathways,Power Reactor,5 - Power-reactor engineering and NRC licensing,SRP Chapters,2030-04-01,2032-09-30,False,"Execution definition complete; task-specific facility, supplier, and final design inputs remain subject to the listed hold points.",100,"Deliver Offsite Dose Calculations - Gaseous Pathways between 2030-04-01 and 2032-09-30 through a controlled sequence of implementation authorization, input/facility readiness, technical execution, independent verification, and downstream handoff. The producing lead is Radiation Protection/Chemistry; temporary laboratory, supplier, construction, or regulatory support is purchased only for defined products and acceptance evidence.",PB-CHEM-01; PB-MAT-01; PB-SUPPLY-01; PB-TEST-01; PB-WASTE-01,,5,4,2,1,3,3,3,5,3,HP-I1 implementation authorization
P-3.17.g,"Instructions, Procedures, & Drawings (Criterion VI)",Power Reactor,5 - Power-reactor engineering and NRC licensing,SRP Chapters,2030-10-01,2033-12-31,True,"Execution definition complete; task-specific facility, supplier, and final design inputs remain subject to the listed hold points.",100,"Deliver Instructions, Procedures, & Drawings (Criterion VI) between 2030-10-01 and 2033-12-31 through a controlled sequence of implementation authorization, input/facility readiness, technical execution, independent verification, and downstream handoff. The producing lead is Quality Assurance; temporary laboratory, supplier, construction, or regulatory support is purchased only for defined products and acceptance evidence.",PB-SUPPLY-01; PB-TEST-01,,5,3,5,1,3,1,3,5,2,HP-I1 implementation authorization
P-3.19.h,Human Reliability Analysis (HRA),Power Reactor,5 - Power-reactor engineering and NRC licensing,SRP Chapters,2030-04-01,2033-03-31,True,"Execution definition complete; task-specific facility, supplier, and final design inputs remain subject to the listed hold points.",100,"Deliver Human Reliability Analysis (HRA) between 2030-04-01 and 2033-03-31 through a controlled sequence of implementation authorization, input/facility readiness, technical execution, independent verification, and downstream handoff. The producing lead is PRA/Risk Engineer; temporary laboratory, supplier, construction, or regulatory support is purchased only for defined products and acceptance evidence.",PB-MAT-01; PB-TEST-01,,5,3,2,1,3,3,3,5,2,HP-I1 implementation authorization
P-3.7.i,"Communications, Networks & Data Integrity",Power Reactor,5 - Power-reactor engineering and NRC licensing,SRP Chapters,2030-10-01,2033-03-31,True,"Execution definition complete; task-specific facility, supplier, and final design inputs remain subject to the listed hold points.",100,"Deliver Communications, Networks & Data Integrity between 2030-10-01 and 2033-03-31 through a controlled sequence of implementation authorization, input/facility readiness, technical execution, independent verification, and downstream handoff. The producing lead is I&C/Digital Engineer; temporary laboratory, supplier, construction, or regulatory support is purchased only for defined products and acceptance evidence.",PB-MCA-01; PB-TEST-01,,5,3,5,1,3,1,3,5,2,HP-I1 implementation authorization
P-3.16.h,"Submittal Packaging, RAIs & Configuration Control",Power Reactor,5 - Power-reactor engineering and NRC licensing,SRP Chapters,2030-04-01,2033-06-30,True,"Execution definition complete; task-specific facility, supplier, and final design inputs remain subject to the listed hold points.",100,"Deliver Submittal Packaging, RAIs & Configuration Control between 2030-04-01 and 2033-06-30 through a controlled sequence of implementation authorization, input/facility readiness, technical execution, independent verification, and downstream handoff. The producing lead is Licensing Engineer; temporary laboratory, supplier, construction, or regulatory support is purchased only for defined products and acceptance evidence.",PB-MAT-01; PB-TEST-01; PB-WASTE-01,,5,3,2,1,3,1,3,5,2,HP-I1 implementation authorization
P-3.10.f,Water-Hammer & Hydraulic Transients (MS/FW/Condensate),Power Reactor,5 - Power-reactor engineering and NRC licensing,SRP Chapters,2031-01-01,2033-06-30,False,"Execution definition complete; task-specific facility, supplier, and final design inputs remain subject to the listed hold points.",100,"Deliver Water-Hammer & Hydraulic Transients (MS/FW/Condensate) between 2031-01-01 and 2033-06-30 through a controlled sequence of implementation authorization, input/facility readiness, technical execution, independent verification, and downstream handoff. The producing lead is Mechanical Engineer; temporary laboratory, supplier, construction, or regulatory support is purchased only for defined products and acceptance evidence.",PB-MAT-01; PB-SUPPLY-01; PB-TEST-01,,5,4,5,2,3,1,3,5,3,HP-I1 implementation authorization
P-3.18.i,Training Integration (SAT) & Simulator Scenarios,Power Reactor,5 - Power-reactor engineering and NRC licensing,SRP Chapters,2033-04-01,2035-09-30,False,"Execution definition complete; task-specific facility, supplier, and final design inputs remain subject to the listed hold points.",100,"Deliver Training Integration (SAT) & Simulator Scenarios between 2033-04-01 and 2035-09-30 through a controlled sequence of implementation authorization, input/facility readiness, technical execution, independent verification, and downstream handoff. The producing lead is Human Factors Engineer; temporary laboratory, supplier, construction, or regulatory support is purchased only for defined products and acceptance evidence.",PB-TEST-01; PB-WASTE-01,,5,3,2,1,3,1,3,5,2,HP-I1 implementation authorization
P-3.3.l,"Materials, Welding, NDE & Inservice Considerations",Power Reactor,5 - Power-reactor engineering and NRC licensing,SRP Chapters,2031-01-01,2033-06-30,False,"Execution definition complete; task-specific facility, supplier, and final design inputs remain subject to the listed hold points.",100,"Deliver Materials, Welding, NDE & Inservice Considerations between 2031-01-01 and 2033-06-30 through a controlled sequence of implementation authorization, input/facility readiness, technical execution, independent verification, and downstream handoff. The producing lead is Mechanical Engineer; temporary laboratory, supplier, construction, or regulatory support is purchased only for defined products and acceptance evidence.",PB-MAT-01; PB-SUPPLY-01; PB-TEST-01,,5,4,5,2,3,1,3,5,3,HP-I1 implementation authorization
P-5.h,Field Monitoring Teams & Laboratory Interfaces,Power Reactor,5 - Power-reactor engineering and NRC licensing,EP,2031-01-01,2034-06-30,False,"Execution definition complete; task-specific facility, supplier, and final design inputs remain subject to the listed hold points.",100,"Deliver Field Monitoring Teams & Laboratory Interfaces between 2031-01-01 and 2034-06-30 through a controlled sequence of implementation authorization, input/facility readiness, technical execution, independent verification, and downstream handoff. The producing lead is Operations/Training; temporary laboratory, supplier, construction, or regulatory support is purchased only for defined products and acceptance evidence.",PB-CHEM-01; PB-TEST-01,,5,3,5,1,3,1,3,5,3,HP-I1 implementation authorization
P-3.11.f,Offsite Dose Calculations - Liquid Pathways,Power Reactor,5 - Power-reactor engineering and NRC licensing,SRP Chapters,2030-07-01,2032-12-31,False,"Execution definition complete; task-specific facility, supplier, and final design inputs remain subject to the listed hold points.",100,"Deliver Offsite Dose Calculations - Liquid Pathways between 2030-07-01 and 2032-12-31 through a controlled sequence of implementation authorization, input/facility readiness, technical execution, independent verification, and downstream handoff. The producing lead is Radiation Protection/Chemistry; temporary laboratory, supplier, construction, or regulatory support is purchased only for defined products and acceptance evidence.",PB-MAT-01; PB-SUPPLY-01; PB-TEST-01; PB-WASTE-01,,5,4,2,1,3,3,3,5,2,HP-I1 implementation authorization
P-3.3.j,Equipment Qualification (EQ) per IEEE 323/344 & 10 CFR 50.49,Power Reactor,5 - Power-reactor engineering and NRC licensing,SRP Chapters,2031-01-01,2033-03-31,False,"Execution definition complete; task-specific facility, supplier, and final design inputs remain subject to the listed hold points.",100,"Deliver Equipment Qualification (EQ) per IEEE 323/344 & 10 CFR 50.49 between 2031-01-01 and 2033-03-31 through a controlled sequence of implementation authorization, input/facility readiness, technical execution, independent verification, and downstream handoff. The producing lead is Mechanical Engineer; temporary laboratory, supplier, construction, or regulatory support is purchased only for defined products and acceptance evidence.",PB-CHEM-01; PB-MAT-01; PB-SUPPLY-01; PB-TEST-01,,5,3,5,1,3,1,3,5,3,HP-I1 implementation authorization
P-4.i,"Monitoring, Incident Response & Forensics",Power Reactor,5 - Power-reactor engineering and NRC licensing,Security & Cyber,2031-01-01,2034-09-30,False,"Execution definition complete; task-specific facility, supplier, and final design inputs remain subject to the listed hold points.",100,"Deliver Monitoring, Incident Response & Forensics between 2031-01-01 and 2034-09-30 through a controlled sequence of implementation authorization, input/facility readiness, technical execution, independent verification, and downstream handoff. The producing lead is Cyber/Security Engineer; temporary laboratory, supplier, construction, or regulatory support is purchased only for defined products and acceptance evidence.",PB-MAT-01; PB-MCA-01; PB-TEST-01,,5,3,5,1,3,1,3,5,2,HP-I1 implementation authorization
P-3.19.i,"Quantification, Uncertainty & Importance",Power Reactor,5 - Power-reactor engineering and NRC licensing,SRP Chapters,2030-07-01,2033-06-30,True,"Execution definition complete; task-specific facility, supplier, and final design inputs remain subject to the listed hold points.",100,"Deliver Quantification, Uncertainty & Importance between 2030-07-01 and 2033-06-30 through a controlled sequence of implementation authorization, input/facility readiness, technical execution, independent verification, and downstream handoff. The producing lead is PRA/Risk Engineer; temporary laboratory, supplier, construction, or regulatory support is purchased only for defined products and acceptance evidence.",PB-MAT-01; PB-TEST-01,,5,3,2,1,3,3,3,5,2,HP-I1 implementation authorization
P-4.j,Configuration & Change Control (Security/Cyber),Power Reactor,5 - Power-reactor engineering and NRC licensing,Security & Cyber,2031-01-01,2034-09-30,False,"Execution definition complete; task-specific facility, supplier, and final design inputs remain subject to the listed hold points.",100,"Deliver Configuration & Change Control (Security/Cyber) between 2031-01-01 and 2034-09-30 through a controlled sequence of implementation authorization, input/facility readiness, technical execution, independent verification, and downstream handoff. The producing lead is Cyber/Security Engineer; temporary laboratory, supplier, construction, or regulatory support is purchased only for defined products and acceptance evidence.",PB-MAT-01; PB-MCA-01; PB-TEST-01,,5,3,5,1,3,1,3,5,2,HP-I1 implementation authorization
P-3.15.j,Best-Estimate + Uncertainty (BEPU) / Sensitivity Studies,Power Reactor,5 - Power-reactor engineering and NRC licensing,SRP Chapters,2030-07-01,2033-03-31,True,"Execution definition complete; task-specific facility, supplier, and final design inputs remain subject to the listed hold points.",100,"Deliver Best-Estimate + Uncertainty (BEPU) / Sensitivity Studies between 2030-07-01 and 2033-03-31 through a controlled sequence of implementation authorization, input/facility readiness, technical execution, independent verification, and downstream handoff. The producing lead is Safety Analysis; temporary laboratory, supplier, construction, or regulatory support is purchased only for defined products and acceptance evidence.",PB-FP-01; PB-TEST-01,,5,3,2,1,3,3,3,5,3,HP-I1 implementation authorization
P-3.16.c,Setpoint / Allowable Value Derivation & Tables (RG 1.105),Power Reactor,5 - Power-reactor engineering and NRC licensing,SRP Chapters,2031-01-01,2033-03-31,False,"Execution definition complete; task-specific facility, supplier, and final design inputs remain subject to the listed hold points.",100,"Deliver Setpoint / Allowable Value Derivation & Tables (RG 1.105) between 2031-01-01 and 2033-03-31 through a controlled sequence of implementation authorization, input/facility readiness, technical execution, independent verification, and downstream handoff. The producing lead is Licensing Engineer; temporary laboratory, supplier, construction, or regulatory support is purchased only for defined products and acceptance evidence.",PB-TEST-01; PB-WASTE-01,,5,3,5,1,3,1,3,5,2,HP-I1 implementation authorization
P-3.17.h,Identification & Control of Items; M&TE/Calibration,Power Reactor,5 - Power-reactor engineering and NRC licensing,SRP Chapters,2031-01-01,2034-06-30,True,"Execution definition complete; task-specific facility, supplier, and final design inputs remain subject to the listed hold points.",100,"Deliver Identification & Control of Items; M&TE/Calibration between 2031-01-01 and 2034-06-30 through a controlled sequence of implementation authorization, input/facility readiness, technical execution, independent verification, and downstream handoff. The producing lead is Quality Assurance; temporary laboratory, supplier, construction, or regulatory support is purchased only for defined products and acceptance evidence.",PB-SUPPLY-01; PB-TEST-01,,5,3,5,1,3,1,3,5,2,HP-I1 implementation authorization
P-3.18.e,"Staffing, Qualifications & Workload",Power Reactor,5 - Power-reactor engineering and NRC licensing,SRP Chapters,2033-07-01,2036-03-31,False,"Execution definition complete; task-specific facility, supplier, and final design inputs remain subject to the listed hold points.",100,"Deliver Staffing, Qualifications & Workload between 2033-07-01 and 2036-03-31 through a controlled sequence of implementation authorization, input/facility readiness, technical execution, independent verification, and downstream handoff. The producing lead is Human Factors Engineer; temporary laboratory, supplier, construction, or regulatory support is purchased only for defined products and acceptance evidence.",PB-TEST-01; PB-WASTE-01,,5,3,1,1,3,4,3,5,2,HP-I1 implementation authorization
P-3.7.h,Environmental & Seismic Qualification (IEEE 323/344),Power Reactor,5 - Power-reactor engineering and NRC licensing,SRP Chapters,2031-01-01,2033-06-30,True,"Execution definition complete; task-specific facility, supplier, and final design inputs remain subject to the listed hold points.",100,"Deliver Environmental & Seismic Qualification (IEEE 323/344) between 2031-01-01 and 2033-06-30 through a controlled sequence of implementation authorization, input/facility readiness, technical execution, independent verification, and downstream handoff. The producing lead is I&C/Digital Engineer; temporary laboratory, supplier, construction, or regulatory support is purchased only for defined products and acceptance evidence.",PB-MAT-01; PB-MCA-01; PB-TEST-01,,5,3,5,1,3,1,3,5,2,HP-I1 implementation authorization
P-3.12.g,"Dosimetry, Surveys & Instrument Control",Power Reactor,5 - Power-reactor engineering and NRC licensing,SRP Chapters,2030-07-01,2032-09-30,False,"Execution definition complete; task-specific facility, supplier, and final design inputs remain subject to the listed hold points.",100,"Deliver Dosimetry, Surveys & Instrument Control between 2030-07-01 and 2032-09-30 through a controlled sequence of implementation authorization, input/facility readiness, technical execution, independent verification, and downstream handoff. The producing lead is Radiation Protection/Chemistry; temporary laboratory, supplier, construction, or regulatory support is purchased only for defined products and acceptance evidence.",PB-CHEM-01; PB-FP-01; PB-FUEL-01; PB-MAT-01; PB-TEST-01,,5,4,2,2,3,3,4,5,5,HP-I1 implementation authorization
P-3.13.b,Conduct of Operations Programs & Procedures (SRP 13.5),Power Reactor,5 - Power-reactor engineering and NRC licensing,SRP Chapters,2033-10-01,2037-09-30,False,"Execution definition complete; task-specific facility, supplier, and final design inputs remain subject to the listed hold points.",100,"Deliver Conduct of Operations Programs & Procedures (SRP 13.5) between 2033-10-01 and 2037-09-30 through a controlled sequence of implementation authorization, input/facility readiness, technical execution, independent verification, and downstream handoff. The producing lead is Operations/Training; temporary laboratory, supplier, construction, or regulatory support is purchased only for defined products and acceptance evidence.",PB-MCA-01; PB-TEST-01,,5,3,1,1,3,4,3,5,2,HP-I1 implementation authorization
P-3.3.n,"Design Documentation: Drawings, Specs & Reports",Power Reactor,5 - Power-reactor engineering and NRC licensing,SRP Chapters,2031-04-01,2033-06-30,False,"Execution definition complete; task-specific facility, supplier, and final design inputs remain subject to the listed hold points.",100,"Deliver Design Documentation: Drawings, Specs & Reports between 2031-04-01 and 2033-06-30 through a controlled sequence of implementation authorization, input/facility readiness, technical execution, independent verification, and downstream handoff. The producing lead is Mechanical Engineer; temporary laboratory, supplier, construction, or regulatory support is purchased only for defined products and acceptance evidence.",PB-TEST-01,,5,3,5,1,3,1,3,5,2,HP-I1 implementation authorization
P-3.8.d,Standby/Emergency Power (EDG/AAC/ALT) & Qualification,Power Reactor,5 - Power-reactor engineering and NRC licensing,SRP Chapters,2031-04-01,2033-09-30,False,"Execution definition complete; task-specific facility, supplier, and final design inputs remain subject to the listed hold points.",100,"Deliver Standby/Emergency Power (EDG/AAC/ALT) & Qualification between 2031-04-01 and 2033-09-30 through a controlled sequence of implementation authorization, input/facility readiness, technical execution, independent verification, and downstream handoff. The producing lead is Electrical Engineer; temporary laboratory, supplier, construction, or regulatory support is purchased only for defined products and acceptance evidence.",PB-TEST-01,,5,3,5,1,3,1,3,5,2,HP-I1 implementation authorization
P-4.k,"Program Assessments, Audits & NRC Interface",Power Reactor,5 - Power-reactor engineering and NRC licensing,Security & Cyber,2030-07-01,2034-03-31,False,"Execution definition complete; task-specific facility, supplier, and final design inputs remain subject to the listed hold points.",100,"Deliver Program Assessments, Audits & NRC Interface between 2030-07-01 and 2034-03-31 through a controlled sequence of implementation authorization, input/facility readiness, technical execution, independent verification, and downstream handoff. The producing lead is Quality Assurance; temporary laboratory, supplier, construction, or regulatory support is purchased only for defined products and acceptance evidence.",PB-MAT-01; PB-MCA-01; PB-SUPPLY-01; PB-TEST-01,,5,3,2,1,3,3,3,5,2,HP-I1 implementation authorization
P-5.k,MOUs/MOAs & Offsite Interfaces,Power Reactor,5 - Power-reactor engineering and NRC licensing,EP,2031-04-01,2034-12-31,False,"Execution definition complete; task-specific facility, supplier, and final design inputs remain subject to the listed hold points.",100,"Deliver MOUs/MOAs & Offsite Interfaces between 2031-04-01 and 2034-12-31 through a controlled sequence of implementation authorization, input/facility readiness, technical execution, independent verification, and downstream handoff. The producing lead is Operations/Training; temporary laboratory, supplier, construction, or regulatory support is purchased only for defined products and acceptance evidence.",PB-CHEM-01; PB-TEST-01,,5,3,5,1,3,1,3,5,3,HP-I1 implementation authorization
P-7.b,Radiation Protection (RP) Program,Power Reactor,5 - Power-reactor engineering and NRC licensing,Operations Programs,2033-10-01,2037-09-30,False,"Execution definition complete; task-specific facility, supplier, and final design inputs remain subject to the listed hold points.",100,"Deliver Radiation Protection (RP) Program between 2033-10-01 and 2037-09-30 through a controlled sequence of implementation authorization, input/facility readiness, technical execution, independent verification, and downstream handoff. The producing lead is Operations/Training; temporary laboratory, supplier, construction, or regulatory support is purchased only for defined products and acceptance evidence.",PB-MAT-01; PB-TEST-01,,5,3,1,1,3,4,3,5,2,HP-I1 implementation authorization
P-3.10.h,Steam Bypass/Dump & MSR/Gland Seal/Vacuum Systems,Power Reactor,5 - Power-reactor engineering and NRC licensing,SRP Chapters,2031-04-01,2033-06-30,False,"Execution definition complete; task-specific facility, supplier, and final design inputs remain subject to the listed hold points.",100,"Deliver Steam Bypass/Dump & MSR/Gland Seal/Vacuum Systems between 2031-04-01 and 2033-06-30 through a controlled sequence of implementation authorization, input/facility readiness, technical execution, independent verification, and downstream handoff. The producing lead is Mechanical Engineer; temporary laboratory, supplier, construction, or regulatory support is purchased only for defined products and acceptance evidence.",PB-MAT-01; PB-SUPPLY-01; PB-TEST-01,,5,4,5,2,3,1,3,5,3,HP-I1 implementation authorization
P-3.13.c,"SAT Training Program (Initial, Continuing, Requalification)",Power Reactor,5 - Power-reactor engineering and NRC licensing,SRP Chapters,2033-10-01,2037-12-31,False,"Execution definition complete; task-specific facility, supplier, and final design inputs remain subject to the listed hold points.",100,"Deliver SAT Training Program (Initial, Continuing, Requalification) between 2033-10-01 and 2037-12-31 through a controlled sequence of implementation authorization, input/facility readiness, technical execution, independent verification, and downstream handoff. The producing lead is Operations/Training; temporary laboratory, supplier, construction, or regulatory support is purchased only for defined products and acceptance evidence.",PB-CHEM-01; PB-MCA-01; PB-TEST-01,,5,3,2,1,3,1,3,5,3,HP-I1 implementation authorization
P-4.b,Vital Area Analysis & Physical Security Design,Power Reactor,5 - Power-reactor engineering and NRC licensing,Security & Cyber,2031-04-01,2033-09-30,False,"Execution definition complete; task-specific facility, supplier, and final design inputs remain subject to the listed hold points.",100,"Deliver Vital Area Analysis & Physical Security Design between 2031-04-01 and 2033-09-30 through a controlled sequence of implementation authorization, input/facility readiness, technical execution, independent verification, and downstream handoff. The producing lead is Cyber/Security Engineer; temporary laboratory, supplier, construction, or regulatory support is purchased only for defined products and acceptance evidence.",PB-MAT-01; PB-MCA-01; PB-TEST-01,,5,3,5,1,3,1,3,5,2,HP-I1 implementation authorization
P-4.l,Documentation & FSAR/CSP/PSP Interfaces,Power Reactor,5 - Power-reactor engineering and NRC licensing,Security & Cyber,2030-07-01,2034-03-31,False,"Execution definition complete; task-specific facility, supplier, and final design inputs remain subject to the listed hold points.",100,"Deliver Documentation & FSAR/CSP/PSP Interfaces between 2030-07-01 and 2034-03-31 through a controlled sequence of implementation authorization, input/facility readiness, technical execution, independent verification, and downstream handoff. The producing lead is Licensing Engineer; temporary laboratory, supplier, construction, or regulatory support is purchased only for defined products and acceptance evidence.",PB-MAT-01; PB-MCA-01; PB-TEST-01,,5,3,5,1,3,1,3,5,2,HP-I1 implementation authorization
P-5.l,Change Control & Configuration Management (50.54(q)),Power Reactor,5 - Power-reactor engineering and NRC licensing,EP,2030-10-01,2036-12-31,False,"Execution definition complete; task-specific facility, supplier, and final design inputs remain subject to the listed hold points.",100,"Deliver Change Control & Configuration Management (50.54(q)) between 2030-10-01 and 2036-12-31 through a controlled sequence of implementation authorization, input/facility readiness, technical execution, independent verification, and downstream handoff. The producing lead is Operations/Training; temporary laboratory, supplier, construction, or regulatory support is purchased only for defined products and acceptance evidence.",PB-CHEM-01; PB-SUPPLY-01; PB-TEST-01,,5,3,1,1,3,1,3,5,3,HP-I1 implementation authorization
P-7.c,Fire Protection Program (Appendix R or NFPA 805),Power Reactor,5 - Power-reactor engineering and NRC licensing,Operations Programs,2033-10-01,2037-12-31,False,"Execution definition complete; task-specific facility, supplier, and final design inputs remain subject to the listed hold points.",100,"Deliver Fire Protection Program (Appendix R or NFPA 805) between 2033-10-01 and 2037-12-31 through a controlled sequence of implementation authorization, input/facility readiness, technical execution, independent verification, and downstream handoff. The producing lead is Operations/Training; temporary laboratory, supplier, construction, or regulatory support is purchased only for defined products and acceptance evidence.",PB-MAT-01; PB-TEST-01,,5,3,1,1,3,4,3,5,2,HP-I1 implementation authorization
P-3.15.k,"Results, Margins & Cross-Chapter Consistency",Power Reactor,5 - Power-reactor engineering and NRC licensing,SRP Chapters,2030-10-01,2033-03-31,True,"Execution definition complete; task-specific facility, supplier, and final design inputs remain subject to the listed hold points.",100,"Deliver Results, Margins & Cross-Chapter Consistency between 2030-10-01 and 2033-03-31 through a controlled sequence of implementation authorization, input/facility readiness, technical execution, independent verification, and downstream handoff. The producing lead is Safety Analysis; temporary laboratory, supplier, construction, or regulatory support is purchased only for defined products and acceptance evidence.",PB-FP-01; PB-FUEL-01; PB-TEST-01,,5,4,2,1,3,3,3,5,5,HP-I1 implementation authorization
P-3.17.d,Procurement Document Control & Supplier Qualification,Power Reactor,5 - Power-reactor engineering and NRC licensing,SRP Chapters,2031-10-01,2035-03-31,True,"Execution definition complete; task-specific facility, supplier, and final design inputs remain subject to the listed hold points.",100,"Deliver Procurement Document Control & Supplier Qualification between 2031-10-01 and 2035-03-31 through a controlled sequence of implementation authorization, input/facility readiness, technical execution, independent verification, and downstream handoff. The producing lead is Quality Assurance; temporary laboratory, supplier, construction, or regulatory support is purchased only for defined products and acceptance evidence.",PB-MAT-01; PB-SUPPLY-01; PB-TEST-01,,5,3,5,1,3,4,4,5,2,HP-I1 implementation authorization
P-3.18.k,Formative Evaluations (Rapid Iteration),Power Reactor,5 - Power-reactor engineering and NRC licensing,SRP Chapters,2030-10-01,2033-09-30,False,"Execution definition complete; task-specific facility, supplier, and final design inputs remain subject to the listed hold points.",100,"Deliver Formative Evaluations (Rapid Iteration) between 2030-10-01 and 2033-09-30 through a controlled sequence of implementation authorization, input/facility readiness, technical execution, independent verification, and downstream handoff. The producing lead is Human Factors Engineer; temporary laboratory, supplier, construction, or regulatory support is purchased only for defined products and acceptance evidence.",PB-TEST-01; PB-WASTE-01,,5,3,2,1,3,3,3,5,2,HP-I1 implementation authorization
P-3.3.m,"Calculation Control, Independent Verification & Model QA",Power Reactor,5 - Power-reactor engineering and NRC licensing,SRP Chapters,2030-10-01,2032-09-30,False,"Execution definition complete; task-specific facility, supplier, and final design inputs remain subject to the listed hold points.",100,"Deliver Calculation Control, Independent Verification & Model QA between 2030-10-01 and 2032-09-30 through a controlled sequence of implementation authorization, input/facility readiness, technical execution, independent verification, and downstream handoff. The producing lead is Mechanical Engineer; temporary laboratory, supplier, construction, or regulatory support is purchased only for defined products and acceptance evidence.",PB-MAT-01; PB-SUPPLY-01; PB-TEST-01,,5,4,2,2,3,3,3,5,3,HP-I1 implementation authorization
P-3.8.g,"Protection & Coordination, Arc-Flash, and Grounding",Power Reactor,5 - Power-reactor engineering and NRC licensing,SRP Chapters,2031-04-01,2033-06-30,False,"Execution definition complete; task-specific facility, supplier, and final design inputs remain subject to the listed hold points.",100,"Deliver Protection & Coordination, Arc-Flash, and Grounding between 2031-04-01 and 2033-06-30 through a controlled sequence of implementation authorization, input/facility readiness, technical execution, independent verification, and downstream handoff. The producing lead is Electrical Engineer; temporary laboratory, supplier, construction, or regulatory support is purchased only for defined products and acceptance evidence.",PB-MCA-01; PB-TEST-01,,5,3,5,1,3,1,3,5,2,HP-I1 implementation authorization
P-3.9.g,Cask Handling & Fuel Pool Support Systems (cross-links Ch.9.1/Ch.3/Ch.15),Power Reactor,5 - Power-reactor engineering and NRC licensing,SRP Chapters,2031-04-01,2033-06-30,True,"Execution definition complete; task-specific facility, supplier, and final design inputs remain subject to the listed hold points.",100,"Deliver Cask Handling & Fuel Pool Support Systems (cross-links Ch.9.1/Ch.3/Ch.15) between 2031-04-01 and 2033-06-30 through a controlled sequence of implementation authorization, input/facility readiness, technical execution, independent verification, and downstream handoff. The producing lead is Mechanical Engineer; temporary laboratory, supplier, construction, or regulatory support is purchased only for defined products and acceptance evidence.",PB-CHEM-01; PB-FP-01; PB-FUEL-01; PB-MAT-01; PB-SUPPLY-01; PB-TEST-01; PB-WASTE-01,,5,4,5,2,3,1,3,5,6,HP-I1 implementation authorization
P-3.12.h,ALARA-by-Design Features & Optimization,Power Reactor,5 - Power-reactor engineering and NRC licensing,SRP Chapters,2031-04-01,2033-09-30,False,"Execution definition complete; task-specific facility, supplier, and final design inputs remain subject to the listed hold points.",100,"Deliver ALARA-by-Design Features & Optimization between 2031-04-01 and 2033-09-30 through a controlled sequence of implementation authorization, input/facility readiness, technical execution, independent verification, and downstream handoff. The producing lead is Radiation Protection/Chemistry; temporary laboratory, supplier, construction, or regulatory support is purchased only for defined products and acceptance evidence.",PB-CHEM-01; PB-FP-01; PB-FUEL-01; PB-MAT-01; PB-TEST-01,,5,4,5,2,3,1,4,5,5,HP-I1 implementation authorization
P-3.13.d,Simulator Program (ANSI/ANS-3.5; RG 1.149),Power Reactor,5 - Power-reactor engineering and NRC licensing,SRP Chapters,2034-01-01,2038-06-30,False,"Execution definition complete; task-specific facility, supplier, and final design inputs remain subject to the listed hold points.",100,"Deliver Simulator Program (ANSI/ANS-3.5; RG 1.149) between 2034-01-01 and 2038-06-30 through a controlled sequence of implementation authorization, input/facility readiness, technical execution, independent verification, and downstream handoff. The producing lead is Operations/Training; temporary laboratory, supplier, construction, or regulatory support is purchased only for defined products and acceptance evidence.",PB-MCA-01; PB-TEST-01,,5,3,1,1,3,4,3,5,2,HP-I1 implementation authorization
P-3.16.d,Risk-Informed AOT/CT & STI Evaluations (RG 1.177 / 1.174),Power Reactor,5 - Power-reactor engineering and NRC licensing,SRP Chapters,2030-10-01,2032-12-31,False,"Execution definition complete; task-specific facility, supplier, and final design inputs remain subject to the listed hold points.",100,"Deliver Risk-Informed AOT/CT & STI Evaluations (RG 1.177 / 1.174) between 2030-10-01 and 2032-12-31 through a controlled sequence of implementation authorization, input/facility readiness, technical execution, independent verification, and downstream handoff. The producing lead is Licensing Engineer; temporary laboratory, supplier, construction, or regulatory support is purchased only for defined products and acceptance evidence.",PB-TEST-01; PB-WASTE-01,,5,3,2,1,3,3,3,5,2,HP-I1 implementation authorization
P-3.7.k,"Logic Design, Test, and V&V (Platform-Specific)",Power Reactor,5 - Power-reactor engineering and NRC licensing,SRP Chapters,2031-07-01,2033-09-30,True,"Execution definition complete; task-specific facility, supplier, and final design inputs remain subject to the listed hold points.",100,"Deliver Logic Design, Test, and V&V (Platform-Specific) between 2031-07-01 and 2033-09-30 through a controlled sequence of implementation authorization, input/facility readiness, technical execution, independent verification, and downstream handoff. The producing lead is I&C/Digital Engineer; temporary laboratory, supplier, construction, or regulatory support is purchased only for defined products and acceptance evidence.",PB-MCA-01; PB-TEST-01,,5,3,5,1,3,1,3,5,2,HP-I1 implementation authorization
P-3.8.f,"Cable Routing, Separation, & Fire/Environmental Qualification",Power Reactor,5 - Power-reactor engineering and NRC licensing,SRP Chapters,2031-07-01,2034-03-31,False,"Execution definition complete; task-specific facility, supplier, and final design inputs remain subject to the listed hold points.",100,"Deliver Cable Routing, Separation, & Fire/Environmental Qualification between 2031-07-01 and 2034-03-31 through a controlled sequence of implementation authorization, input/facility readiness, technical execution, independent verification, and downstream handoff. The producing lead is Electrical Engineer; temporary laboratory, supplier, construction, or regulatory support is purchased only for defined products and acceptance evidence.",PB-TEST-01,,5,3,5,1,3,1,3,5,2,HP-I1 implementation authorization
P-5.c,Emergency Action Levels (EALs) & Technical Bases (NEI 99-01),Power Reactor,5 - Power-reactor engineering and NRC licensing,EP,2031-04-01,2034-12-31,False,"Execution definition complete; task-specific facility, supplier, and final design inputs remain subject to the listed hold points.",100,"Deliver Emergency Action Levels (EALs) & Technical Bases (NEI 99-01) between 2031-04-01 and 2034-12-31 through a controlled sequence of implementation authorization, input/facility readiness, technical execution, independent verification, and downstream handoff. The producing lead is Operations/Training; temporary laboratory, supplier, construction, or regulatory support is purchased only for defined products and acceptance evidence.",PB-CHEM-01; PB-TEST-01,,5,3,1,1,3,1,3,5,3,HP-I1 implementation authorization
P-7.f,Maintenance Rule (10 CFR 50.65) - (a)(1)/(a)(2) Program,Power Reactor,5 - Power-reactor engineering and NRC licensing,Operations Programs,2034-01-01,2038-09-30,False,"Execution definition complete; task-specific facility, supplier, and final design inputs remain subject to the listed hold points.",100,"Deliver Maintenance Rule (10 CFR 50.65) - (a)(1)/(a)(2) Program between 2034-01-01 and 2038-09-30 through a controlled sequence of implementation authorization, input/facility readiness, technical execution, independent verification, and downstream handoff. The producing lead is Operations/Training; temporary laboratory, supplier, construction, or regulatory support is purchased only for defined products and acceptance evidence.",PB-MAT-01; PB-TEST-01,,5,3,1,1,3,4,3,5,2,HP-I1 implementation authorization
P-3.13.g,Security & FFD Training Interfaces (10 CFR 73.55; 10 CFR 26),Power Reactor,5 - Power-reactor engineering and NRC licensing,SRP Chapters,2034-04-01,2038-03-31,False,"Execution definition complete; task-specific facility, supplier, and final design inputs remain subject to the listed hold points.",100,"Deliver Security & FFD Training Interfaces (10 CFR 73.55; 10 CFR 26) between 2034-04-01 and 2038-03-31 through a controlled sequence of implementation authorization, input/facility readiness, technical execution, independent verification, and downstream handoff. The producing lead is Operations/Training; temporary laboratory, supplier, construction, or regulatory support is purchased only for defined products and acceptance evidence.",PB-MCA-01; PB-TEST-01,,5,3,2,1,3,1,3,5,2,HP-I1 implementation authorization
P-3.16.e,COLR & Operating Limits Integration,Power Reactor,5 - Power-reactor engineering and NRC licensing,SRP Chapters,2031-07-01,2033-09-30,False,"Execution definition complete; task-specific facility, supplier, and final design inputs remain subject to the listed hold points.",100,"Deliver COLR & Operating Limits Integration between 2031-07-01 and 2033-09-30 through a controlled sequence of implementation authorization, input/facility readiness, technical execution, independent verification, and downstream handoff. The producing lead is Licensing Engineer; temporary laboratory, supplier, construction, or regulatory support is purchased only for defined products and acceptance evidence.",PB-TEST-01; PB-WASTE-01,,5,3,5,1,3,1,3,5,2,HP-I1 implementation authorization
P-3.13.a,Operations Organization & Staffing (RG 1.8; 10 CFR 50.54(m)),Power Reactor,5 - Power-reactor engineering and NRC licensing,SRP Chapters,2034-04-01,2035-12-31,False,"Execution definition complete; task-specific facility, supplier, and final design inputs remain subject to the listed hold points.",100,"Deliver Operations Organization & Staffing (RG 1.8; 10 CFR 50.54(m)) between 2034-04-01 and 2035-12-31 through a controlled sequence of implementation authorization, input/facility readiness, technical execution, independent verification, and downstream handoff. The producing lead is Operations/Training; temporary laboratory, supplier, construction, or regulatory support is purchased only for defined products and acceptance evidence.",PB-MCA-01; PB-TEST-01,,5,3,1,1,3,4,3,5,2,HP-I1 implementation authorization
P-7.a,Technical Specifications (TS) Implementation & Surveillance Initialization,Power Reactor,5 - Power-reactor engineering and NRC licensing,Operations Programs,2031-01-01,2033-03-31,False,"Execution definition complete; task-specific facility, supplier, and final design inputs remain subject to the listed hold points.",100,"Deliver Technical Specifications (TS) Implementation & Surveillance Initialization between 2031-01-01 and 2033-03-31 through a controlled sequence of implementation authorization, input/facility readiness, technical execution, independent verification, and downstream handoff. The producing lead is Operations/Training; temporary laboratory, supplier, construction, or regulatory support is purchased only for defined products and acceptance evidence.",PB-MAT-01; PB-TEST-01,,5,3,5,1,3,1,3,5,2,HP-I1 implementation authorization
P-3.13.h,Operations Programs Readiness & Pre-Op Turnover,Power Reactor,5 - Power-reactor engineering and NRC licensing,SRP Chapters,2034-04-01,2038-06-30,False,"Execution definition complete; task-specific facility, supplier, and final design inputs remain subject to the listed hold points.",100,"Deliver Operations Programs Readiness & Pre-Op Turnover between 2034-04-01 and 2038-06-30 through a controlled sequence of implementation authorization, input/facility readiness, technical execution, independent verification, and downstream handoff. The producing lead is Operations/Training; temporary laboratory, supplier, construction, or regulatory support is purchased only for defined products and acceptance evidence.",PB-FUEL-01; PB-MCA-01; PB-TEST-01,,5,3,1,1,3,4,3,5,4,HP-I1 implementation authorization
P-3.17.f,Software QA (NQA-1 Subpart 2.7) & Tool Qualification,Power Reactor,5 - Power-reactor engineering and NRC licensing,SRP Chapters,2031-10-01,2034-06-30,True,"Execution definition complete; task-specific facility, supplier, and final design inputs remain subject to the listed hold points.",100,"Deliver Software QA (NQA-1 Subpart 2.7) & Tool Qualification between 2031-10-01 and 2034-06-30 through a controlled sequence of implementation authorization, input/facility readiness, technical execution, independent verification, and downstream handoff. The producing lead is Quality Assurance; temporary laboratory, supplier, construction, or regulatory support is purchased only for defined products and acceptance evidence.",PB-MCA-01; PB-SUPPLY-01; PB-TEST-01,,5,3,5,1,3,1,3,5,2,HP-I1 implementation authorization
P-3.19.l,Severe Accident Evaluation (SAE) & Containment Performance,Power Reactor,5 - Power-reactor engineering and NRC licensing,SRP Chapters,2031-01-01,2034-09-30,True,"Execution definition complete; task-specific facility, supplier, and final design inputs remain subject to the listed hold points.",100,"Deliver Severe Accident Evaluation (SAE) & Containment Performance between 2031-01-01 and 2034-09-30 through a controlled sequence of implementation authorization, input/facility readiness, technical execution, independent verification, and downstream handoff. The producing lead is PRA/Risk Engineer; temporary laboratory, supplier, construction, or regulatory support is purchased only for defined products and acceptance evidence.",PB-FP-01; PB-MAT-01; PB-SUPPLY-01; PB-TEST-01,,5,4,2,1,3,3,3,5,3,HP-I1 implementation authorization
P-5.d,Emergency Response Facilities & Communications,Power Reactor,5 - Power-reactor engineering and NRC licensing,EP,2031-10-01,2034-06-30,False,"Execution definition complete; task-specific facility, supplier, and final design inputs remain subject to the listed hold points.",100,"Deliver Emergency Response Facilities & Communications between 2031-10-01 and 2034-06-30 through a controlled sequence of implementation authorization, input/facility readiness, technical execution, independent verification, and downstream handoff. The producing lead is Operations/Training; temporary laboratory, supplier, construction, or regulatory support is purchased only for defined products and acceptance evidence.",PB-CHEM-01; PB-TEST-01,,5,3,5,1,3,1,3,5,3,HP-I1 implementation authorization
P-7.i,"Chemistry, Effluents (ODCM/REMP) & Environmental Monitoring",Power Reactor,5 - Power-reactor engineering and NRC licensing,Operations Programs,2034-04-01,2038-09-30,False,"Execution definition complete; task-specific facility, supplier, and final design inputs remain subject to the listed hold points.",100,"Deliver Chemistry, Effluents (ODCM/REMP) & Environmental Monitoring between 2034-04-01 and 2038-09-30 through a controlled sequence of implementation authorization, input/facility readiness, technical execution, independent verification, and downstream handoff. The producing lead is Operations/Training; temporary laboratory, supplier, construction, or regulatory support is purchased only for defined products and acceptance evidence.",PB-CHEM-01; PB-FP-01; PB-MAT-01; PB-TEST-01; PB-WASTE-01,,5,3,1,1,3,4,3,5,3,HP-I1 implementation authorization
P-3.11.j,Integrated Compliance Demonstration & Sensitivity Analyses,Power Reactor,5 - Power-reactor engineering and NRC licensing,SRP Chapters,2031-01-01,2033-06-30,False,"Execution definition complete; task-specific facility, supplier, and final design inputs remain subject to the listed hold points.",100,"Deliver Integrated Compliance Demonstration & Sensitivity Analyses between 2031-01-01 and 2033-06-30 through a controlled sequence of implementation authorization, input/facility readiness, technical execution, independent verification, and downstream handoff. The producing lead is Radiation Protection/Chemistry; temporary laboratory, supplier, construction, or regulatory support is purchased only for defined products and acceptance evidence.",PB-CHEM-01; PB-FP-01; PB-MAT-01; PB-SUPPLY-01; PB-TEST-01; PB-WASTE-01,,5,4,2,2,3,3,4,5,3,HP-I1 implementation authorization
P-3.13.i,"Training & Qualification Records, Audits, and QA",Power Reactor,5 - Power-reactor engineering and NRC licensing,SRP Chapters,2034-07-01,2038-09-30,False,"Execution definition complete; task-specific facility, supplier, and final design inputs remain subject to the listed hold points.",100,"Deliver Training & Qualification Records, Audits, and QA between 2034-07-01 and 2038-09-30 through a controlled sequence of implementation authorization, input/facility readiness, technical execution, independent verification, and downstream handoff. The producing lead is Quality Assurance; temporary laboratory, supplier, construction, or regulatory support is purchased only for defined products and acceptance evidence.",PB-MAT-01; PB-MCA-01; PB-TEST-01,,5,3,2,1,3,1,3,5,2,HP-I1 implementation authorization
P-3.16.f,Operability Determinations & Functionality Guidance,Power Reactor,5 - Power-reactor engineering and NRC licensing,SRP Chapters,2034-07-01,2036-03-31,False,"Execution definition complete; task-specific facility, supplier, and final design inputs remain subject to the listed hold points.",100,"Deliver Operability Determinations & Functionality Guidance between 2034-07-01 and 2036-03-31 through a controlled sequence of implementation authorization, input/facility readiness, technical execution, independent verification, and downstream handoff. The producing lead is Licensing Engineer; temporary laboratory, supplier, construction, or regulatory support is purchased only for defined products and acceptance evidence.",PB-TEST-01; PB-WASTE-01,,5,3,1,1,3,4,3,5,2,HP-I1 implementation authorization
P-7.j,Operability Determinations (OD/F) & Corrective Action Program (CAP),Power Reactor,5 - Power-reactor engineering and NRC licensing,Operations Programs,2034-07-01,2038-12-31,False,"Execution definition complete; task-specific facility, supplier, and final design inputs remain subject to the listed hold points.",100,"Deliver Operability Determinations (OD/F) & Corrective Action Program (CAP) between 2034-07-01 and 2038-12-31 through a controlled sequence of implementation authorization, input/facility readiness, technical execution, independent verification, and downstream handoff. The producing lead is Operations/Training; temporary laboratory, supplier, construction, or regulatory support is purchased only for defined products and acceptance evidence.",PB-MAT-01; PB-SUPPLY-01; PB-TEST-01,,5,3,1,1,3,4,3,5,2,HP-I1 implementation authorization
P-3.10.k,Piping Design/Supports & Acoustic/Vibration Checks,Power Reactor,5 - Power-reactor engineering and NRC licensing,SRP Chapters,2031-10-01,2034-03-31,False,"Execution definition complete; task-specific facility, supplier, and final design inputs remain subject to the listed hold points.",100,"Deliver Piping Design/Supports & Acoustic/Vibration Checks between 2031-10-01 and 2034-03-31 through a controlled sequence of implementation authorization, input/facility readiness, technical execution, independent verification, and downstream handoff. The producing lead is Mechanical Engineer; temporary laboratory, supplier, construction, or regulatory support is purchased only for defined products and acceptance evidence.",PB-MAT-01; PB-SUPPLY-01; PB-TEST-01,,5,4,5,2,3,1,3,5,3,HP-I1 implementation authorization
P-3.13.j,"FSAR Chapter 13 Drafting, Reviews & Records",Power Reactor,5 - Power-reactor engineering and NRC licensing,SRP Chapters,2031-04-01,2034-03-31,False,"Execution definition complete; task-specific facility, supplier, and final design inputs remain subject to the listed hold points.",100,"Deliver FSAR Chapter 13 Drafting, Reviews & Records between 2031-04-01 and 2034-03-31 through a controlled sequence of implementation authorization, input/facility readiness, technical execution, independent verification, and downstream handoff. The producing lead is Licensing Engineer; temporary laboratory, supplier, construction, or regulatory support is purchased only for defined products and acceptance evidence.",PB-MCA-01; PB-TEST-01,,5,3,2,1,3,1,3,5,2,HP-I1 implementation authorization
P-3.18.n,Control Room/HSI Physical & Environmental Ergonomics,Power Reactor,5 - Power-reactor engineering and NRC licensing,SRP Chapters,2031-10-01,2034-06-30,False,"Execution definition complete; task-specific facility, supplier, and final design inputs remain subject to the listed hold points.",100,"Deliver Control Room/HSI Physical & Environmental Ergonomics between 2031-10-01 and 2034-06-30 through a controlled sequence of implementation authorization, input/facility readiness, technical execution, independent verification, and downstream handoff. The producing lead is Human Factors Engineer; temporary laboratory, supplier, construction, or regulatory support is purchased only for defined products and acceptance evidence.",PB-TEST-01; PB-WASTE-01,,5,3,5,1,3,1,3,5,2,HP-I1 implementation authorization
P-3.8.i,"Documentation: SLDs, Load Lists, Settings, and FSAR Ch.8",Power Reactor,5 - Power-reactor engineering and NRC licensing,SRP Chapters,2031-04-01,2033-06-30,False,"Execution definition complete; task-specific facility, supplier, and final design inputs remain subject to the listed hold points.",100,"Deliver Documentation: SLDs, Load Lists, Settings, and FSAR Ch.8 between 2031-04-01 and 2033-06-30 through a controlled sequence of implementation authorization, input/facility readiness, technical execution, independent verification, and downstream handoff. The producing lead is Licensing Engineer; temporary laboratory, supplier, construction, or regulatory support is purchased only for defined products and acceptance evidence.",PB-TEST-01,,5,3,5,1,3,1,3,5,2,HP-I1 implementation authorization
P-7.k,"Program Performance Indicators, Audits & Readiness",Power Reactor,5 - Power-reactor engineering and NRC licensing,Operations Programs,2034-07-01,2038-12-31,False,"Execution definition complete; task-specific facility, supplier, and final design inputs remain subject to the listed hold points.",100,"Deliver Program Performance Indicators, Audits & Readiness between 2034-07-01 and 2038-12-31 through a controlled sequence of implementation authorization, input/facility readiness, technical execution, independent verification, and downstream handoff. The producing lead is Quality Assurance; temporary laboratory, supplier, construction, or regulatory support is purchased only for defined products and acceptance evidence.",PB-MAT-01; PB-SUPPLY-01; PB-TEST-01,,6,4,5,1,3,4,3,5,2,HP-I1 implementation authorization
P-3.16.b,TS Drafting Using STS Templates,Power Reactor,5 - Power-reactor engineering and NRC licensing,SRP Chapters,2031-10-01,2033-06-30,False,"Execution definition complete; task-specific facility, supplier, and final design inputs remain subject to the listed hold points.",100,"Deliver TS Drafting Using STS Templates between 2031-10-01 and 2033-06-30 through a controlled sequence of implementation authorization, input/facility readiness, technical execution, independent verification, and downstream handoff. The producing lead is Licensing Engineer; temporary laboratory, supplier, construction, or regulatory support is purchased only for defined products and acceptance evidence.",PB-TEST-01; PB-WASTE-01,,5,3,5,1,3,1,3,5,2,HP-I1 implementation authorization
P-3.17.k,"Nonconformance, Corrective Action (CAP) & 10 CFR 21",Power Reactor,5 - Power-reactor engineering and NRC licensing,SRP Chapters,2032-01-01,2034-12-31,True,"Execution definition complete; task-specific facility, supplier, and final design inputs remain subject to the listed hold points.",100,"Deliver Nonconformance, Corrective Action (CAP) & 10 CFR 21 between 2032-01-01 and 2034-12-31 through a controlled sequence of implementation authorization, input/facility readiness, technical execution, independent verification, and downstream handoff. The producing lead is Quality Assurance; temporary laboratory, supplier, construction, or regulatory support is purchased only for defined products and acceptance evidence.",PB-SUPPLY-01; PB-TEST-01; PB-WASTE-01,,5,3,5,1,3,1,3,5,2,HP-I1 implementation authorization
P-4.e,Critical Digital Asset (CDA) Identification & Risk Assessment,Power Reactor,5 - Power-reactor engineering and NRC licensing,Security & Cyber,2031-04-01,2034-03-31,False,"Execution definition complete; task-specific facility, supplier, and final design inputs remain subject to the listed hold points.",100,"Deliver Critical Digital Asset (CDA) Identification & Risk Assessment between 2031-04-01 and 2034-03-31 through a controlled sequence of implementation authorization, input/facility readiness, technical execution, independent verification, and downstream handoff. The producing lead is Cyber/Security Engineer; temporary laboratory, supplier, construction, or regulatory support is purchased only for defined products and acceptance evidence.",PB-MAT-01; PB-MCA-01; PB-TEST-01,,5,3,2,1,3,3,3,5,2,HP-I1 implementation authorization
P-5.e,Dose Assessment Capability & Procedures,Power Reactor,5 - Power-reactor engineering and NRC licensing,EP,2031-04-01,2034-03-31,False,"Execution definition complete; task-specific facility, supplier, and final design inputs remain subject to the listed hold points.",100,"Deliver Dose Assessment Capability & Procedures between 2031-04-01 and 2034-03-31 through a controlled sequence of implementation authorization, input/facility readiness, technical execution, independent verification, and downstream handoff. The producing lead is Operations/Training; temporary laboratory, supplier, construction, or regulatory support is purchased only for defined products and acceptance evidence.",PB-CHEM-01; PB-FP-01; PB-TEST-01,,5,3,2,1,3,3,3,5,3,HP-I1 implementation authorization
P-3.18.m,Integrated System Validation (ISV) - Execution,Power Reactor,5 - Power-reactor engineering and NRC licensing,SRP Chapters,2032-01-01,2034-06-30,False,"Execution definition complete; task-specific facility, supplier, and final design inputs remain subject to the listed hold points.",100,"Deliver Integrated System Validation (ISV) - Execution between 2032-01-01 and 2034-06-30 through a controlled sequence of implementation authorization, input/facility readiness, technical execution, independent verification, and downstream handoff. The producing lead is Human Factors Engineer; temporary laboratory, supplier, construction, or regulatory support is purchased only for defined products and acceptance evidence.",PB-TEST-01; PB-WASTE-01,,6,4,5,1,3,4,3,5,2,HP-I1 implementation authorization
P-4.f,Defensive Controls Implementation & Hardening,Power Reactor,5 - Power-reactor engineering and NRC licensing,Security & Cyber,2032-01-01,2034-03-31,False,"Execution definition complete; task-specific facility, supplier, and final design inputs remain subject to the listed hold points.",100,"Deliver Defensive Controls Implementation & Hardening between 2032-01-01 and 2034-03-31 through a controlled sequence of implementation authorization, input/facility readiness, technical execution, independent verification, and downstream handoff. The producing lead is Cyber/Security Engineer; temporary laboratory, supplier, construction, or regulatory support is purchased only for defined products and acceptance evidence.",PB-MAT-01; PB-MCA-01; PB-TEST-01,,5,3,5,1,3,1,3,5,2,HP-I1 implementation authorization
P-5.f,Public Alert & Notification System (ANS) / IPAWS,Power Reactor,5 - Power-reactor engineering and NRC licensing,EP,2032-04-01,2035-09-30,False,"Execution definition complete; task-specific facility, supplier, and final design inputs remain subject to the listed hold points.",100,"Deliver Public Alert & Notification System (ANS) / IPAWS between 2032-04-01 and 2035-09-30 through a controlled sequence of implementation authorization, input/facility readiness, technical execution, independent verification, and downstream handoff. The producing lead is Operations/Training; temporary laboratory, supplier, construction, or regulatory support is purchased only for defined products and acceptance evidence.",PB-CHEM-01; PB-TEST-01,,5,3,1,1,3,1,3,5,3,HP-I1 implementation authorization
P-3.16.g,"Internal Consistency, Verification & Peer Review",Power Reactor,5 - Power-reactor engineering and NRC licensing,SRP Chapters,2032-01-01,2033-12-31,False,"Execution definition complete; task-specific facility, supplier, and final design inputs remain subject to the listed hold points.",100,"Deliver Internal Consistency, Verification & Peer Review between 2032-01-01 and 2033-12-31 through a controlled sequence of implementation authorization, input/facility readiness, technical execution, independent verification, and downstream handoff. The producing lead is Licensing Engineer; temporary laboratory, supplier, construction, or regulatory support is purchased only for defined products and acceptance evidence.",PB-TEST-01; PB-WASTE-01,,5,3,5,1,3,1,3,5,2,HP-I1 implementation authorization
P-3.18.l,HFE Verification & Validation (V&V) Plan & Readiness,Power Reactor,5 - Power-reactor engineering and NRC licensing,SRP Chapters,2035-01-01,2036-12-31,False,"Execution definition complete; task-specific facility, supplier, and final design inputs remain subject to the listed hold points.",100,"Deliver HFE Verification & Validation (V&V) Plan & Readiness between 2035-01-01 and 2036-12-31 through a controlled sequence of implementation authorization, input/facility readiness, technical execution, independent verification, and downstream handoff. The producing lead is Human Factors Engineer; temporary laboratory, supplier, construction, or regulatory support is purchased only for defined products and acceptance evidence.",PB-TEST-01; PB-WASTE-01,,6,4,5,1,3,4,3,5,2,HP-I1 implementation authorization
P-3.17.i,"Inspection, Test, & Special Processes (Criteria X & IX)",Power Reactor,5 - Power-reactor engineering and NRC licensing,SRP Chapters,2032-04-01,2034-06-30,True,"Execution definition complete; task-specific facility, supplier, and final design inputs remain subject to the listed hold points.",100,"Deliver Inspection, Test, & Special Processes (Criteria X & IX) between 2032-04-01 and 2034-06-30 through a controlled sequence of implementation authorization, input/facility readiness, technical execution, independent verification, and downstream handoff. The producing lead is Quality Assurance; temporary laboratory, supplier, construction, or regulatory support is purchased only for defined products and acceptance evidence.",PB-MAT-01; PB-SUPPLY-01; PB-TEST-01,,6,4,5,1,3,4,3,5,2,HP-I1 implementation authorization
P-7.d,Inservice Inspection (ISI) - ASME Section XI,Power Reactor,5 - Power-reactor engineering and NRC licensing,Operations Programs,2035-04-01,2037-06-30,False,"Execution definition complete; task-specific facility, supplier, and final design inputs remain subject to the listed hold points.",100,"Deliver Inservice Inspection (ISI) - ASME Section XI between 2035-04-01 and 2037-06-30 through a controlled sequence of implementation authorization, input/facility readiness, technical execution, independent verification, and downstream handoff. The producing lead is Operations/Training; temporary laboratory, supplier, construction, or regulatory support is purchased only for defined products and acceptance evidence.",PB-MAT-01; PB-TEST-01,,5,3,1,1,3,4,3,5,2,HP-I1 implementation authorization
P-3.19.m,"SAMG Development, Validation & Training",Power Reactor,5 - Power-reactor engineering and NRC licensing,SRP Chapters,2035-04-01,2037-09-30,True,"Execution definition complete; task-specific facility, supplier, and final design inputs remain subject to the listed hold points.",100,"Deliver SAMG Development, Validation & Training between 2035-04-01 and 2037-09-30 through a controlled sequence of implementation authorization, input/facility readiness, technical execution, independent verification, and downstream handoff. The producing lead is PRA/Risk Engineer; temporary laboratory, supplier, construction, or regulatory support is purchased only for defined products and acceptance evidence.",PB-MAT-01; PB-TEST-01,,5,3,2,1,3,1,3,5,2,HP-I1 implementation authorization
P-5.g,Evacuation Time Estimate (ETE) & Traffic Modeling,Power Reactor,5 - Power-reactor engineering and NRC licensing,EP,2031-10-01,2034-03-31,False,"Execution definition complete; task-specific facility, supplier, and final design inputs remain subject to the listed hold points.",100,"Deliver Evacuation Time Estimate (ETE) & Traffic Modeling between 2031-10-01 and 2034-03-31 through a controlled sequence of implementation authorization, input/facility readiness, technical execution, independent verification, and downstream handoff. The producing lead is Operations/Training; temporary laboratory, supplier, construction, or regulatory support is purchased only for defined products and acceptance evidence.",PB-CHEM-01; PB-TEST-01,,5,3,2,1,3,3,3,5,3,HP-I1 implementation authorization
P-3.18.o,Closure & FSAR Chapter 18 Authoring,Power Reactor,5 - Power-reactor engineering and NRC licensing,SRP Chapters,2031-10-01,2033-12-31,False,"Execution definition complete; task-specific facility, supplier, and final design inputs remain subject to the listed hold points.",100,"Deliver Closure & FSAR Chapter 18 Authoring between 2031-10-01 and 2033-12-31 through a controlled sequence of implementation authorization, input/facility readiness, technical execution, independent verification, and downstream handoff. The producing lead is Licensing Engineer; temporary laboratory, supplier, construction, or regulatory support is purchased only for defined products and acceptance evidence.",PB-TEST-01; PB-WASTE-01,,5,3,5,1,3,1,3,5,2,HP-I1 implementation authorization
P-3.19.j,Peer Review & F&O Closure (RG 1.200),Power Reactor,5 - Power-reactor engineering and NRC licensing,SRP Chapters,2032-04-01,2034-03-31,True,"Execution definition complete; task-specific facility, supplier, and final design inputs remain subject to the listed hold points.",100,"Deliver Peer Review & F&O Closure (RG 1.200) between 2032-04-01 and 2034-03-31 through a controlled sequence of implementation authorization, input/facility readiness, technical execution, independent verification, and downstream handoff. The producing lead is PRA/Risk Engineer; temporary laboratory, supplier, construction, or regulatory support is purchased only for defined products and acceptance evidence.",PB-MAT-01; PB-TEST-01; PB-WASTE-01,,5,3,5,1,3,1,3,5,2,HP-I1 implementation authorization
P-3.13.e,Operator Licensing Plan (10 CFR 55; NUREG-1021),Power Reactor,5 - Power-reactor engineering and NRC licensing,SRP Chapters,2032-01-01,2034-09-30,True,"Execution definition complete; task-specific facility, supplier, and final design inputs remain subject to the listed hold points.",100,"Deliver Operator Licensing Plan (10 CFR 55; NUREG-1021) between 2032-01-01 and 2034-09-30 through a controlled sequence of implementation authorization, input/facility readiness, technical execution, independent verification, and downstream handoff. The producing lead is Operations/Training; temporary laboratory, supplier, construction, or regulatory support is purchased only for defined products and acceptance evidence.",PB-MCA-01; PB-TEST-01,,5,3,2,1,3,1,3,5,2,HP-I1 implementation authorization
P-3.13.f,Emergency Preparedness (EP) Training & ERO Integration (50.47/App E),Power Reactor,5 - Power-reactor engineering and NRC licensing,SRP Chapters,2036-01-01,2038-06-30,False,"Execution definition complete; task-specific facility, supplier, and final design inputs remain subject to the listed hold points.",100,"Deliver Emergency Preparedness (EP) Training & ERO Integration (50.47/App E) between 2036-01-01 and 2038-06-30 through a controlled sequence of implementation authorization, input/facility readiness, technical execution, independent verification, and downstream handoff. The producing lead is Operations/Training; temporary laboratory, supplier, construction, or regulatory support is purchased only for defined products and acceptance evidence.",PB-MCA-01; PB-TEST-01,,5,3,2,1,3,1,3,5,2,HP-I1 implementation authorization
P-5.i,"Staffing, Augmentation & Training (NIMS/ICS)",Power Reactor,5 - Power-reactor engineering and NRC licensing,EP,2036-01-01,2038-06-30,False,"Execution definition complete; task-specific facility, supplier, and final design inputs remain subject to the listed hold points.",100,"Deliver Staffing, Augmentation & Training (NIMS/ICS) between 2036-01-01 and 2038-06-30 through a controlled sequence of implementation authorization, input/facility readiness, technical execution, independent verification, and downstream handoff. The producing lead is Operations/Training; temporary laboratory, supplier, construction, or regulatory support is purchased only for defined products and acceptance evidence.",PB-CHEM-01; PB-TEST-01,,5,3,2,1,3,1,3,5,3,HP-I1 implementation authorization
P-7.g,Fitness-for-Duty (FFD) - 10 CFR 26,Power Reactor,5 - Power-reactor engineering and NRC licensing,Operations Programs,2036-01-01,2037-12-31,False,"Execution definition complete; task-specific facility, supplier, and final design inputs remain subject to the listed hold points.",100,"Deliver Fitness-for-Duty (FFD) - 10 CFR 26 between 2036-01-01 and 2037-12-31 through a controlled sequence of implementation authorization, input/facility readiness, technical execution, independent verification, and downstream handoff. The producing lead is Operations/Training; temporary laboratory, supplier, construction, or regulatory support is purchased only for defined products and acceptance evidence.",PB-CHEM-01; PB-MAT-01; PB-MCA-01; PB-TEST-01,,5,3,1,1,3,4,3,5,3,HP-I1 implementation authorization
P-3.17.m,"Training, Qualification & Indoctrination",Power Reactor,5 - Power-reactor engineering and NRC licensing,SRP Chapters,2036-04-01,2038-12-31,True,"Execution definition complete; task-specific facility, supplier, and final design inputs remain subject to the listed hold points.",100,"Deliver Training, Qualification & Indoctrination between 2036-04-01 and 2038-12-31 through a controlled sequence of implementation authorization, input/facility readiness, technical execution, independent verification, and downstream handoff. The producing lead is Quality Assurance; temporary laboratory, supplier, construction, or regulatory support is purchased only for defined products and acceptance evidence.",PB-SUPPLY-01; PB-TEST-01,,5,3,2,1,3,1,3,5,2,HP-I1 implementation authorization
P-4.g,"Security & Cyber Procedures, Training, and Qualification",Power Reactor,5 - Power-reactor engineering and NRC licensing,Security & Cyber,2036-04-01,2038-03-31,False,"Execution definition complete; task-specific facility, supplier, and final design inputs remain subject to the listed hold points.",100,"Deliver Security & Cyber Procedures, Training, and Qualification between 2036-04-01 and 2038-03-31 through a controlled sequence of implementation authorization, input/facility readiness, technical execution, independent verification, and downstream handoff. The producing lead is Operations/Training; temporary laboratory, supplier, construction, or regulatory support is purchased only for defined products and acceptance evidence.",PB-MAT-01; PB-MCA-01; PB-TEST-01,,5,3,2,1,3,1,3,5,2,HP-I1 implementation authorization
P-4.h,"Drills, Force-on-Force (FOF), and Tabletop Exercises",Power Reactor,5 - Power-reactor engineering and NRC licensing,Security & Cyber,2033-01-01,2034-06-30,False,"Execution definition complete; task-specific facility, supplier, and final design inputs remain subject to the listed hold points.",100,"Deliver Drills, Force-on-Force (FOF), and Tabletop Exercises between 2033-01-01 and 2034-06-30 through a controlled sequence of implementation authorization, input/facility readiness, technical execution, independent verification, and downstream handoff. The producing lead is Cyber/Security Engineer; temporary laboratory, supplier, construction, or regulatory support is purchased only for defined products and acceptance evidence.",PB-MAT-01; PB-MCA-01; PB-TEST-01,,5,3,5,1,3,1,3,5,2,HP-I1 implementation authorization
P-7.e,Inservice Testing (IST) - ASME OM,Power Reactor,5 - Power-reactor engineering and NRC licensing,Operations Programs,2033-01-01,2034-09-30,False,"Execution definition complete; task-specific facility, supplier, and final design inputs remain subject to the listed hold points.",100,"Deliver Inservice Testing (IST) - ASME OM between 2033-01-01 and 2034-09-30 through a controlled sequence of implementation authorization, input/facility readiness, technical execution, independent verification, and downstream handoff. The producing lead is Operations/Training; temporary laboratory, supplier, construction, or regulatory support is purchased only for defined products and acceptance evidence.",PB-MAT-01; PB-TEST-01,,6,4,5,1,3,4,3,5,2,HP-I1 implementation authorization
P-7.h,Training & SAT (Operations and Support),Power Reactor,5 - Power-reactor engineering and NRC licensing,Operations Programs,2036-07-01,2038-06-30,False,"Execution definition complete; task-specific facility, supplier, and final design inputs remain subject to the listed hold points.",100,"Deliver Training & SAT (Operations and Support) between 2036-07-01 and 2038-06-30 through a controlled sequence of implementation authorization, input/facility readiness, technical execution, independent verification, and downstream handoff. The producing lead is Operations/Training; temporary laboratory, supplier, construction, or regulatory support is purchased only for defined products and acceptance evidence.",PB-CHEM-01; PB-MAT-01; PB-TEST-01,,5,3,2,1,3,1,3,5,3,HP-I1 implementation authorization
P-5.j,"Drills, Exercises & Corrective Action",Power Reactor,5 - Power-reactor engineering and NRC licensing,EP,2034-07-01,2036-12-31,False,"Execution definition complete; task-specific facility, supplier, and final design inputs remain subject to the listed hold points.",100,"Deliver Drills, Exercises & Corrective Action between 2034-07-01 and 2036-12-31 through a controlled sequence of implementation authorization, input/facility readiness, technical execution, independent verification, and downstream handoff. The producing lead is Operations/Training; temporary laboratory, supplier, construction, or regulatory support is purchased only for defined products and acceptance evidence.",PB-CHEM-01; PB-MAT-01; PB-SUPPLY-01; PB-TEST-01,,5,3,1,1,3,1,3,5,3,HP-I1 implementation authorization
P-3.17.n,"FSAR Chapter 17 Drafting, Reviews & Submittal",Power Reactor,5 - Power-reactor engineering and NRC licensing,SRP Chapters,2032-10-01,2034-03-31,True,"Execution definition complete; task-specific facility, supplier, and final design inputs remain subject to the listed hold points.",100,"Deliver FSAR Chapter 17 Drafting, Reviews & Submittal between 2032-10-01 and 2034-03-31 through a controlled sequence of implementation authorization, input/facility readiness, technical execution, independent verification, and downstream handoff. The producing lead is Licensing Engineer; temporary laboratory, supplier, construction, or regulatory support is purchased only for defined products and acceptance evidence.",PB-SUPPLY-01; PB-TEST-01,,5,3,5,1,3,1,3,5,2,HP-I1 implementation authorization
P-3.14.a,ITP Planning & Master Test Matrix (RG 1.68 Alignment),Power Reactor,"6 - Power-reactor construction, startup and optimization",SRP Chapters,2034-01-01,2034-09-30,True,"Execution definition complete; task-specific facility, supplier, and final design inputs remain subject to the listed hold points.",100,"Deliver ITP Planning & Master Test Matrix (RG 1.68 Alignment) between 2034-01-01 and 2034-09-30 through a controlled sequence of implementation authorization, input/facility readiness, technical execution, independent verification, and downstream handoff. The producing lead is Test/Commissioning Engineer; temporary laboratory, supplier, construction, or regulatory support is purchased only for defined products and acceptance evidence.",PB-FUEL-01; PB-TEST-01,,6,5,5,1,3,4,3,5,4,HP-I1 implementation authorization
P-3.14.k,Containment Leakage Tests & Special Programs (Interfaces),Power Reactor,"6 - Power-reactor construction, startup and optimization",SRP Chapters,2034-04-01,2036-03-31,True,"Execution definition complete; task-specific facility, supplier, and final design inputs remain subject to the listed hold points.",100,"Deliver Containment Leakage Tests & Special Programs (Interfaces) between 2034-04-01 and 2036-03-31 through a controlled sequence of implementation authorization, input/facility readiness, technical execution, independent verification, and downstream handoff. The producing lead is Test/Commissioning Engineer; temporary laboratory, supplier, construction, or regulatory support is purchased only for defined products and acceptance evidence.",PB-TEST-01,,6,4,5,1,3,4,3,5,2,HP-I1 implementation authorization
P-3.14.p,"FSAR Chapter 14 Drafting, QA Reviews & Records",Power Reactor,"6 - Power-reactor construction, startup and optimization",SRP Chapters,2034-04-01,2036-03-31,True,"Execution definition complete; task-specific facility, supplier, and final design inputs remain subject to the listed hold points.",100,"Deliver FSAR Chapter 14 Drafting, QA Reviews & Records between 2034-04-01 and 2036-03-31 through a controlled sequence of implementation authorization, input/facility readiness, technical execution, independent verification, and downstream handoff. The producing lead is Licensing Engineer; temporary laboratory, supplier, construction, or regulatory support is purchased only for defined products and acceptance evidence.",PB-TEST-01,,6,4,5,1,3,4,3,5,2,HP-I1 implementation authorization
P-13.a,Readiness Governance & Gate Criteria,Power Reactor,"6 - Power-reactor construction, startup and optimization",Readiness,2034-07-01,2035-09-30,True,"Execution definition complete; task-specific facility, supplier, and final design inputs remain subject to the listed hold points.",100,"Deliver Readiness Governance & Gate Criteria between 2034-07-01 and 2035-09-30 through a controlled sequence of implementation authorization, input/facility readiness, technical execution, independent verification, and downstream handoff. The producing lead is Construction Manager; temporary laboratory, supplier, construction, or regulatory support is purchased only for defined products and acceptance evidence.",PB-MAT-01; PB-TEST-01,,6,4,5,1,3,4,3,5,2,HP-I1 implementation authorization
P-13.g,Interface to NRC Inspections & Authorizations,Power Reactor,"6 - Power-reactor construction, startup and optimization",Readiness,2030-01-01,2033-06-30,True,"Execution definition complete; task-specific facility, supplier, and final design inputs remain subject to the listed hold points.",100,"Deliver Interface to NRC Inspections & Authorizations between 2030-01-01 and 2033-06-30 through a controlled sequence of implementation authorization, input/facility readiness, technical execution, independent verification, and downstream handoff. The producing lead is Test/Commissioning Engineer; temporary laboratory, supplier, construction, or regulatory support is purchased only for defined products and acceptance evidence.",PB-MAT-01; PB-TEST-01,,5,3,5,1,3,1,3,5,2,HP-I1 implementation authorization
P-13.h,Configuration Freeze & Change Control at Gates,Power Reactor,"6 - Power-reactor construction, startup and optimization",Readiness,2034-10-01,2036-03-31,True,"Execution definition complete; task-specific facility, supplier, and final design inputs remain subject to the listed hold points.",100,"Deliver Configuration Freeze & Change Control at Gates between 2034-10-01 and 2036-03-31 through a controlled sequence of implementation authorization, input/facility readiness, technical execution, independent verification, and downstream handoff. The producing lead is Thermal-Hydraulics; temporary laboratory, supplier, construction, or regulatory support is purchased only for defined products and acceptance evidence.",PB-CHEM-01; PB-FUEL-01; PB-MAT-01; PB-TEST-01,,6,5,5,1,3,4,3,5,5,HP-I1 implementation authorization
P-PKG-06,Power Reactor Reactor and Balance-of-Plant Construction,Power Reactor,"6 - Power-reactor construction, startup and optimization",Power Reactor Implementation Packages,2030-01-01,2034-09-30,True,"Execution definition complete; task-specific facility, supplier, and final design inputs remain subject to the listed hold points.",100,"Deliver Power Reactor Reactor and Balance-of-Plant Construction between 2030-01-01 and 2034-09-30 through a controlled sequence of implementation authorization, input/facility readiness, technical execution, independent verification, and downstream handoff. The producing lead is Construction Manager; temporary laboratory, supplier, construction, or regulatory support is purchased only for defined products and acceptance evidence.",PB-MAT-01; PB-SUPPLY-01; PB-TEST-01,,5,4,5,1,3,4,3,5,2,HP-I1 implementation authorization
P-3.14.b,Prerequisite Verification & Turnover to Testing,Power Reactor,"6 - Power-reactor construction, startup and optimization",SRP Chapters,2034-10-01,2035-09-30,True,"Execution definition complete; task-specific facility, supplier, and final design inputs remain subject to the listed hold points.",100,"Deliver Prerequisite Verification & Turnover to Testing between 2034-10-01 and 2035-09-30 through a controlled sequence of implementation authorization, input/facility readiness, technical execution, independent verification, and downstream handoff. The producing lead is Test/Commissioning Engineer; temporary laboratory, supplier, construction, or regulatory support is purchased only for defined products and acceptance evidence.",PB-TEST-01,,6,4,5,1,3,4,3,5,2,HP-I1 implementation authorization
P-3.14.c,Preoperational Tests (System-Level),Power Reactor,"6 - Power-reactor construction, startup and optimization",SRP Chapters,2034-10-01,2035-09-30,True,"Execution definition complete; task-specific facility, supplier, and final design inputs remain subject to the listed hold points.",100,"Deliver Preoperational Tests (System-Level) between 2034-10-01 and 2035-09-30 through a controlled sequence of implementation authorization, input/facility readiness, technical execution, independent verification, and downstream handoff. The producing lead is Test/Commissioning Engineer; temporary laboratory, supplier, construction, or regulatory support is purchased only for defined products and acceptance evidence.",PB-FP-01; PB-TEST-01; PB-WASTE-01,,6,4,5,1,3,4,3,5,3,HP-I1 implementation authorization
P-3.14.d,Cold Functional Testing (CFT),Power Reactor,"6 - Power-reactor construction, startup and optimization",SRP Chapters,2035-01-01,2035-12-31,True,"Execution definition complete; task-specific facility, supplier, and final design inputs remain subject to the listed hold points.",100,"Deliver Cold Functional Testing (CFT) between 2035-01-01 and 2035-12-31 through a controlled sequence of implementation authorization, input/facility readiness, technical execution, independent verification, and downstream handoff. The producing lead is Test/Commissioning Engineer; temporary laboratory, supplier, construction, or regulatory support is purchased only for defined products and acceptance evidence.",PB-FUEL-01; PB-TEST-01,,6,5,5,1,3,4,3,5,4,HP-I1 implementation authorization
P-3.14.e,Hot Functional Testing (HFT),Power Reactor,"6 - Power-reactor construction, startup and optimization",SRP Chapters,2035-01-01,2035-12-31,True,"Execution definition complete; task-specific facility, supplier, and final design inputs remain subject to the listed hold points.",100,"Deliver Hot Functional Testing (HFT) between 2035-01-01 and 2035-12-31 through a controlled sequence of implementation authorization, input/facility readiness, technical execution, independent verification, and downstream handoff. The producing lead is Test/Commissioning Engineer; temporary laboratory, supplier, construction, or regulatory support is purchased only for defined products and acceptance evidence.",PB-CHEM-01; PB-TEST-01,,6,4,5,1,3,4,3,5,3,HP-I1 implementation authorization
P-PKG-07,"Initial Core, Commissioning, Spares and Startup Services",Power Reactor,"6 - Power-reactor construction, startup and optimization",Power Reactor Implementation Packages,2034-01-01,2035-12-31,True,"Execution definition complete; task-specific facility, supplier, and final design inputs remain subject to the listed hold points.",100,"Deliver Initial Core, Commissioning, Spares and Startup Services between 2034-01-01 and 2035-12-31 through a controlled sequence of implementation authorization, input/facility readiness, technical execution, independent verification, and downstream handoff. The producing lead is Test/Commissioning Engineer; temporary laboratory, supplier, construction, or regulatory support is purchased only for defined products and acceptance evidence.",PB-SUPPLY-01; PB-TEST-01,,6,4,5,1,3,4,3,5,2,HP-I1 implementation authorization
P-3.14.g,Initial Criticality & Low-Power Physics Testing (LPPT),Power Reactor,"6 - Power-reactor construction, startup and optimization",SRP Chapters,2035-01-01,2035-09-30,True,"Execution definition complete; task-specific facility, supplier, and final design inputs remain subject to the listed hold points.",100,"Deliver Initial Criticality & Low-Power Physics Testing (LPPT) between 2035-01-01 and 2035-09-30 through a controlled sequence of implementation authorization, input/facility readiness, technical execution, independent verification, and downstream handoff. The producing lead is Test/Commissioning Engineer; temporary laboratory, supplier, construction, or regulatory support is purchased only for defined products and acceptance evidence.",PB-FUEL-01; PB-SUPPLY-01; PB-TEST-01,,5,4,2,1,3,3,3,5,4,HP-I1 implementation authorization
P-13.e,"Gate Checklists, Evidence Binders & Walkdowns",Power Reactor,"6 - Power-reactor construction, startup and optimization",Readiness,2031-04-01,2033-03-31,True,"Execution definition complete; task-specific facility, supplier, and final design inputs remain subject to the listed hold points.",100,"Deliver Gate Checklists, Evidence Binders & Walkdowns between 2031-04-01 and 2033-03-31 through a controlled sequence of implementation authorization, input/facility readiness, technical execution, independent verification, and downstream handoff. The producing lead is Fuel/Materials Engineer; temporary laboratory, supplier, construction, or regulatory support is purchased only for defined products and acceptance evidence.",PB-FUEL-01; PB-MAT-01; PB-MCA-01; PB-SUPPLY-01; PB-TEST-01,,5,4,5,2,3,1,3,5,5,HP-I1 implementation authorization
P-3.14.h,Power Ascension Testing (PAT),Power Reactor,"6 - Power-reactor construction, startup and optimization",SRP Chapters,2035-01-01,2035-12-31,True,"Execution definition complete; task-specific facility, supplier, and final design inputs remain subject to the listed hold points.",100,"Deliver Power Ascension Testing (PAT) between 2035-01-01 and 2035-12-31 through a controlled sequence of implementation authorization, input/facility readiness, technical execution, independent verification, and downstream handoff. The producing lead is Test/Commissioning Engineer; temporary laboratory, supplier, construction, or regulatory support is purchased only for defined products and acceptance evidence.",PB-CHEM-01; PB-TEST-01,,6,4,5,1,3,4,3,5,3,HP-I1 implementation authorization
P-3.14.i,Digital I&C Platform Verification & Setpoint As-Left,Power Reactor,"6 - Power-reactor construction, startup and optimization",SRP Chapters,2035-04-01,2036-03-31,True,"Execution definition complete; task-specific facility, supplier, and final design inputs remain subject to the listed hold points.",100,"Deliver Digital I&C Platform Verification & Setpoint As-Left between 2035-04-01 and 2036-03-31 through a controlled sequence of implementation authorization, input/facility readiness, technical execution, independent verification, and downstream handoff. The producing lead is Test/Commissioning Engineer; temporary laboratory, supplier, construction, or regulatory support is purchased only for defined products and acceptance evidence.",PB-TEST-01,,6,4,5,1,3,4,3,5,2,HP-I1 implementation authorization
P-3.14.j,Pre-Service & Initial Inservice Testing (ASME OM),Power Reactor,"6 - Power-reactor construction, startup and optimization",SRP Chapters,2035-04-01,2036-03-31,True,"Execution definition complete; task-specific facility, supplier, and final design inputs remain subject to the listed hold points.",100,"Deliver Pre-Service & Initial Inservice Testing (ASME OM) between 2035-04-01 and 2036-03-31 through a controlled sequence of implementation authorization, input/facility readiness, technical execution, independent verification, and downstream handoff. The producing lead is Test/Commissioning Engineer; temporary laboratory, supplier, construction, or regulatory support is purchased only for defined products and acceptance evidence.",PB-MAT-01; PB-TEST-01,,6,4,5,1,3,4,3,5,2,HP-I1 implementation authorization
P-3.14.f,"Fuel Receipt, Inspection & Load Readiness",Power Reactor,"6 - Power-reactor construction, startup and optimization",SRP Chapters,2035-04-01,2036-03-31,True,"Task-specific execution sequence, facility work, decision gates, acceptance evidence, records, and fallback routes are defined for the current planning basis.",100,"Execute the commercial plant fuel receipt and load-readiness process from pre-shipment document review through package receipt, identity/quantity/chemistry confirmation, storage and MC&A baseline, transfer rehearsal, authorization checks and formal handoff to fuel loading.",PB-CHEM-01; PB-FUEL-01; PB-MAT-01; PB-STARTUP-01; PB-TEST-01,,5,5,5,1,3,4,3,5,5,HP-PFR1 procedure readiness
P-3.14.n,"Data Acquisition, Calibration (M&TE) & Uncertainty",Power Reactor,"6 - Power-reactor construction, startup and optimization",SRP Chapters,2031-07-01,2033-09-30,True,"Execution definition complete; task-specific facility, supplier, and final design inputs remain subject to the listed hold points.",100,"Deliver Data Acquisition, Calibration (M&TE) & Uncertainty between 2031-07-01 and 2033-09-30 through a controlled sequence of implementation authorization, input/facility readiness, technical execution, independent verification, and downstream handoff. The producing lead is Test/Commissioning Engineer; temporary laboratory, supplier, construction, or regulatory support is purchased only for defined products and acceptance evidence.",PB-TEST-01,,5,3,2,1,3,3,3,5,2,HP-I1 implementation authorization
P-13.b,Construction Readiness Review (CRR),Power Reactor,"6 - Power-reactor construction, startup and optimization",Readiness,2035-04-01,2035-12-31,True,"Execution definition complete; task-specific facility, supplier, and final design inputs remain subject to the listed hold points.",100,"Deliver Construction Readiness Review (CRR) between 2035-04-01 and 2035-12-31 through a controlled sequence of implementation authorization, input/facility readiness, technical execution, independent verification, and downstream handoff. The producing lead is Test/Commissioning Engineer; temporary laboratory, supplier, construction, or regulatory support is purchased only for defined products and acceptance evidence.",PB-MAT-01; PB-SUPPLY-01; PB-TEST-01,,6,4,5,1,3,4,3,5,2,HP-I1 implementation authorization
P-13.c,Fuel Load Readiness Review (FLRR),Power Reactor,"6 - Power-reactor construction, startup and optimization",Readiness,2035-07-01,2035-12-31,True,"Execution definition complete; task-specific facility, supplier, and final design inputs remain subject to the listed hold points.",100,"Deliver Fuel Load Readiness Review (FLRR) between 2035-07-01 and 2035-12-31 through a controlled sequence of implementation authorization, input/facility readiness, technical execution, independent verification, and downstream handoff. The producing lead is Test/Commissioning Engineer; temporary laboratory, supplier, construction, or regulatory support is purchased only for defined products and acceptance evidence.",PB-CHEM-01; PB-FUEL-01; PB-MAT-01; PB-MCA-01; PB-STARTUP-01; PB-TEST-01,,6,5,5,1,3,4,3,5,5,HP-I1 implementation authorization
P-13.f,"Exercises, Drills & Demonstrations",Power Reactor,"6 - Power-reactor construction, startup and optimization",Readiness,2032-01-01,2033-12-31,True,"Execution definition complete; task-specific facility, supplier, and final design inputs remain subject to the listed hold points.",100,"Deliver Exercises, Drills & Demonstrations between 2032-01-01 and 2033-12-31 through a controlled sequence of implementation authorization, input/facility readiness, technical execution, independent verification, and downstream handoff. The producing lead is Test/Commissioning Engineer; temporary laboratory, supplier, construction, or regulatory support is purchased only for defined products and acceptance evidence.",PB-FUEL-01; PB-MAT-01; PB-MCA-01; PB-TEST-01,,5,4,2,1,3,3,3,5,4,HP-I1 implementation authorization
P-3.14.o,"Test Exceptions, NCR/CAP, and Resolution",Power Reactor,"6 - Power-reactor construction, startup and optimization",SRP Chapters,2035-07-01,2036-03-31,True,"Execution definition complete; task-specific facility, supplier, and final design inputs remain subject to the listed hold points.",100,"Deliver Test Exceptions, NCR/CAP, and Resolution between 2035-07-01 and 2036-03-31 through a controlled sequence of implementation authorization, input/facility readiness, technical execution, independent verification, and downstream handoff. The producing lead is Test/Commissioning Engineer; temporary laboratory, supplier, construction, or regulatory support is purchased only for defined products and acceptance evidence.",PB-TEST-01,,6,4,5,1,3,4,3,5,2,HP-I1 implementation authorization
P-13.d,Operational Readiness Review (ORR) / Startup Readiness,Power Reactor,"6 - Power-reactor construction, startup and optimization",Readiness,2035-07-01,2036-03-31,True,"Execution definition complete; task-specific facility, supplier, and final design inputs remain subject to the listed hold points.",100,"Deliver Operational Readiness Review (ORR) / Startup Readiness between 2035-07-01 and 2036-03-31 through a controlled sequence of implementation authorization, input/facility readiness, technical execution, independent verification, and downstream handoff. The producing lead is Test/Commissioning Engineer; temporary laboratory, supplier, construction, or regulatory support is purchased only for defined products and acceptance evidence.",PB-CHEM-01; PB-MAT-01; PB-TEST-01,,6,4,5,1,3,4,3,5,3,HP-I1 implementation authorization
P-13.i,"Readiness Boards, Minutes & Closeout",Power Reactor,"6 - Power-reactor construction, startup and optimization",Readiness,2035-10-01,2036-03-31,True,"Execution definition complete; task-specific facility, supplier, and final design inputs remain subject to the listed hold points.",100,"Deliver Readiness Boards, Minutes & Closeout between 2035-10-01 and 2036-03-31 through a controlled sequence of implementation authorization, input/facility readiness, technical execution, independent verification, and downstream handoff. The producing lead is Test/Commissioning Engineer; temporary laboratory, supplier, construction, or regulatory support is purchased only for defined products and acceptance evidence.",PB-MAT-01; PB-TEST-01,,6,4,5,1,3,4,3,5,2,HP-I1 implementation authorization
P-OPT-01,Power-reactor initial criticality and low-power physics commissioning,Power Reactor,"6 - Power-reactor construction, startup and optimization",Power Reactor Startup,2035-01-01,2036-06-30,True,"Execution definition complete; task-specific facility, supplier, and final design inputs remain subject to the listed hold points.",100,"Deliver Power-reactor initial criticality and low-power physics commissioning between 2035-01-01 and 2036-06-30 through a controlled sequence of implementation authorization, input/facility readiness, technical execution, independent verification, and downstream handoff. The producing lead is Reactor Physics; temporary laboratory, supplier, construction, or regulatory support is purchased only for defined products and acceptance evidence.",PB-CHEM-01; PB-FUEL-01; PB-MAT-01; PB-MCA-01; PB-SUPPLY-01; PB-TEST-01; PB-WASTE-01,,6,5,5,1,3,4,3,5,5,HP-I1 implementation authorization
P-OPT-02,"Power ascension, heat balance, protection and performance demonstration",Power Reactor,"6 - Power-reactor construction, startup and optimization",Power Reactor Startup,2035-01-01,2037-12-31,True,"Execution definition complete; task-specific facility, supplier, and final design inputs remain subject to the listed hold points.",100,"Deliver Power ascension, heat balance, protection and performance demonstration between 2035-01-01 and 2037-12-31 through a controlled sequence of implementation authorization, input/facility readiness, technical execution, independent verification, and downstream handoff. The producing lead is Test/Commissioning Engineer; temporary laboratory, supplier, construction, or regulatory support is purchased only for defined products and acceptance evidence.",PB-TEST-01,,6,4,5,1,3,4,3,5,2,HP-I1 implementation authorization
P-OPT-04,"Fuel-salt chemistry, corrosion and component-life optimization",Power Reactor,"6 - Power-reactor construction, startup and optimization",Operational Optimization,2035-04-01,2038-12-31,False,"Execution definition complete; task-specific facility, supplier, and final design inputs remain subject to the listed hold points.",100,"Deliver Fuel-salt chemistry, corrosion and component-life optimization between 2035-04-01 and 2038-12-31 through a controlled sequence of implementation authorization, input/facility readiness, technical execution, independent verification, and downstream handoff. The producing lead is Radiation Protection/Chemistry; temporary laboratory, supplier, construction, or regulatory support is purchased only for defined products and acceptance evidence.",PB-CHEM-01; PB-FP-01; PB-FUEL-01; PB-MAT-01; PB-TEST-01; PB-WASTE-01,,5,4,2,2,3,3,4,5,5,HP-I1 implementation authorization
P-OPT-03,"Reliability-growth, defect elimination and component-performance optimization",Power Reactor,"6 - Power-reactor construction, startup and optimization",Operational Optimization,2035-04-01,2037-12-31,False,"Execution definition complete; task-specific facility, supplier, and final design inputs remain subject to the listed hold points.",100,"Deliver Reliability-growth, defect elimination and component-performance optimization between 2035-04-01 and 2037-12-31 through a controlled sequence of implementation authorization, input/facility readiness, technical execution, independent verification, and downstream handoff. The producing lead is Operations/Training; temporary laboratory, supplier, construction, or regulatory support is purchased only for defined products and acceptance evidence.",PB-CHEM-01; PB-MAT-01; PB-TEST-01; PB-WASTE-01,,5,3,2,1,3,3,3,5,3,HP-I1 implementation authorization
P-OPT-05,"Thermal efficiency, heat-rejection and power-conversion optimization",Power Reactor,"6 - Power-reactor construction, startup and optimization",Operational Optimization,2035-04-01,2038-12-31,False,"Execution definition complete; task-specific facility, supplier, and final design inputs remain subject to the listed hold points.",100,"Deliver Thermal efficiency, heat-rejection and power-conversion optimization between 2035-04-01 and 2038-12-31 through a controlled sequence of implementation authorization, input/facility readiness, technical execution, independent verification, and downstream handoff. The producing lead is Thermal-Hydraulics; temporary laboratory, supplier, construction, or regulatory support is purchased only for defined products and acceptance evidence.",PB-CHEM-01; PB-FUEL-01; PB-MAT-01; PB-TEST-01; PB-WASTE-01,,5,4,2,1,3,3,3,5,5,HP-I1 implementation authorization
P-OPT-06,"Fuel utilization, salt inventory, waste and consumables optimization",Power Reactor,"6 - Power-reactor construction, startup and optimization",Operational Optimization,2035-07-01,2038-12-31,False,"Task-specific execution sequence, facility work, decision gates, acceptance evidence, records, and fallback routes are defined for the current planning basis.",100,"Optimize fuel utilization, circulating inventory, makeup, processing, sampling, consumables and waste only after establishing a controlled operating baseline; use reconciled mass/chemistry/economic data and validated models, pilot changes at bounded scale, evaluate licensing/MC&A/material impacts and implement through formal plant change control.",PB-CHEM-01; PB-FUEL-01; PB-MAT-01; PB-MCA-01; PB-SUPPLY-01; PB-TEST-01; PB-WASTE-01,,5,4,2,1,2,3,3,5,5,HP-FO1 baseline accepted
P-OPT-07,"Staffing, automation, maintenance-duration and availability economics optimization",Power Reactor,"6 - Power-reactor construction, startup and optimization",Operational Optimization,2035-07-01,2038-12-31,False,"Execution definition complete; task-specific facility, supplier, and final design inputs remain subject to the listed hold points.",100,"Deliver Staffing, automation, maintenance-duration and availability economics optimization between 2035-07-01 and 2038-12-31 through a controlled sequence of implementation authorization, input/facility readiness, technical execution, independent verification, and downstream handoff. The producing lead is Operations/Training; temporary laboratory, supplier, construction, or regulatory support is purchased only for defined products and acceptance evidence.",PB-CHEM-01; PB-MAT-01; PB-TEST-01; PB-WASTE-01,,5,3,2,1,3,3,3,5,3,HP-I1 implementation authorization
P-OPT-08,"Commercial performance demonstration, fleet feedback and reference-plant baseline",Power Reactor,"6 - Power-reactor construction, startup and optimization",Operational Optimization,2036-07-01,2038-12-31,False,"Execution definition complete; task-specific facility, supplier, and final design inputs remain subject to the listed hold points.",100,"Deliver Commercial performance demonstration, fleet feedback and reference-plant baseline between 2036-07-01 and 2038-12-31 through a controlled sequence of implementation authorization, input/facility readiness, technical execution, independent verification, and downstream handoff. The producing lead is Chief Nuclear Officer; temporary laboratory, supplier, construction, or regulatory support is purchased only for defined products and acceptance evidence.",PB-CHEM-01; PB-MAT-01; PB-TEST-01; PB-WASTE-01,,5,3,2,1,3,3,3,5,3,HP-I1 implementation authorization
D-LP2-01,"Demonstrator mission, DOE authorization strategy, and Launch Pad route decision",Demonstrator,3 - Demonstrator engineering and authorization,DOE Launch Pad authorization,2026-10-01,2026-11-30,True,"Execution definition complete; task-specific facility, supplier, and final design inputs remain subject to the listed hold points.",100,"Deliver Demonstrator mission, DOE authorization strategy, and Launch Pad route decision between 2026-10-01 and 2026-11-30 through a controlled sequence of implementation authorization, input/facility readiness, technical execution, independent verification, and downstream handoff. The producing lead is LIC; temporary laboratory, supplier, construction, or regulatory support is purchased only for defined products and acceptance evidence.",PB-FUEL-01; PB-MAT-01; PB-MCA-01; PB-TEST-01,,5,4,1,1,3,1,3,5,4,HP-I1 implementation authorization
D-LP2-02,"NRIC/DOE engagement, eligibility package, and project selection support",Demonstrator,3 - Demonstrator engineering and authorization,DOE Launch Pad authorization,2026-10-15,2027-03-31,True,"Execution definition complete; task-specific facility, supplier, and final design inputs remain subject to the listed hold points.",100,"Deliver NRIC/DOE engagement, eligibility package, and project selection support between 2026-10-15 and 2027-03-31 through a controlled sequence of implementation authorization, input/facility readiness, technical execution, independent verification, and downstream handoff. The producing lead is LIC; temporary laboratory, supplier, construction, or regulatory support is purchased only for defined products and acceptance evidence.",PB-FUEL-01; PB-MAT-01; PB-TEST-01,,5,4,2,1,3,1,3,5,4,HP-I1 implementation authorization
D-LP2-03U,"Launch Pad USA host selection, due diligence, and authorization-interface definition",Demonstrator,3 - Demonstrator engineering and authorization,DOE Launch Pad authorization,2026-11-01,2027-06-30,True,"Execution definition complete; task-specific facility, supplier, and final design inputs remain subject to the listed hold points.",100,"Deliver Launch Pad USA host selection, due diligence, and authorization-interface definition between 2026-11-01 and 2027-06-30 through a controlled sequence of implementation authorization, input/facility readiness, technical execution, independent verification, and downstream handoff. The producing lead is LIC; temporary laboratory, supplier, construction, or regulatory support is purchased only for defined products and acceptance evidence.",PB-HOST-01; PB-MCA-01; PB-TEST-01,,5,3,2,1,3,1,3,5,2,HP-I1 implementation authorization
D-LP2-03I,"Launch Pad INL parcel allocation, site data package, and INL services definition",Demonstrator,3 - Demonstrator engineering and authorization,DOE Launch Pad authorization,2026-11-01,2027-05-31,True,"Execution definition complete; task-specific facility, supplier, and final design inputs remain subject to the listed hold points.",100,"Deliver Launch Pad INL parcel allocation, site data package, and INL services definition between 2026-11-01 and 2027-05-31 through a controlled sequence of implementation authorization, input/facility readiness, technical execution, independent verification, and downstream handoff. The producing lead is LIC; temporary laboratory, supplier, construction, or regulatory support is purchased only for defined products and acceptance evidence.",PB-FUEL-01; PB-HOST-01; PB-MAT-01; PB-MCA-01; PB-TEST-01,,5,4,2,1,3,1,3,5,4,HP-I1 implementation authorization
D-LP2-04,"DOE/host contract, intellectual-property, liability, and shared-services agreement",Demonstrator,3 - Demonstrator engineering and authorization,DOE Launch Pad authorization,2027-01-01,2027-09-30,True,"Execution definition complete; task-specific facility, supplier, and final design inputs remain subject to the listed hold points.",100,"Deliver DOE/host contract, intellectual-property, liability, and shared-services agreement between 2027-01-01 and 2027-09-30 through a controlled sequence of implementation authorization, input/facility readiness, technical execution, independent verification, and downstream handoff. The producing lead is LIC; temporary laboratory, supplier, construction, or regulatory support is purchased only for defined products and acceptance evidence.",PB-HOST-01; PB-MAT-01; PB-MCA-01; PB-TEST-01,,5,3,1,1,3,1,3,5,2,HP-I1 implementation authorization
D-LP2-05,"DOE nuclear-safety strategy, hazard categorization, and authorization-basis architecture",Demonstrator,3 - Demonstrator engineering and authorization,DOE Launch Pad authorization,2026-10-15,2027-04-30,True,"Execution definition complete; task-specific facility, supplier, and final design inputs remain subject to the listed hold points.",100,"Deliver DOE nuclear-safety strategy, hazard categorization, and authorization-basis architecture between 2026-10-15 and 2027-04-30 through a controlled sequence of implementation authorization, input/facility readiness, technical execution, independent verification, and downstream handoff. The producing lead is LIC; temporary laboratory, supplier, construction, or regulatory support is purchased only for defined products and acceptance evidence.",PB-HOST-01; PB-MAT-01; PB-TEST-01,,5,3,2,1,3,3,3,5,2,HP-I1 implementation authorization
D-LP2-06,"Preliminary and final documented safety analysis, hazard controls, and technical safety requirements",Demonstrator,3 - Demonstrator engineering and authorization,DOE Launch Pad authorization,2027-01-01,2028-06-30,True,"Execution definition complete; task-specific facility, supplier, and final design inputs remain subject to the listed hold points.",100,"Deliver Preliminary and final documented safety analysis, hazard controls, and technical safety requirements between 2027-01-01 and 2028-06-30 through a controlled sequence of implementation authorization, input/facility readiness, technical execution, independent verification, and downstream handoff. The producing lead is LIC; temporary laboratory, supplier, construction, or regulatory support is purchased only for defined products and acceptance evidence.",PB-CHEM-01; PB-FP-01; PB-FUEL-01; PB-TEST-01,,5,4,2,1,3,1,3,5,5,HP-I1 implementation authorization
D-LP2-07,"NEPA strategy, environmental review, permits, and stakeholder interfaces",Demonstrator,3 - Demonstrator engineering and authorization,DOE Launch Pad authorization,2026-11-01,2027-12-31,True,"Execution definition complete; task-specific facility, supplier, and final design inputs remain subject to the listed hold points.",100,"Deliver NEPA strategy, environmental review, permits, and stakeholder interfaces between 2026-11-01 and 2027-12-31 through a controlled sequence of implementation authorization, input/facility readiness, technical execution, independent verification, and downstream handoff. The producing lead is LIC; temporary laboratory, supplier, construction, or regulatory support is purchased only for defined products and acceptance evidence.",PB-TEST-01; PB-WASTE-01,,5,3,2,1,3,1,3,5,2,HP-I1 implementation authorization
D-LP2-08,"Graded QA, configuration management, procurement, software, and records program",Demonstrator,3 - Demonstrator engineering and authorization,DOE Launch Pad authorization,2026-10-15,2027-06-30,True,"Execution definition complete; task-specific facility, supplier, and final design inputs remain subject to the listed hold points.",100,"Deliver Graded QA, configuration management, procurement, software, and records program between 2026-10-15 and 2027-06-30 through a controlled sequence of implementation authorization, input/facility readiness, technical execution, independent verification, and downstream handoff. The producing lead is LIC; temporary laboratory, supplier, construction, or regulatory support is purchased only for defined products and acceptance evidence.",PB-MAT-01; PB-SUPPLY-01; PB-TEST-01,,5,3,1,1,3,1,3,5,2,HP-I1 implementation authorization
D-LP2-09,"Nuclear material control, safeguards, physical security, emergency management, and transportation strategy",Demonstrator,3 - Demonstrator engineering and authorization,DOE Launch Pad authorization,2027-01-01,2028-03-31,True,"Execution definition complete; task-specific facility, supplier, and final design inputs remain subject to the listed hold points.",100,"Deliver Nuclear material control, safeguards, physical security, emergency management, and transportation strategy between 2027-01-01 and 2028-03-31 through a controlled sequence of implementation authorization, input/facility readiness, technical execution, independent verification, and downstream handoff. The producing lead is LIC; temporary laboratory, supplier, construction, or regulatory support is purchased only for defined products and acceptance evidence.",PB-CHEM-01; PB-FUEL-01; PB-MAT-01; PB-MCA-01; PB-SUPPLY-01; PB-TEST-01,,5,4,1,1,3,4,3,5,5,HP-I1 implementation authorization
D-LP2-10,"Fuel-salt production, acceptance, transport, receipt, storage, and use authorization",Demonstrator,3 - Demonstrator engineering and authorization,DOE Launch Pad authorization,2027-04-01,2028-09-30,True,"Execution definition complete; task-specific facility, supplier, and final design inputs remain subject to the listed hold points.",100,"Deliver Fuel-salt production, acceptance, transport, receipt, storage, and use authorization between 2027-04-01 and 2028-09-30 through a controlled sequence of implementation authorization, input/facility readiness, technical execution, independent verification, and downstream handoff. The producing lead is LIC; temporary laboratory, supplier, construction, or regulatory support is purchased only for defined products and acceptance evidence.",PB-CHEM-01; PB-FP-01; PB-FUEL-01; PB-MAT-01; PB-MCA-01; PB-SUPPLY-01; PB-TEST-01,,5,4,5,2,3,1,4,5,5,HP-I1 implementation authorization
D-LP2-11,"Host systems integration, shared services, and facility modification authorization",Demonstrator,3 - Demonstrator engineering and authorization,DOE Launch Pad authorization,2027-01-01,2027-12-31,True,"Execution definition complete; task-specific facility, supplier, and final design inputs remain subject to the listed hold points.",100,"Deliver Host systems integration, shared services, and facility modification authorization between 2027-01-01 and 2027-12-31 through a controlled sequence of implementation authorization, input/facility readiness, technical execution, independent verification, and downstream handoff. The producing lead is LIC; temporary laboratory, supplier, construction, or regulatory support is purchased only for defined products and acceptance evidence.",PB-HOST-01; PB-MCA-01; PB-TEST-01; PB-WASTE-01,,5,3,5,1,3,1,3,5,2,HP-I1 implementation authorization
D-LP2-12,Integrated DOE/host authorization application and evidence index,Demonstrator,3 - Demonstrator engineering and authorization,DOE Launch Pad authorization,2027-10-01,2028-03-31,True,"Execution definition complete; task-specific facility, supplier, and final design inputs remain subject to the listed hold points.",100,"Deliver Integrated DOE/host authorization application and evidence index between 2027-10-01 and 2028-03-31 through a controlled sequence of implementation authorization, input/facility readiness, technical execution, independent verification, and downstream handoff. The producing lead is LIC; temporary laboratory, supplier, construction, or regulatory support is purchased only for defined products and acceptance evidence.",PB-HOST-01; PB-TEST-01,,5,3,2,1,3,1,3,5,2,HP-I1 implementation authorization
D-LP2-13,"DOE/host technical review, audits, questions, and authorization-condition closure",Demonstrator,3 - Demonstrator engineering and authorization,DOE Launch Pad authorization,2028-01-01,2028-09-30,True,"Execution definition complete; task-specific facility, supplier, and final design inputs remain subject to the listed hold points.",100,"Deliver DOE/host technical review, audits, questions, and authorization-condition closure between 2028-01-01 and 2028-09-30 through a controlled sequence of implementation authorization, input/facility readiness, technical execution, independent verification, and downstream handoff. The producing lead is LIC; temporary laboratory, supplier, construction, or regulatory support is purchased only for defined products and acceptance evidence.",PB-TEST-01,,5,3,2,1,3,1,3,5,2,HP-I1 implementation authorization
D-LP2-14,Construction readiness review and authorization to perform irreversible site work,Demonstrator,3 - Demonstrator engineering and authorization,DOE Launch Pad authorization,2028-07-01,2028-10-31,True,"Execution definition complete; task-specific facility, supplier, and final design inputs remain subject to the listed hold points.",100,"Deliver Construction readiness review and authorization to perform irreversible site work between 2028-07-01 and 2028-10-31 through a controlled sequence of implementation authorization, input/facility readiness, technical execution, independent verification, and downstream handoff. The producing lead is LIC; temporary laboratory, supplier, construction, or regulatory support is purchased only for defined products and acceptance evidence.",PB-HOST-01; PB-MAT-01; PB-MCA-01; PB-SUPPLY-01; PB-TEST-01,,5,3,1,1,3,1,3,5,2,HP-I1 implementation authorization
D-LP2-15,"DOE/host construction oversight, authorization-basis configuration, and turnover evidence",Demonstrator,3 - Demonstrator engineering and authorization,DOE Launch Pad authorization,2028-01-01,2028-12-31,True,"Execution definition complete; task-specific facility, supplier, and final design inputs remain subject to the listed hold points.",100,"Deliver DOE/host construction oversight, authorization-basis configuration, and turnover evidence between 2028-01-01 and 2028-12-31 through a controlled sequence of implementation authorization, input/facility readiness, technical execution, independent verification, and downstream handoff. The producing lead is LIC; temporary laboratory, supplier, construction, or regulatory support is purchased only for defined products and acceptance evidence.",PB-HOST-01; PB-MAT-01; PB-TEST-01; PB-WASTE-01,,5,4,5,1,3,4,3,5,2,HP-I1 implementation authorization
D-LP2-16,"Commissioning, nuclear-material introduction, and operation authorization readiness",Demonstrator,3 - Demonstrator engineering and authorization,DOE Launch Pad authorization,2028-07-01,2028-12-31,True,"Execution definition complete; task-specific facility, supplier, and final design inputs remain subject to the listed hold points.",100,"Deliver Commissioning, nuclear-material introduction, and operation authorization readiness between 2028-07-01 and 2028-12-31 through a controlled sequence of implementation authorization, input/facility readiness, technical execution, independent verification, and downstream handoff. The producing lead is LIC; temporary laboratory, supplier, construction, or regulatory support is purchased only for defined products and acceptance evidence.",PB-FUEL-01; PB-HOST-01; PB-MAT-01; PB-MCA-01; PB-TEST-01,,6,4,5,1,3,4,3,5,4,HP-I1 implementation authorization
D-LP2-17,"Authorization-basis maintenance, experiment change control, occurrence reporting, and closeout",Demonstrator,3 - Demonstrator engineering and authorization,DOE Launch Pad authorization,2029-01-01,2030-12-31,False,"Execution definition complete; task-specific facility, supplier, and final design inputs remain subject to the listed hold points.",100,"Deliver Authorization-basis maintenance, experiment change control, occurrence reporting, and closeout between 2029-01-01 and 2030-12-31 through a controlled sequence of implementation authorization, input/facility readiness, technical execution, independent verification, and downstream handoff. The producing lead is LIC; temporary laboratory, supplier, construction, or regulatory support is purchased only for defined products and acceptance evidence.",PB-TEST-01,,5,3,1,1,3,4,3,5,2,HP-I1 implementation authorization
P50-01,"Part 50 Class 103 CP/OL strategy, design-maturity allocation, and licensing plan",Power Reactor,5 - Power-reactor engineering and licensing,Part 50 licensing,2026-10-01,2027-03-31,True,"Execution definition complete; task-specific facility, supplier, and final design inputs remain subject to the listed hold points.",100,"Deliver Part 50 Class 103 CP/OL strategy, design-maturity allocation, and licensing plan between 2026-10-01 and 2027-03-31 through a controlled sequence of implementation authorization, input/facility readiness, technical execution, independent verification, and downstream handoff. The producing lead is LIC; temporary laboratory, supplier, construction, or regulatory support is purchased only for defined products and acceptance evidence.",PB-MAT-01; PB-SUPPLY-01; PB-TEST-01,,5,3,1,1,3,1,3,5,2,HP-I1 implementation authorization
P50-02,"Part 50 pre-application engagement, topical reports, policy issue closure, and readiness assessments",Power Reactor,5 - Power-reactor engineering and licensing,Part 50 licensing,2026-10-01,2029-03-31,True,"Execution definition complete; task-specific facility, supplier, and final design inputs remain subject to the listed hold points.",100,"Deliver Part 50 pre-application engagement, topical reports, policy issue closure, and readiness assessments between 2026-10-01 and 2029-03-31 through a controlled sequence of implementation authorization, input/facility readiness, technical execution, independent verification, and downstream handoff. The producing lead is LIC; temporary laboratory, supplier, construction, or regulatory support is purchased only for defined products and acceptance evidence.",PB-TEST-01,,5,3,2,1,3,1,3,5,2,HP-I1 implementation authorization
P50-03,"Construction-permit site safety basis, Environmental Report, consultations, and permits",Power Reactor,5 - Power-reactor engineering and licensing,Part 50 licensing,2026-10-01,2028-09-30,True,"Execution definition complete; task-specific facility, supplier, and final design inputs remain subject to the listed hold points.",100,"Deliver Construction-permit site safety basis, Environmental Report, consultations, and permits between 2026-10-01 and 2028-09-30 through a controlled sequence of implementation authorization, input/facility readiness, technical execution, independent verification, and downstream handoff. The producing lead is LIC; temporary laboratory, supplier, construction, or regulatory support is purchased only for defined products and acceptance evidence.",PB-SUPPLY-01; PB-TEST-01,,5,3,2,1,3,1,3,5,2,HP-I1 implementation authorization
P50-04,Preliminary Safety Analysis Report and CP technical application development,Power Reactor,5 - Power-reactor engineering and licensing,Part 50 licensing,2027-01-01,2028-09-30,True,"Execution definition complete; task-specific facility, supplier, and final design inputs remain subject to the listed hold points.",100,"Deliver Preliminary Safety Analysis Report and CP technical application development between 2027-01-01 and 2028-09-30 through a controlled sequence of implementation authorization, input/facility readiness, technical execution, independent verification, and downstream handoff. The producing lead is LIC; temporary laboratory, supplier, construction, or regulatory support is purchased only for defined products and acceptance evidence.",PB-MCA-01; PB-TEST-01,,5,3,2,1,3,1,3,5,2,HP-I1 implementation authorization
P50-05,"Construction Permit application assembly, certifications, and docketing support",Power Reactor,5 - Power-reactor engineering and licensing,Part 50 licensing,2028-01-01,2028-03-31,True,"Execution definition complete; task-specific facility, supplier, and final design inputs remain subject to the listed hold points.",100,"Deliver Construction Permit application assembly, certifications, and docketing support between 2028-01-01 and 2028-03-31 through a controlled sequence of implementation authorization, input/facility readiness, technical execution, independent verification, and downstream handoff. The producing lead is LIC; temporary laboratory, supplier, construction, or regulatory support is purchased only for defined products and acceptance evidence.",PB-MAT-01; PB-MCA-01; PB-TEST-01,,5,3,2,1,3,1,3,5,2,HP-I1 implementation authorization
P50-06,"NRC construction-permit safety and environmental review, audits, and RAI closure",Power Reactor,5 - Power-reactor engineering and licensing,Part 50 licensing,2028-10-01,2029-09-30,True,"Execution definition complete; task-specific facility, supplier, and final design inputs remain subject to the listed hold points.",100,"Deliver NRC construction-permit safety and environmental review, audits, and RAI closure between 2028-10-01 and 2029-09-30 through a controlled sequence of implementation authorization, input/facility readiness, technical execution, independent verification, and downstream handoff. The producing lead is LIC; temporary laboratory, supplier, construction, or regulatory support is purchased only for defined products and acceptance evidence.",PB-SUPPLY-01; PB-TEST-01,,5,3,2,1,3,1,3,5,2,HP-I1 implementation authorization
P50-07,"Construction-permit ACRS review, mandatory hearing, contentions, and CP decision",Power Reactor,5 - Power-reactor engineering and licensing,Part 50 licensing,2029-04-01,2029-12-31,True,"Execution definition complete; task-specific facility, supplier, and final design inputs remain subject to the listed hold points.",100,"Deliver Construction-permit ACRS review, mandatory hearing, contentions, and CP decision between 2029-04-01 and 2029-12-31 through a controlled sequence of implementation authorization, input/facility readiness, technical execution, independent verification, and downstream handoff. The producing lead is LIC; temporary laboratory, supplier, construction, or regulatory support is purchased only for defined products and acceptance evidence.",PB-TEST-01,,5,3,2,1,3,1,3,5,2,HP-I1 implementation authorization
P50-08,"Optional Limited Work Authorization scope, application, and compliance controls",Power Reactor,5 - Power-reactor engineering and licensing,Part 50 licensing,2027-07-01,2029-03-31,False,"Execution definition complete; task-specific facility, supplier, and final design inputs remain subject to the listed hold points.",100,"Deliver Optional Limited Work Authorization scope, application, and compliance controls between 2027-07-01 and 2029-03-31 through a controlled sequence of implementation authorization, input/facility readiness, technical execution, independent verification, and downstream handoff. The producing lead is LIC; temporary laboratory, supplier, construction, or regulatory support is purchased only for defined products and acceptance evidence.",PB-TEST-01,,5,3,2,1,3,1,3,5,2,HP-I1 implementation authorization
P50-09,"CP conditions, commitments, and authorization-to-construct implementation",Power Reactor,5 - Power-reactor engineering and licensing,Part 50 licensing,2029-07-01,2029-12-31,True,"Execution definition complete; task-specific facility, supplier, and final design inputs remain subject to the listed hold points.",100,"Deliver CP conditions, commitments, and authorization-to-construct implementation between 2029-07-01 and 2029-12-31 through a controlled sequence of implementation authorization, input/facility readiness, technical execution, independent verification, and downstream handoff. The producing lead is LIC; temporary laboratory, supplier, construction, or regulatory support is purchased only for defined products and acceptance evidence.",PB-MAT-01; PB-SUPPLY-01; PB-TEST-01,,5,3,1,1,3,1,3,5,2,HP-I1 implementation authorization
P50-10,"Detailed design completion, PSAR-to-as-built configuration control, and OL impact evaluation",Power Reactor,5 - Power-reactor engineering and licensing,Part 50 licensing,2028-01-01,2034-03-31,True,"Execution definition complete; task-specific facility, supplier, and final design inputs remain subject to the listed hold points.",100,"Deliver Detailed design completion, PSAR-to-as-built configuration control, and OL impact evaluation between 2028-01-01 and 2034-03-31 through a controlled sequence of implementation authorization, input/facility readiness, technical execution, independent verification, and downstream handoff. The producing lead is LIC; temporary laboratory, supplier, construction, or regulatory support is purchased only for defined products and acceptance evidence.",PB-SUPPLY-01; PB-TEST-01; PB-WASTE-01,,5,3,5,1,3,1,3,5,2,HP-I1 implementation authorization
P50-11,"Part 50 construction inspection readiness, quality oversight, and regulatory reporting",Power Reactor,5 - Power-reactor engineering and licensing,Part 50 licensing,2029-10-01,2034-12-31,True,"Execution definition complete; task-specific facility, supplier, and final design inputs remain subject to the listed hold points.",100,"Deliver Part 50 construction inspection readiness, quality oversight, and regulatory reporting between 2029-10-01 and 2034-12-31 through a controlled sequence of implementation authorization, input/facility readiness, technical execution, independent verification, and downstream handoff. The producing lead is LIC; temporary laboratory, supplier, construction, or regulatory support is purchased only for defined products and acceptance evidence.",PB-MAT-01; PB-SUPPLY-01; PB-TEST-01,,5,4,5,1,3,4,3,5,2,HP-I1 implementation authorization
P50-12,Final Safety Analysis Report and as-built safety-analysis application development,Power Reactor,5 - Power-reactor engineering and licensing,Part 50 licensing,2031-01-01,2033-06-30,True,"Execution definition complete; task-specific facility, supplier, and final design inputs remain subject to the listed hold points.",100,"Deliver Final Safety Analysis Report and as-built safety-analysis application development between 2031-01-01 and 2033-06-30 through a controlled sequence of implementation authorization, input/facility readiness, technical execution, independent verification, and downstream handoff. The producing lead is LIC; temporary laboratory, supplier, construction, or regulatory support is purchased only for defined products and acceptance evidence.",PB-MAT-01; PB-TEST-01; PB-WASTE-01,,5,3,2,1,3,1,3,5,2,HP-I1 implementation authorization
P50-13,"Technical Specifications, operating programs, staffing, training, EP, security, and simulator readiness",Power Reactor,5 - Power-reactor engineering and licensing,Part 50 licensing,2031-01-01,2034-06-30,True,"Execution definition complete; task-specific facility, supplier, and final design inputs remain subject to the listed hold points.",100,"Deliver Technical Specifications, operating programs, staffing, training, EP, security, and simulator readiness between 2031-01-01 and 2034-06-30 through a controlled sequence of implementation authorization, input/facility readiness, technical execution, independent verification, and downstream handoff. The producing lead is LIC; temporary laboratory, supplier, construction, or regulatory support is purchased only for defined products and acceptance evidence.",PB-CHEM-01; PB-MCA-01; PB-TEST-01,,5,3,2,1,3,1,3,5,3,HP-I1 implementation authorization
P50-14,"Operating License application assembly, submittal, and docketing",Power Reactor,5 - Power-reactor engineering and licensing,Part 50 licensing,2033-01-01,2033-06-30,True,"Execution definition complete; task-specific facility, supplier, and final design inputs remain subject to the listed hold points.",100,"Deliver Operating License application assembly, submittal, and docketing between 2033-01-01 and 2033-06-30 through a controlled sequence of implementation authorization, input/facility readiness, technical execution, independent verification, and downstream handoff. The producing lead is LIC; temporary laboratory, supplier, construction, or regulatory support is purchased only for defined products and acceptance evidence.",PB-MCA-01; PB-TEST-01,,5,3,2,1,3,1,3,5,2,HP-I1 implementation authorization
P50-15,"Preoperational, startup, and power-ascension evidence for OL findings",Power Reactor,5 - Power-reactor engineering and licensing,Part 50 licensing,2033-01-01,2035-03-31,True,"Execution definition complete; task-specific facility, supplier, and final design inputs remain subject to the listed hold points.",100,"Deliver Preoperational, startup, and power-ascension evidence for OL findings between 2033-01-01 and 2035-03-31 through a controlled sequence of implementation authorization, input/facility readiness, technical execution, independent verification, and downstream handoff. The producing lead is LIC; temporary laboratory, supplier, construction, or regulatory support is purchased only for defined products and acceptance evidence.",PB-FUEL-01; PB-TEST-01,,6,5,5,1,3,4,3,5,4,HP-I1 implementation authorization
P50-16,"NRC operating-license review, RAIs, audits, inspections, and confirmatory-item closure",Power Reactor,5 - Power-reactor engineering and licensing,Part 50 licensing,2033-07-01,2035-01-31,True,"Execution definition complete; task-specific facility, supplier, and final design inputs remain subject to the listed hold points.",100,"Deliver NRC operating-license review, RAIs, audits, inspections, and confirmatory-item closure between 2033-07-01 and 2035-01-31 through a controlled sequence of implementation authorization, input/facility readiness, technical execution, independent verification, and downstream handoff. The producing lead is LIC; temporary laboratory, supplier, construction, or regulatory support is purchased only for defined products and acceptance evidence.",PB-MAT-01; PB-TEST-01,,5,3,2,1,3,1,3,5,2,HP-I1 implementation authorization
P50-17,"Operating-license ACRS review, hearing, and final licensing record",Power Reactor,5 - Power-reactor engineering and licensing,Part 50 licensing,2034-01-01,2035-02-28,True,"Execution definition complete; task-specific facility, supplier, and final design inputs remain subject to the listed hold points.",100,"Deliver Operating-license ACRS review, hearing, and final licensing record between 2034-01-01 and 2035-02-28 through a controlled sequence of implementation authorization, input/facility readiness, technical execution, independent verification, and downstream handoff. The producing lead is LIC; temporary laboratory, supplier, construction, or regulatory support is purchased only for defined products and acceptance evidence.",PB-TEST-01,,5,3,2,1,3,1,3,5,2,HP-I1 implementation authorization
P50-18,"10 CFR 50.57 findings, Operating License issuance, and startup authorization implementation",Power Reactor,5 - Power-reactor engineering and licensing,Part 50 licensing,2035-01-01,2035-03-31,True,"Execution definition complete; task-specific facility, supplier, and final design inputs remain subject to the listed hold points.",100,"Deliver 10 CFR 50.57 findings, Operating License issuance, and startup authorization implementation between 2035-01-01 and 2035-03-31 through a controlled sequence of implementation authorization, input/facility readiness, technical execution, independent verification, and downstream handoff. The producing lead is LIC; temporary laboratory, supplier, construction, or regulatory support is purchased only for defined products and acceptance evidence.",PB-MAT-01; PB-TEST-01,,5,3,2,1,3,1,3,5,2,HP-I1 implementation authorization
P50-19,"Early-operation licensing-basis maintenance, startup amendments, and first-cycle feedback",Power Reactor,5 - Power-reactor engineering and licensing,Part 50 licensing,2035-04-01,2038-12-31,False,"Execution definition complete; task-specific facility, supplier, and final design inputs remain subject to the listed hold points.",100,"Deliver Early-operation licensing-basis maintenance, startup amendments, and first-cycle feedback between 2035-04-01 and 2038-12-31 through a controlled sequence of implementation authorization, input/facility readiness, technical execution, independent verification, and downstream handoff. The producing lead is LIC; temporary laboratory, supplier, construction, or regulatory support is purchased only for defined products and acceptance evidence.",PB-CHEM-01; PB-MAT-01; PB-TEST-01,,5,3,1,1,3,4,3,5,3,HP-I1 implementation authorization
P52-01,"Part 52 product-stack decision, design-finality strategy, and fleet business case",Power Reactor,5 - Power-reactor engineering and licensing,Part 52 licensing,2026-10-01,2027-03-31,True,"Execution definition complete; task-specific facility, supplier, and final design inputs remain subject to the listed hold points.",100,"Deliver Part 52 product-stack decision, design-finality strategy, and fleet business case between 2026-10-01 and 2027-03-31 through a controlled sequence of implementation authorization, input/facility readiness, technical execution, independent verification, and downstream handoff. The producing lead is LIC; temporary laboratory, supplier, construction, or regulatory support is purchased only for defined products and acceptance evidence.",PB-TEST-01,,5,3,1,1,3,1,3,5,2,HP-I1 implementation authorization
P52-02,"Part 52 pre-application engagement, topical reports, readiness assessments, and review-plan alignment",Power Reactor,5 - Power-reactor engineering and licensing,Part 52 licensing,2026-10-01,2029-03-31,True,"Execution definition complete; task-specific facility, supplier, and final design inputs remain subject to the listed hold points.",100,"Deliver Part 52 pre-application engagement, topical reports, readiness assessments, and review-plan alignment between 2026-10-01 and 2029-03-31 through a controlled sequence of implementation authorization, input/facility readiness, technical execution, independent verification, and downstream handoff. The producing lead is LIC; temporary laboratory, supplier, construction, or regulatory support is purchased only for defined products and acceptance evidence.",PB-CHEM-01; PB-FP-01; PB-FUEL-01; PB-MAT-01; PB-MCA-01; PB-TEST-01,,5,4,2,1,3,1,3,5,5,HP-I1 implementation authorization
P52-E01,"Early Site Permit application: site safety, environmental, emergency, and site-parameter envelope",Power Reactor,5 - Power-reactor engineering and licensing,Part 52 licensing,2026-10-01,2027-06-30,True,"Execution definition complete; task-specific facility, supplier, and final design inputs remain subject to the listed hold points.",100,"Deliver Early Site Permit application: site safety, environmental, emergency, and site-parameter envelope between 2026-10-01 and 2027-06-30 through a controlled sequence of implementation authorization, input/facility readiness, technical execution, independent verification, and downstream handoff. The producing lead is LIC; temporary laboratory, supplier, construction, or regulatory support is purchased only for defined products and acceptance evidence.",PB-TEST-01,,5,3,2,1,3,1,3,5,2,HP-I1 implementation authorization
P52-E02,"NRC ESP review, environmental impact statement, hearing, and ESP issuance",Power Reactor,5 - Power-reactor engineering and licensing,Part 52 licensing,2027-04-01,2029-03-31,True,"Execution definition complete; task-specific facility, supplier, and final design inputs remain subject to the listed hold points.",100,"Deliver NRC ESP review, environmental impact statement, hearing, and ESP issuance between 2027-04-01 and 2029-03-31 through a controlled sequence of implementation authorization, input/facility readiness, technical execution, independent verification, and downstream handoff. The producing lead is LIC; temporary laboratory, supplier, construction, or regulatory support is purchased only for defined products and acceptance evidence.",PB-TEST-01,,5,3,2,1,3,1,3,5,2,HP-I1 implementation authorization
P52-03,"Standard design completion, design reference baseline, and certification-quality engineering",Power Reactor,5 - Power-reactor engineering and licensing,Part 52 licensing,2026-10-01,2029-06-30,True,"Execution definition complete; task-specific facility, supplier, and final design inputs remain subject to the listed hold points.",100,"Deliver Standard design completion, design reference baseline, and certification-quality engineering between 2026-10-01 and 2029-06-30 through a controlled sequence of implementation authorization, input/facility readiness, technical execution, independent verification, and downstream handoff. The producing lead is LIC; temporary laboratory, supplier, construction, or regulatory support is purchased only for defined products and acceptance evidence.",PB-FP-01; PB-TEST-01,,5,3,5,1,3,1,3,5,3,HP-I1 implementation authorization
P52-D01,"Design Certification application, Tier 1/Tier 2 content, and standard-design ITAAC",Power Reactor,5 - Power-reactor engineering and licensing,Part 52 licensing,2027-01-01,2027-09-30,True,"Execution definition complete; task-specific facility, supplier, and final design inputs remain subject to the listed hold points.",100,"Deliver Design Certification application, Tier 1/Tier 2 content, and standard-design ITAAC between 2027-01-01 and 2027-09-30 through a controlled sequence of implementation authorization, input/facility readiness, technical execution, independent verification, and downstream handoff. The producing lead is LIC; temporary laboratory, supplier, construction, or regulatory support is purchased only for defined products and acceptance evidence.",PB-MAT-01; PB-TEST-01,,5,3,2,1,3,1,3,5,2,HP-I1 implementation authorization
P52-D02,"NRC Design Certification technical review, audits, RAIs, and ACRS closure",Power Reactor,5 - Power-reactor engineering and licensing,Part 52 licensing,2027-10-01,2029-06-30,True,"Execution definition complete; task-specific facility, supplier, and final design inputs remain subject to the listed hold points.",100,"Deliver NRC Design Certification technical review, audits, RAIs, and ACRS closure between 2027-10-01 and 2029-06-30 through a controlled sequence of implementation authorization, input/facility readiness, technical execution, independent verification, and downstream handoff. The producing lead is LIC; temporary laboratory, supplier, construction, or regulatory support is purchased only for defined products and acceptance evidence.",PB-TEST-01,,5,3,2,1,3,1,3,5,2,HP-I1 implementation authorization
P52-D03,"Design Certification rulemaking, public comments, final certification, and reference implementation",Power Reactor,5 - Power-reactor engineering and licensing,Part 52 licensing,2029-01-01,2029-09-30,True,"Execution definition complete; task-specific facility, supplier, and final design inputs remain subject to the listed hold points.",100,"Deliver Design Certification rulemaking, public comments, final certification, and reference implementation between 2029-01-01 and 2029-09-30 through a controlled sequence of implementation authorization, input/facility readiness, technical execution, independent verification, and downstream handoff. The producing lead is LIC; temporary laboratory, supplier, construction, or regulatory support is purchased only for defined products and acceptance evidence.",PB-TEST-01,,5,3,2,1,3,1,3,5,2,HP-I1 implementation authorization
P52-04,"COL site-specific design, Environmental Report, and referenced-approval reconciliation",Power Reactor,5 - Power-reactor engineering and licensing,Part 52 licensing,2027-01-01,2028-12-31,True,"Execution definition complete; task-specific facility, supplier, and final design inputs remain subject to the listed hold points.",100,"Deliver COL site-specific design, Environmental Report, and referenced-approval reconciliation between 2027-01-01 and 2028-12-31 through a controlled sequence of implementation authorization, input/facility readiness, technical execution, independent verification, and downstream handoff. The producing lead is LIC; temporary laboratory, supplier, construction, or regulatory support is purchased only for defined products and acceptance evidence.",PB-MCA-01; PB-TEST-01,,5,3,5,1,3,1,3,5,2,HP-I1 implementation authorization
P52-05,"Tier 1, Tier 2, departures, exemptions, COL action items, and ITAAC architecture",Power Reactor,5 - Power-reactor engineering and licensing,Part 52 licensing,2027-04-01,2028-12-31,True,"Execution definition complete; task-specific facility, supplier, and final design inputs remain subject to the listed hold points.",100,"Deliver Tier 1, Tier 2, departures, exemptions, COL action items, and ITAAC architecture between 2027-04-01 and 2028-12-31 through a controlled sequence of implementation authorization, input/facility readiness, technical execution, independent verification, and downstream handoff. The producing lead is LIC; temporary laboratory, supplier, construction, or regulatory support is purchased only for defined products and acceptance evidence.",PB-MAT-01; PB-TEST-01,,5,3,2,1,3,1,3,5,2,HP-I1 implementation authorization
P52-06,"Combined License application: final design, FSAR, programs, Technical Specifications, ER, and ITAAC",Power Reactor,5 - Power-reactor engineering and licensing,Part 52 licensing,2027-07-01,2028-12-31,True,"Execution definition complete; task-specific facility, supplier, and final design inputs remain subject to the listed hold points.",100,"Deliver Combined License application: final design, FSAR, programs, Technical Specifications, ER, and ITAAC between 2027-07-01 and 2028-12-31 through a controlled sequence of implementation authorization, input/facility readiness, technical execution, independent verification, and downstream handoff. The producing lead is LIC; temporary laboratory, supplier, construction, or regulatory support is purchased only for defined products and acceptance evidence.",PB-TEST-01,,5,3,2,1,3,1,3,5,2,HP-I1 implementation authorization
P52-07,"NRC COL safety, environmental, safeguards, and program review; audits and RAI closure",Power Reactor,5 - Power-reactor engineering and licensing,Part 52 licensing,2028-07-01,2029-09-30,True,"Execution definition complete; task-specific facility, supplier, and final design inputs remain subject to the listed hold points.",100,"Deliver NRC COL safety, environmental, safeguards, and program review; audits and RAI closure between 2028-07-01 and 2029-09-30 through a controlled sequence of implementation authorization, input/facility readiness, technical execution, independent verification, and downstream handoff. The producing lead is LIC; temporary laboratory, supplier, construction, or regulatory support is purchased only for defined products and acceptance evidence.",PB-MCA-01; PB-SUPPLY-01; PB-TEST-01,,5,3,2,1,3,1,3,5,2,HP-I1 implementation authorization
P52-08,"COL ACRS review, mandatory hearing, contentions, and Commission decision",Power Reactor,5 - Power-reactor engineering and licensing,Part 52 licensing,2029-01-01,2029-12-31,True,"Execution definition complete; task-specific facility, supplier, and final design inputs remain subject to the listed hold points.",100,"Deliver COL ACRS review, mandatory hearing, contentions, and Commission decision between 2029-01-01 and 2029-12-31 through a controlled sequence of implementation authorization, input/facility readiness, technical execution, independent verification, and downstream handoff. The producing lead is LIC; temporary laboratory, supplier, construction, or regulatory support is purchased only for defined products and acceptance evidence.",PB-TEST-01,,5,3,2,1,3,1,3,5,2,HP-I1 implementation authorization
P52-09,"COL issuance, license-condition implementation, and construction authorization readiness",Power Reactor,5 - Power-reactor engineering and licensing,Part 52 licensing,2029-10-01,2029-12-31,True,"Execution definition complete; task-specific facility, supplier, and final design inputs remain subject to the listed hold points.",100,"Deliver COL issuance, license-condition implementation, and construction authorization readiness between 2029-10-01 and 2029-12-31 through a controlled sequence of implementation authorization, input/facility readiness, technical execution, independent verification, and downstream handoff. The producing lead is LIC; temporary laboratory, supplier, construction, or regulatory support is purchased only for defined products and acceptance evidence.",PB-SUPPLY-01; PB-TEST-01,,5,3,2,1,3,1,3,5,2,HP-I1 implementation authorization
P52-10,"Certified/COL design departure, exemption, amendment, and configuration-control program",Power Reactor,5 - Power-reactor engineering and licensing,Part 52 licensing,2029-10-01,2038-12-31,True,"Execution definition complete; task-specific facility, supplier, and final design inputs remain subject to the listed hold points.",100,"Deliver Certified/COL design departure, exemption, amendment, and configuration-control program between 2029-10-01 and 2038-12-31 through a controlled sequence of implementation authorization, input/facility readiness, technical execution, independent verification, and downstream handoff. The producing lead is LIC; temporary laboratory, supplier, construction, or regulatory support is purchased only for defined products and acceptance evidence.",PB-SUPPLY-01; PB-TEST-01,,5,3,1,1,3,1,3,5,2,HP-I1 implementation authorization
P52-11,"ITAAC program, execution schedule, vendor test crosswalk, and objective-evidence architecture",Power Reactor,5 - Power-reactor engineering and licensing,Part 52 licensing,2028-01-01,2030-06-30,True,"Execution definition complete; task-specific facility, supplier, and final design inputs remain subject to the listed hold points.",100,"Deliver ITAAC program, execution schedule, vendor test crosswalk, and objective-evidence architecture between 2028-01-01 and 2030-06-30 through a controlled sequence of implementation authorization, input/facility readiness, technical execution, independent verification, and downstream handoff. The producing lead is LIC; temporary laboratory, supplier, construction, or regulatory support is purchased only for defined products and acceptance evidence.",PB-SUPPLY-01; PB-TEST-01,,5,3,1,1,3,1,3,5,2,HP-I1 implementation authorization
P52-12,"ITAAC inspections, tests, analyses, evidence collection, and exception resolution",Power Reactor,5 - Power-reactor engineering and licensing,Part 52 licensing,2030-01-01,2034-06-30,True,"Execution definition complete; task-specific facility, supplier, and final design inputs remain subject to the listed hold points.",100,"Deliver ITAAC inspections, tests, analyses, evidence collection, and exception resolution between 2030-01-01 and 2034-06-30 through a controlled sequence of implementation authorization, input/facility readiness, technical execution, independent verification, and downstream handoff. The producing lead is LIC; temporary laboratory, supplier, construction, or regulatory support is purchased only for defined products and acceptance evidence.",PB-MAT-01; PB-TEST-01,,6,4,5,1,3,4,3,5,2,HP-I1 implementation authorization
P52-13,"ITAAC Closure Notifications, UINs, public docket index, and all-ITAAC-complete package",Power Reactor,5 - Power-reactor engineering and licensing,Part 52 licensing,2031-01-01,2035-01-31,True,"Execution definition complete; task-specific facility, supplier, and final design inputs remain subject to the listed hold points.",100,"Deliver ITAAC Closure Notifications, UINs, public docket index, and all-ITAAC-complete package between 2031-01-01 and 2035-01-31 through a controlled sequence of implementation authorization, input/facility readiness, technical execution, independent verification, and downstream handoff. The producing lead is LIC; temporary laboratory, supplier, construction, or regulatory support is purchased only for defined products and acceptance evidence.",PB-MAT-01; PB-TEST-01,,5,3,2,1,3,1,3,5,2,HP-I1 implementation authorization
P52-14,"Preoperational ITAAC hearing, 52.103(f) petition readiness, and operation-finding evidence",Power Reactor,5 - Power-reactor engineering and licensing,Part 52 licensing,2034-06-01,2035-02-28,True,"Execution definition complete; task-specific facility, supplier, and final design inputs remain subject to the listed hold points.",100,"Deliver Preoperational ITAAC hearing, 52.103(f) petition readiness, and operation-finding evidence between 2034-06-01 and 2035-02-28 through a controlled sequence of implementation authorization, input/facility readiness, technical execution, independent verification, and downstream handoff. The producing lead is LIC; temporary laboratory, supplier, construction, or regulatory support is purchased only for defined products and acceptance evidence.",PB-FUEL-01; PB-TEST-01,,5,4,2,1,3,1,3,5,4,HP-I1 implementation authorization
P52-15,"52.103(g) acceptance-criteria finding, license transition, and authorization to operate",Power Reactor,5 - Power-reactor engineering and licensing,Part 52 licensing,2035-01-01,2035-03-31,True,"Execution definition complete; task-specific facility, supplier, and final design inputs remain subject to the listed hold points.",100,"Deliver 52.103(g) acceptance-criteria finding, license transition, and authorization to operate between 2035-01-01 and 2035-03-31 through a controlled sequence of implementation authorization, input/facility readiness, technical execution, independent verification, and downstream handoff. The producing lead is LIC; temporary laboratory, supplier, construction, or regulatory support is purchased only for defined products and acceptance evidence.",PB-MAT-01; PB-TEST-01,,5,3,2,1,3,1,3,5,2,HP-I1 implementation authorization
P52-16,Post-52.103 licensing-basis maintenance and fleet reuse of certified/COL assets,Power Reactor,5 - Power-reactor engineering and licensing,Part 52 licensing,2035-04-01,2038-12-31,False,"Execution definition complete; task-specific facility, supplier, and final design inputs remain subject to the listed hold points.",100,"Deliver Post-52.103 licensing-basis maintenance and fleet reuse of certified/COL assets between 2035-04-01 and 2038-12-31 through a controlled sequence of implementation authorization, input/facility readiness, technical execution, independent verification, and downstream handoff. The producing lead is LIC; temporary laboratory, supplier, construction, or regulatory support is purchased only for defined products and acceptance evidence.",PB-SUPPLY-01; PB-TEST-01,,5,3,2,1,3,1,3,5,2,HP-I1 implementation authorization
P53-01,"Part 53 license-product selection, risk-method strategy, and implementation plan",Power Reactor,5 - Power-reactor engineering and licensing,Part 53 licensing,2026-10-01,2027-03-31,True,"Execution definition complete; task-specific facility, supplier, and final design inputs remain subject to the listed hold points.",100,"Deliver Part 53 license-product selection, risk-method strategy, and implementation plan between 2026-10-01 and 2027-03-31 through a controlled sequence of implementation authorization, input/facility readiness, technical execution, independent verification, and downstream handoff. The producing lead is LIC; temporary laboratory, supplier, construction, or regulatory support is purchased only for defined products and acceptance evidence.",PB-TEST-01,,5,3,1,1,3,1,3,5,2,HP-I1 implementation authorization
P53-02,"Part 53 pre-application engagement, regulatory engagement plan, policy papers, topicals, and readiness assessments",Power Reactor,5 - Power-reactor engineering and licensing,Part 53 licensing,2026-10-01,2028-06-30,True,"Execution definition complete; task-specific facility, supplier, and final design inputs remain subject to the listed hold points.",100,"Deliver Part 53 pre-application engagement, regulatory engagement plan, policy papers, topicals, and readiness assessments between 2026-10-01 and 2028-06-30 through a controlled sequence of implementation authorization, input/facility readiness, technical execution, independent verification, and downstream handoff. The producing lead is LIC; temporary laboratory, supplier, construction, or regulatory support is purchased only for defined products and acceptance evidence.",PB-MCA-01; PB-TEST-01,,5,3,2,1,3,1,3,5,2,HP-I1 implementation authorization
P53-03,"PRA/SRE methods, data, software QA, model governance, and technical-adequacy program",Power Reactor,5 - Power-reactor engineering and licensing,Part 53 licensing,2026-10-01,2029-06-30,True,"Execution definition complete; task-specific facility, supplier, and final design inputs remain subject to the listed hold points.",100,"Deliver PRA/SRE methods, data, software QA, model governance, and technical-adequacy program between 2026-10-01 and 2029-06-30 through a controlled sequence of implementation authorization, input/facility readiness, technical execution, independent verification, and downstream handoff. The producing lead is LIC; temporary laboratory, supplier, construction, or regulatory support is purchased only for defined products and acceptance evidence.",PB-TEST-01,,5,3,2,1,3,3,3,5,2,HP-I1 implementation authorization
P53-04,"Licensing-basis-event selection, PRA/SRE development, uncertainty, and peer review",Power Reactor,5 - Power-reactor engineering and licensing,Part 53 licensing,2027-01-01,2029-06-30,True,"Execution definition complete; task-specific facility, supplier, and final design inputs remain subject to the listed hold points.",100,"Deliver Licensing-basis-event selection, PRA/SRE development, uncertainty, and peer review between 2027-01-01 and 2029-06-30 through a controlled sequence of implementation authorization, input/facility readiness, technical execution, independent verification, and downstream handoff. The producing lead is LIC; temporary laboratory, supplier, construction, or regulatory support is purchased only for defined products and acceptance evidence.",PB-TEST-01,,5,3,2,1,3,3,3,5,2,HP-I1 implementation authorization
P53-05,"Safety function allocation, SSC classification, special treatment, codes, and performance monitoring",Power Reactor,5 - Power-reactor engineering and licensing,Part 53 licensing,2027-04-01,2029-06-30,True,"Execution definition complete; task-specific facility, supplier, and final design inputs remain subject to the listed hold points.",100,"Deliver Safety function allocation, SSC classification, special treatment, codes, and performance monitoring between 2027-04-01 and 2029-06-30 through a controlled sequence of implementation authorization, input/facility readiness, technical execution, independent verification, and downstream handoff. The producing lead is LIC; temporary laboratory, supplier, construction, or regulatory support is purchased only for defined products and acceptance evidence.",PB-SUPPLY-01; PB-TEST-01,,5,3,5,1,3,1,3,5,2,HP-I1 implementation authorization
P53-06,"Defense-in-depth, functional containment, mechanistic source term, and safety-margin demonstration",Power Reactor,5 - Power-reactor engineering and licensing,Part 53 licensing,2027-04-01,2029-06-30,True,"Execution definition complete; task-specific facility, supplier, and final design inputs remain subject to the listed hold points.",100,"Deliver Defense-in-depth, functional containment, mechanistic source term, and safety-margin demonstration between 2027-04-01 and 2029-06-30 through a controlled sequence of implementation authorization, input/facility readiness, technical execution, independent verification, and downstream handoff. The producing lead is LIC; temporary laboratory, supplier, construction, or regulatory support is purchased only for defined products and acceptance evidence.",PB-FP-01; PB-MCA-01; PB-SUPPLY-01; PB-TEST-01,,5,3,2,1,3,3,3,5,3,HP-I1 implementation authorization
P53-07,"Part 53 codes, quality assurance, commercial-grade dedication, and alternative-treatment program",Power Reactor,5 - Power-reactor engineering and licensing,Part 53 licensing,2027-04-01,2029-03-31,True,"Execution definition complete; task-specific facility, supplier, and final design inputs remain subject to the listed hold points.",100,"Deliver Part 53 codes, quality assurance, commercial-grade dedication, and alternative-treatment program between 2027-04-01 and 2029-03-31 through a controlled sequence of implementation authorization, input/facility readiness, technical execution, independent verification, and downstream handoff. The producing lead is LIC; temporary laboratory, supplier, construction, or regulatory support is purchased only for defined products and acceptance evidence.",PB-FUEL-01; PB-SUPPLY-01; PB-TEST-01,,5,3,1,1,3,1,3,5,4,HP-I1 implementation authorization
P53-08,"Part 53 operating concept, staffing, GLRO assessment, remote operations, HFE, FFD, EP, and security alternatives",Power Reactor,5 - Power-reactor engineering and licensing,Part 53 licensing,2027-04-01,2029-09-30,True,"Execution definition complete; task-specific facility, supplier, and final design inputs remain subject to the listed hold points.",100,"Deliver Part 53 operating concept, staffing, GLRO assessment, remote operations, HFE, FFD, EP, and security alternatives between 2027-04-01 and 2029-09-30 through a controlled sequence of implementation authorization, input/facility readiness, technical execution, independent verification, and downstream handoff. The producing lead is LIC; temporary laboratory, supplier, construction, or regulatory support is purchased only for defined products and acceptance evidence.",PB-MCA-01; PB-TEST-01,,5,3,2,1,3,3,3,5,2,HP-I1 implementation authorization
P53-09,"Part 53 site safety, alternative siting/societal-risk evaluation, environmental review, and permits",Power Reactor,5 - Power-reactor engineering and licensing,Part 53 licensing,2027-01-01,2029-06-30,True,"Execution definition complete; task-specific facility, supplier, and final design inputs remain subject to the listed hold points.",100,"Deliver Part 53 site safety, alternative siting/societal-risk evaluation, environmental review, and permits between 2027-01-01 and 2029-06-30 through a controlled sequence of implementation authorization, input/facility readiness, technical execution, independent verification, and downstream handoff. The producing lead is LIC; temporary laboratory, supplier, construction, or regulatory support is purchased only for defined products and acceptance evidence.",PB-TEST-01,,5,3,2,1,3,3,3,5,2,HP-I1 implementation authorization
P53-10,"Integrated Part 53 safety case, application content, Technical Specifications, and verification plan",Power Reactor,5 - Power-reactor engineering and licensing,Part 53 licensing,2027-07-01,2029-09-30,True,"Execution definition complete; task-specific facility, supplier, and final design inputs remain subject to the listed hold points.",100,"Deliver Integrated Part 53 safety case, application content, Technical Specifications, and verification plan between 2027-07-01 and 2029-09-30 through a controlled sequence of implementation authorization, input/facility readiness, technical execution, independent verification, and downstream handoff. The producing lead is LIC; temporary laboratory, supplier, construction, or regulatory support is purchased only for defined products and acceptance evidence.",PB-MAT-01; PB-MCA-01; PB-TEST-01,,5,3,2,1,3,1,3,5,2,HP-I1 implementation authorization
P53-11,"Part 53 application readiness assessment, independent challenge, and submittal approval",Power Reactor,5 - Power-reactor engineering and licensing,Part 53 licensing,2028-04-01,2028-09-30,True,"Execution definition complete; task-specific facility, supplier, and final design inputs remain subject to the listed hold points.",100,"Deliver Part 53 application readiness assessment, independent challenge, and submittal approval between 2028-04-01 and 2028-09-30 through a controlled sequence of implementation authorization, input/facility readiness, technical execution, independent verification, and downstream handoff. The producing lead is LIC; temporary laboratory, supplier, construction, or regulatory support is purchased only for defined products and acceptance evidence.",PB-TEST-01,,5,3,2,1,3,1,3,5,2,HP-I1 implementation authorization
P53-C01,Part 53 Combined License application submittal and docketing,Power Reactor,5 - Power-reactor engineering and licensing,Part 53 licensing,2028-07-01,2028-09-30,True,"Execution definition complete; task-specific facility, supplier, and final design inputs remain subject to the listed hold points.",100,"Deliver Part 53 Combined License application submittal and docketing between 2028-07-01 and 2028-09-30 through a controlled sequence of implementation authorization, input/facility readiness, technical execution, independent verification, and downstream handoff. The producing lead is LIC; temporary laboratory, supplier, construction, or regulatory support is purchased only for defined products and acceptance evidence.",PB-MAT-01; PB-TEST-01,,5,3,2,1,3,1,3,5,2,HP-I1 implementation authorization
P53-C02,"NRC Part 53 COL review, audits, RAIs, ACRS/hearing support, and license issuance",Power Reactor,5 - Power-reactor engineering and licensing,Part 53 licensing,2029-01-01,2029-12-31,True,"Execution definition complete; task-specific facility, supplier, and final design inputs remain subject to the listed hold points.",100,"Deliver NRC Part 53 COL review, audits, RAIs, ACRS/hearing support, and license issuance between 2029-01-01 and 2029-12-31 through a controlled sequence of implementation authorization, input/facility readiness, technical execution, independent verification, and downstream handoff. The producing lead is LIC; temporary laboratory, supplier, construction, or regulatory support is purchased only for defined products and acceptance evidence.",PB-TEST-01,,5,3,2,1,3,1,3,5,2,HP-I1 implementation authorization
P53-P01,Part 53 Construction Permit application: preliminary safety case and Environmental Report,Power Reactor,5 - Power-reactor engineering and licensing,Part 53 licensing,2027-07-01,2028-03-31,True,"Execution definition complete; task-specific facility, supplier, and final design inputs remain subject to the listed hold points.",100,"Deliver Part 53 Construction Permit application: preliminary safety case and Environmental Report between 2027-07-01 and 2028-03-31 through a controlled sequence of implementation authorization, input/facility readiness, technical execution, independent verification, and downstream handoff. The producing lead is LIC; temporary laboratory, supplier, construction, or regulatory support is purchased only for defined products and acceptance evidence.",PB-TEST-01,,5,3,2,1,3,1,3,5,2,HP-I1 implementation authorization
P53-P02,"NRC Part 53 CP review, hearing, permit issuance, and condition implementation",Power Reactor,5 - Power-reactor engineering and licensing,Part 53 licensing,2028-04-01,2029-12-31,True,"Execution definition complete; task-specific facility, supplier, and final design inputs remain subject to the listed hold points.",100,"Deliver NRC Part 53 CP review, hearing, permit issuance, and condition implementation between 2028-04-01 and 2029-12-31 through a controlled sequence of implementation authorization, input/facility readiness, technical execution, independent verification, and downstream handoff. The producing lead is LIC; temporary laboratory, supplier, construction, or regulatory support is purchased only for defined products and acceptance evidence.",PB-SUPPLY-01; PB-TEST-01,,5,3,2,1,3,1,3,5,2,HP-I1 implementation authorization
P53-P03,"Part 53 Operating License application, final safety case, and OL review/issuance",Power Reactor,5 - Power-reactor engineering and licensing,Part 53 licensing,2031-01-01,2035-03-31,True,"Execution definition complete; task-specific facility, supplier, and final design inputs remain subject to the listed hold points.",100,"Deliver Part 53 Operating License application, final safety case, and OL review/issuance between 2031-01-01 and 2035-03-31 through a controlled sequence of implementation authorization, input/facility readiness, technical execution, independent verification, and downstream handoff. The producing lead is LIC; temporary laboratory, supplier, construction, or regulatory support is purchased only for defined products and acceptance evidence.",PB-MAT-01; PB-TEST-01,,5,3,2,1,3,1,3,5,2,HP-I1 implementation authorization
P53-12,"Part 53 licensing-basis implementation, commitments, and construction-readiness controls",Power Reactor,5 - Power-reactor engineering and licensing,Part 53 licensing,2029-07-01,2029-12-31,True,"Execution definition complete; task-specific facility, supplier, and final design inputs remain subject to the listed hold points.",100,"Deliver Part 53 licensing-basis implementation, commitments, and construction-readiness controls between 2029-07-01 and 2029-12-31 through a controlled sequence of implementation authorization, input/facility readiness, technical execution, independent verification, and downstream handoff. The producing lead is LIC; temporary laboratory, supplier, construction, or regulatory support is purchased only for defined products and acceptance evidence.",PB-SUPPLY-01; PB-TEST-01,,5,3,1,1,3,1,3,5,2,HP-I1 implementation authorization
P53-13,"Part 53 construction verification, inspection readiness, performance evidence, and change control",Power Reactor,5 - Power-reactor engineering and licensing,Part 53 licensing,2030-01-01,2034-09-30,True,"Execution definition complete; task-specific facility, supplier, and final design inputs remain subject to the listed hold points.",100,"Deliver Part 53 construction verification, inspection readiness, performance evidence, and change control between 2030-01-01 and 2034-09-30 through a controlled sequence of implementation authorization, input/facility readiness, technical execution, independent verification, and downstream handoff. The producing lead is LIC; temporary laboratory, supplier, construction, or regulatory support is purchased only for defined products and acceptance evidence.",PB-MAT-01; PB-SUPPLY-01; PB-TEST-01,,5,4,5,1,3,4,3,5,2,HP-I1 implementation authorization
P53-14,"Part 53 preoperational testing, performance-monitoring initialization, and readiness for operation",Power Reactor,5 - Power-reactor engineering and licensing,Part 53 licensing,2034-01-01,2035-02-28,True,"Execution definition complete; task-specific facility, supplier, and final design inputs remain subject to the listed hold points.",100,"Deliver Part 53 preoperational testing, performance-monitoring initialization, and readiness for operation between 2034-01-01 and 2035-02-28 through a controlled sequence of implementation authorization, input/facility readiness, technical execution, independent verification, and downstream handoff. The producing lead is LIC; temporary laboratory, supplier, construction, or regulatory support is purchased only for defined products and acceptance evidence.",PB-MCA-01; PB-TEST-01,,6,4,5,1,3,4,3,5,2,HP-I1 implementation authorization
P53-15,"Part 53 operation authorization, license-condition implementation, and initial startup control",Power Reactor,5 - Power-reactor engineering and licensing,Part 53 licensing,2035-01-01,2035-03-31,True,"Execution definition complete; task-specific facility, supplier, and final design inputs remain subject to the listed hold points.",100,"Deliver Part 53 operation authorization, license-condition implementation, and initial startup control between 2035-01-01 and 2035-03-31 through a controlled sequence of implementation authorization, input/facility readiness, technical execution, independent verification, and downstream handoff. The producing lead is LIC; temporary laboratory, supplier, construction, or regulatory support is purchased only for defined products and acceptance evidence.",PB-MAT-01; PB-TEST-01,,5,3,2,1,3,1,3,5,2,HP-I1 implementation authorization
P53-16,"Part 53 living risk model, performance-based change control, and FOAK-to-standard design transition",Power Reactor,5 - Power-reactor engineering and licensing,Part 53 licensing,2035-04-01,2038-12-31,False,"Execution definition complete; task-specific facility, supplier, and final design inputs remain subject to the listed hold points.",100,"Deliver Part 53 living risk model, performance-based change control, and FOAK-to-standard design transition between 2035-04-01 and 2038-12-31 through a controlled sequence of implementation authorization, input/facility readiness, technical execution, independent verification, and downstream handoff. The producing lead is LIC; temporary laboratory, supplier, construction, or regulatory support is purchased only for defined products and acceptance evidence.",PB-TEST-01,,5,3,2,1,3,3,3,5,2,HP-I1 implementation authorization
P57-R01,"Proposed Part 57 rule, guidance, docket, and implementation schedule monitoring",Power Reactor,5 - Power-reactor engineering and licensing,Proposed Part 57 planning,2026-10-01,2032-12-31,True,"Execution definition complete; task-specific facility, supplier, and final design inputs remain subject to the listed hold points.",100,"Deliver Proposed Part 57 rule, guidance, docket, and implementation schedule monitoring between 2026-10-01 and 2032-12-31 through a controlled sequence of implementation authorization, input/facility readiness, technical execution, independent verification, and downstream handoff. The producing lead is LIC; temporary laboratory, supplier, construction, or regulatory support is purchased only for defined products and acceptance evidence.",PB-MAT-01; PB-MCA-01; PB-TEST-01; PB-WASTE-01,,5,4,1,1,3,1,3,5,2,HP-I1 implementation authorization
P57-R02,"Part 57 entry-criteria, comparable-risk-profile, and deployment-model assessment",Power Reactor,5 - Power-reactor engineering and licensing,Proposed Part 57 planning,2026-10-01,2027-06-30,True,"Execution definition complete; task-specific facility, supplier, and final design inputs remain subject to the listed hold points.",100,"Deliver Part 57 entry-criteria, comparable-risk-profile, and deployment-model assessment between 2026-10-01 and 2027-06-30 through a controlled sequence of implementation authorization, input/facility readiness, technical execution, independent verification, and downstream handoff. The producing lead is LIC; temporary laboratory, supplier, construction, or regulatory support is purchased only for defined products and acceptance evidence.",PB-MCA-01; PB-SUPPLY-01; PB-TEST-01,,5,3,2,1,3,3,3,5,2,HP-I1 implementation authorization
P57-R03,"High-volume standardization, generic-finality, manufacturing, and site-family business case",Power Reactor,5 - Power-reactor engineering and licensing,Proposed Part 57 planning,2027-01-01,2028-06-30,True,"Execution definition complete; task-specific facility, supplier, and final design inputs remain subject to the listed hold points.",100,"Deliver High-volume standardization, generic-finality, manufacturing, and site-family business case between 2027-01-01 and 2028-06-30 through a controlled sequence of implementation authorization, input/facility readiness, technical execution, independent verification, and downstream handoff. The producing lead is LIC; temporary laboratory, supplier, construction, or regulatory support is purchased only for defined products and acceptance evidence.",PB-SUPPLY-01; PB-TEST-01; PB-WASTE-01,,5,3,1,1,3,1,3,5,2,HP-I1 implementation authorization
P57-R04,"Part 57 draft application crosswalk, data-room prototype, and NRC pilot engagement",Power Reactor,5 - Power-reactor engineering and licensing,Proposed Part 57 planning,2027-07-01,2029-06-30,True,"Execution definition complete; task-specific facility, supplier, and final design inputs remain subject to the listed hold points.",100,"Deliver Part 57 draft application crosswalk, data-room prototype, and NRC pilot engagement between 2027-07-01 and 2029-06-30 through a controlled sequence of implementation authorization, input/facility readiness, technical execution, independent verification, and downstream handoff. The producing lead is LIC; temporary laboratory, supplier, construction, or regulatory support is purchased only for defined products and acceptance evidence.",PB-TEST-01; PB-WASTE-01,,5,3,2,1,3,1,3,5,2,HP-I1 implementation authorization
P57-R05,Executable fallback license and controlled migration decision,Power Reactor,5 - Power-reactor engineering and licensing,Proposed Part 57 planning,2028-01-01,2035-12-31,True,"Execution definition complete; task-specific facility, supplier, and final design inputs remain subject to the listed hold points.",100,"Deliver Executable fallback license and controlled migration decision between 2028-01-01 and 2035-12-31 through a controlled sequence of implementation authorization, input/facility readiness, technical execution, independent verification, and downstream handoff. The producing lead is LIC; temporary laboratory, supplier, construction, or regulatory support is purchased only for defined products and acceptance evidence.",PB-TEST-01,,5,3,1,1,3,1,3,5,2,HP-I1 implementation authorization
P57-H01,"Hypothetical final-rule licensing strategy, product stack, and application schedule",Power Reactor,5 - Power-reactor engineering and licensing,Proposed Part 57 planning,2026-10-01,2027-03-31,True,"Execution definition complete; task-specific facility, supplier, and final design inputs remain subject to the listed hold points.",100,"Deliver Hypothetical final-rule licensing strategy, product stack, and application schedule between 2026-10-01 and 2027-03-31 through a controlled sequence of implementation authorization, input/facility readiness, technical execution, independent verification, and downstream handoff. The producing lead is LIC; temporary laboratory, supplier, construction, or regulatory support is purchased only for defined products and acceptance evidence.",PB-TEST-01,,5,3,1,1,3,1,3,5,2,HP-I1 implementation authorization
P57-H02,"Streamlined Part 57 safety analysis, risk profile, design attributes, and application methods",Power Reactor,5 - Power-reactor engineering and licensing,Proposed Part 57 planning,2026-10-01,2028-03-31,True,"Execution definition complete; task-specific facility, supplier, and final design inputs remain subject to the listed hold points.",100,"Deliver Streamlined Part 57 safety analysis, risk profile, design attributes, and application methods between 2026-10-01 and 2028-03-31 through a controlled sequence of implementation authorization, input/facility readiness, technical execution, independent verification, and downstream handoff. The producing lead is LIC; temporary laboratory, supplier, construction, or regulatory support is purchased only for defined products and acceptance evidence.",PB-TEST-01,,5,3,2,1,3,3,3,5,2,HP-I1 implementation authorization
P57-H03,"Standard design, generic finality, allowable variations, and repeat-site application package",Power Reactor,5 - Power-reactor engineering and licensing,Proposed Part 57 planning,2027-01-01,2028-06-30,True,"Execution definition complete; task-specific facility, supplier, and final design inputs remain subject to the listed hold points.",100,"Deliver Standard design, generic finality, allowable variations, and repeat-site application package between 2027-01-01 and 2028-06-30 through a controlled sequence of implementation authorization, input/facility readiness, technical execution, independent verification, and downstream handoff. The producing lead is LIC; temporary laboratory, supplier, construction, or regulatory support is purchased only for defined products and acceptance evidence.",PB-TEST-01,,5,3,5,1,3,1,3,5,2,HP-I1 implementation authorization
P57-H04,"Manufacturing License, factory QA, factory fuel loading/testing, and transportable-reactor controls",Power Reactor,5 - Power-reactor engineering and licensing,Proposed Part 57 planning,2027-07-01,2029-06-30,True,"Execution definition complete; task-specific facility, supplier, and final design inputs remain subject to the listed hold points.",100,"Deliver Manufacturing License, factory QA, factory fuel loading/testing, and transportable-reactor controls between 2027-07-01 and 2029-06-30 through a controlled sequence of implementation authorization, input/facility readiness, technical execution, independent verification, and downstream handoff. The producing lead is LIC; temporary laboratory, supplier, construction, or regulatory support is purchased only for defined products and acceptance evidence.",PB-FUEL-01; PB-MAT-01; PB-MCA-01; PB-SUPPLY-01; PB-TEST-01,,5,4,5,1,3,4,4,5,4,HP-I1 implementation authorization
P57-H05,"Multi-site or geographic-area application, site-family envelope, and environmental strategy",Power Reactor,5 - Power-reactor engineering and licensing,Proposed Part 57 planning,2027-01-01,2028-06-30,True,"Execution definition complete; task-specific facility, supplier, and final design inputs remain subject to the listed hold points.",100,"Deliver Multi-site or geographic-area application, site-family envelope, and environmental strategy between 2027-01-01 and 2028-06-30 through a controlled sequence of implementation authorization, input/facility readiness, technical execution, independent verification, and downstream handoff. The producing lead is LIC; temporary laboratory, supplier, construction, or regulatory support is purchased only for defined products and acceptance evidence.",PB-TEST-01,,5,3,2,1,3,1,3,5,2,HP-I1 implementation authorization
P57-H06,"General-license construction eligibility, standard site-work package, and pre-license controls",Power Reactor,5 - Power-reactor engineering and licensing,Proposed Part 57 planning,2028-01-01,2029-12-31,True,"Execution definition complete; task-specific facility, supplier, and final design inputs remain subject to the listed hold points.",100,"Deliver General-license construction eligibility, standard site-work package, and pre-license controls between 2028-01-01 and 2029-12-31 through a controlled sequence of implementation authorization, input/facility readiness, technical execution, independent verification, and downstream handoff. The producing lead is LIC; temporary laboratory, supplier, construction, or regulatory support is purchased only for defined products and acceptance evidence.",PB-MAT-01; PB-MCA-01; PB-TEST-01,,5,3,2,1,3,1,3,5,2,HP-I1 implementation authorization
P57-H07,"Remote/autonomous operations, GLRO, fleet control center, HFE, cyber, and flexible FFD program",Power Reactor,5 - Power-reactor engineering and licensing,Proposed Part 57 planning,2027-04-01,2029-06-30,True,"Execution definition complete; task-specific facility, supplier, and final design inputs remain subject to the listed hold points.",100,"Deliver Remote/autonomous operations, GLRO, fleet control center, HFE, cyber, and flexible FFD program between 2027-04-01 and 2029-06-30 through a controlled sequence of implementation authorization, input/facility readiness, technical execution, independent verification, and downstream handoff. The producing lead is LIC; temporary laboratory, supplier, construction, or regulatory support is purchased only for defined products and acceptance evidence.",PB-TEST-01,,5,3,1,1,3,4,3,5,2,HP-I1 implementation authorization
P57-H08,"Graded QA, security, emergency, environmental, decommissioning, and transportable-reactor lifecycle programs",Power Reactor,5 - Power-reactor engineering and licensing,Proposed Part 57 planning,2027-04-01,2029-06-30,True,"Execution definition complete; task-specific facility, supplier, and final design inputs remain subject to the listed hold points.",100,"Deliver Graded QA, security, emergency, environmental, decommissioning, and transportable-reactor lifecycle programs between 2027-04-01 and 2029-06-30 through a controlled sequence of implementation authorization, input/facility readiness, technical execution, independent verification, and downstream handoff. The producing lead is LIC; temporary laboratory, supplier, construction, or regulatory support is purchased only for defined products and acceptance evidence.",PB-MAT-01; PB-MCA-01; PB-SUPPLY-01; PB-TEST-01; PB-WASTE-01,,5,3,1,1,3,1,3,5,2,HP-I1 implementation authorization
P57-H09,"Part 57 standardized application, digital evidence package, and multi-license submittal",Power Reactor,5 - Power-reactor engineering and licensing,Proposed Part 57 planning,2028-01-01,2028-09-30,True,"Execution definition complete; task-specific facility, supplier, and final design inputs remain subject to the listed hold points.",100,"Deliver Part 57 standardized application, digital evidence package, and multi-license submittal between 2028-01-01 and 2028-09-30 through a controlled sequence of implementation authorization, input/facility readiness, technical execution, independent verification, and downstream handoff. The producing lead is LIC; temporary laboratory, supplier, construction, or regulatory support is purchased only for defined products and acceptance evidence.",PB-MCA-01; PB-TEST-01; PB-WASTE-01,,5,3,2,1,3,1,3,5,2,HP-I1 implementation authorization
P57-H10,"NRC Part 57 review, rapid issue resolution, hearing/ACRS support, and license issuance",Power Reactor,5 - Power-reactor engineering and licensing,Proposed Part 57 planning,2028-10-01,2029-12-31,True,"Execution definition complete; task-specific facility, supplier, and final design inputs remain subject to the listed hold points.",100,"Deliver NRC Part 57 review, rapid issue resolution, hearing/ACRS support, and license issuance between 2028-10-01 and 2029-12-31 through a controlled sequence of implementation authorization, input/facility readiness, technical execution, independent verification, and downstream handoff. The producing lead is LIC; temporary laboratory, supplier, construction, or regulatory support is purchased only for defined products and acceptance evidence.",PB-TEST-01,,5,3,2,1,3,1,3,5,2,HP-I1 implementation authorization
P57-H11,"Factory/site construction, standardized verification, targeted inspections, and readiness for operation",Power Reactor,5 - Power-reactor engineering and licensing,Proposed Part 57 planning,2030-01-01,2035-03-31,True,"Execution definition complete; task-specific facility, supplier, and final design inputs remain subject to the listed hold points.",100,"Deliver Factory/site construction, standardized verification, targeted inspections, and readiness for operation between 2030-01-01 and 2035-03-31 through a controlled sequence of implementation authorization, input/facility readiness, technical execution, independent verification, and downstream handoff. The producing lead is LIC; temporary laboratory, supplier, construction, or regulatory support is purchased only for defined products and acceptance evidence.",PB-MAT-01; PB-MCA-01; PB-SUPPLY-01; PB-TEST-01,,5,4,5,1,3,4,3,5,2,HP-I1 implementation authorization
P57-H12,"Fleet license administration, standardized programs, remote oversight, performance monitoring, and repeat deployment",Power Reactor,5 - Power-reactor engineering and licensing,Proposed Part 57 planning,2035-04-01,2038-12-31,False,"Execution definition complete; task-specific facility, supplier, and final design inputs remain subject to the listed hold points.",100,"Deliver Fleet license administration, standardized programs, remote oversight, performance monitoring, and repeat deployment between 2035-04-01 and 2038-12-31 through a controlled sequence of implementation authorization, input/facility readiness, technical execution, independent verification, and downstream handoff. The producing lead is LIC; temporary laboratory, supplier, construction, or regulatory support is purchased only for defined products and acceptance evidence.",PB-MAT-01; PB-MCA-01; PB-TEST-01,,5,3,1,1,3,4,3,5,2,HP-I1 implementation authorization
