Task ID,Task,Concept,Route,Task Scope,Engineering Domain,Work Pattern,Start,Finish,Prior FTE-years,Revised FTE-years,Planned Labor Hours,Blended Loaded Rate ($000/FTE-year),Prior Labor Cost ($000),Revised Labor Cost ($000),External Engineering & Lab ($000),"Software, Compute & Data ($000)","Equipment, Materials & Fabrication ($000)","Facility, Test & Field Operations ($000)",Regulatory Review Fees ($000),"Legal, Hearing & Advisory ($000)",Travel & Field Support ($000),Other Direct ($000),Risk Allowance ($000),Prior Total Cost ($000),Revised Total Cost ($000),Allocated Program Package Share ($000),Fully Burdened Task View ($000),Low Estimate ($000),High Estimate ($000),Total Delta ($000),Total Change (%),Estimate Class,Estimate Method
D-LP2-01,"Demonstrator mission, DOE authorization strategy, and Launch Pad route decision",Demonstrator,doe_launchpad,demonstrator_authorization,project_controls,management_control,2026-10-01,2026-11-30,0.747792,0.897,1507.0,269.645,164.226183,241.871308,163.594687,18.177187,0.0,72.70875,0.0,72.70875,36.354375,1e-06,90.812259,480.351183,696.227317,0.0,696.227317,556.981853,1009.529609,215.876134,44.94,Licensing planning estimate,Bottom-up activity-based estimate by work package
D-LP2-02,"NRIC/DOE engagement, eligibility package, and project selection support",Demonstrator,doe_launchpad,demonstrator_authorization,licensing_authorization,licensing_product,2026-10-15,2027-03-31,1.134864,1.362,2288.2,268.86,248.125766,366.187206,272.347312,30.260813,0.0,121.04325,0.0,121.04325,60.521625,0.0,145.710518,774.400766,1117.113974,0.0,1117.113974,893.69118,1619.815263,342.713208,44.26,Licensing planning estimate,Bottom-up activity-based estimate by work package
D-LP2-03I,"Launch Pad INL parcel allocation, site data package, and INL services definition",Demonstrator,doe_launchpad,demonstrator_authorization,site_environmental,licensing_product,2026-11-01,2027-05-31,1.074816,1.29,2167.2,245.141,214.760678,316.231471,314.963437,34.995938,0.0,139.98375,0.0,139.98375,69.991875,0.0,152.422533,823.385678,1168.572754,0.0,1168.572754,934.858203,1694.430494,345.187076,41.92,Licensing planning estimate,Bottom-up activity-based estimate by work package
D-LP2-03U,"Launch Pad USA host selection, due diligence, and authorization-interface definition",Demonstrator,doe_launchpad,demonstrator_authorization,site_environmental,licensing_product,2026-11-01,2027-06-30,1.394928,1.674,2812.3,244.142,277.754918,408.693958,414.98325,46.10925,0.0,184.437,0.0,184.437,92.2185,0.0,199.631844,1079.654918,1530.510802,0.0,1530.510802,1224.408641,2219.240662,450.855884,41.76,Licensing planning estimate,Bottom-up activity-based estimate by work package
D-LP2-04,"DOE/host contract, intellectual-property, liability, and shared-services agreement",Demonstrator,doe_launchpad,demonstrator_authorization,project_controls,management_control,2027-01-01,2027-09-30,0.68472,0.822,1381.0,303.038,164.099001,249.097117,282.128062,31.347562,0.0,125.39025,0.0,125.39025,62.695125,1e-06,131.407255,709.274001,1007.455622,0.0,1007.455622,805.964498,1460.810652,298.181621,42.04,Licensing planning estimate,Bottom-up activity-based estimate by work package
D-LP2-05,"DOE nuclear-safety strategy, hazard categorization, and authorization-basis architecture",Demonstrator,doe_launchpad,demonstrator_authorization,safety_analysis,analysis_model,2026-10-15,2027-04-30,1.283472,1.54,2587.2,253.361,264.889786,390.175665,364.624031,40.513781,0.0,162.055125,0.0,162.055125,81.027563,0.0,180.067693,969.477286,1380.518984,0.0,1380.518984,1104.415187,2001.752526,411.041698,42.4,Licensing planning estimate,Bottom-up activity-based estimate by work package
D-LP2-06,"Preliminary and final documented safety analysis, hazard controls, and technical safety requirements",Demonstrator,doe_launchpad,demonstrator_authorization,licensing_authorization,licensing_product,2027-01-01,2028-06-30,3.330288,3.996,6713.3,252.825,686.231828,1010.287184,528.919875,58.768875,0.0,235.0755,0.0,235.0755,117.53775,0.0,327.849703,1754.756828,2513.514387,0.0,2513.514387,2010.811509,3644.595861,758.757559,43.24,Licensing planning estimate,Bottom-up activity-based estimate by work package
D-LP2-07,"NEPA strategy, environmental review, permits, and stakeholder interfaces",Demonstrator,doe_launchpad,demonstrator_authorization,site_environmental,licensing_product,2026-11-01,2027-12-31,1.06488,1.278,2147.0,238.582,205.977254,304.907988,461.208937,51.245438,0.0,204.98175,0.0,204.98175,102.490875,0.0,199.472511,1097.202254,1529.289249,0.0,1529.289249,1223.431399,2217.469411,432.086995,39.38,Licensing planning estimate,Bottom-up activity-based estimate by work package
D-LP2-08,"Graded QA, configuration management, procurement, software, and records program",Demonstrator,doe_launchpad,demonstrator_authorization,quality_configuration,management_control,2026-10-15,2027-06-30,0.99144,1.19,1999.2,216.627,174.917319,257.786667,326.840062,36.315562,0.0,145.26225,0.0,145.26225,72.631125,1e-06,147.614688,806.492319,1131.712605,0.0,1131.712605,905.370084,1640.983277,325.220286,40.33,Licensing planning estimate,Bottom-up activity-based estimate by work package
D-LP2-09,"Nuclear material control, safeguards, physical security, emergency management, and transportation strategy",Demonstrator,doe_launchpad,demonstrator_authorization,quality_configuration,operations_program,2027-01-01,2028-03-31,1.172448,1.407,2363.8,249.254,236.913983,350.700193,396.819,44.091,0.0,176.364,0.0,176.364,88.182,0.0,184.878029,1003.713983,1417.398222,0.0,1417.398222,1133.918578,2055.227422,413.684239,41.22,Licensing planning estimate,Bottom-up activity-based estimate by work package
D-LP2-10,"Fuel-salt production, acceptance, transport, receipt, storage, and use authorization",Demonstrator,doe_launchpad,demonstrator_authorization,chemistry,design_engineering,2027-04-01,2028-09-30,1.312416,1.575,2646.0,237.416,252.827483,373.9303,366.312375,40.701375,0.0,162.8055,0.0,162.8055,81.40275,0.0,178.19367,960.677483,1366.15147,0.0,1366.15147,1092.921176,1980.919631,405.473987,42.21,Licensing planning estimate,Bottom-up activity-based estimate by work package
D-LP2-11,"Host systems integration, shared services, and facility modification authorization",Demonstrator,doe_launchpad,demonstrator_authorization,systems_engineering,design_engineering,2027-01-01,2027-12-31,1.806192,2.167,3640.6,233.57,345.482669,506.145584,334.990687,37.221188,0.0,148.88475,0.0,148.88475,74.442375,0.0,187.5854,992.807669,1438.154734,0.0,1438.154734,1150.523787,2085.324364,445.347065,44.86,Licensing planning estimate,Bottom-up activity-based estimate by work package
D-LP2-12,Integrated DOE/host authorization application and evidence index,Demonstrator,doe_launchpad,demonstrator_authorization,licensing_authorization,licensing_product,2027-10-01,2028-03-31,1.586736,1.904,3198.7,258.044,333.014976,491.315459,422.43525,46.93725,0.0,187.749,0.0,187.749,93.8745,0.0,214.509069,1149.314976,1644.569528,0.0,1644.569528,1315.655622,2384.625815,495.254552,43.09,Licensing planning estimate,Bottom-up activity-based estimate by work package
D-LP2-13,"DOE/host technical review, audits, questions, and authorization-condition closure",Demonstrator,doe_launchpad,demonstrator_authorization,licensing_authorization,licensing_product,2028-01-01,2028-09-30,2.048544,2.458,4129.4,260.356,433.801785,639.956006,515.777625,57.308625,0.0,229.2345,0.0,229.2345,114.61725,0.0,267.919276,1475.776785,2054.047782,0.0,2054.047782,1643.238226,2978.369284,578.270997,39.18,Licensing planning estimate,Bottom-up activity-based estimate by work package
D-LP2-14,Construction readiness review and authorization to perform irreversible site work,Demonstrator,doe_launchpad,demonstrator_authorization,licensing_authorization,management_control,2028-07-01,2028-10-31,0.661824,0.9,1512.0,252.484,136.922054,227.235313,255.347437,28.371938,0.0,113.48775,0.0,113.48775,56.743875,0.0,119.201109,630.347054,913.875172,0.0,913.875172,731.100138,1325.119,283.528118,44.98,Licensing planning estimate,Bottom-up activity-based estimate by work package
D-LP2-15,"DOE/host construction oversight, authorization-basis configuration, and turnover evidence",Demonstrator,doe_launchpad,demonstrator_authorization,construction_installation,construction_installation,2028-01-01,2028-12-31,1.559088,1.871,3143.3,232.222,295.564206,434.487778,515.332125,57.259125,0.0,229.0365,0.0,229.0365,114.51825,0.0,236.950542,1336.639206,1816.62082,0.0,1816.62082,1453.296656,2634.100189,479.981614,35.91,Licensing planning estimate,Bottom-up activity-based estimate by work package
D-LP2-16,"Commissioning, nuclear-material introduction, and operation authorization readiness",Demonstrator,doe_launchpad,demonstrator_authorization,licensing_authorization,test_experiment,2028-07-01,2028-12-31,1.891728,2.27,3813.6,231.168,357.413817,524.75153,455.619937,50.624437,0.0,202.49775,0.0,202.49775,101.248875,1e-06,230.586042,1237.838817,1767.826322,0.0,1767.826322,1414.261058,2563.348167,529.987505,42.82,Licensing planning estimate,Bottom-up activity-based estimate by work package
D-LP2-17,"Authorization-basis maintenance, experiment change control, occurrence reporting, and closeout",Demonstrator,doe_launchpad,demonstrator_authorization,licensing_authorization,operations_program,2029-01-01,2030-12-31,1.30896,1.571,2639.3,247.178,263.522592,388.31698,321.018188,35.668687,0.0,142.67475,0.0,142.67475,71.337375,0.0,165.25361,883.847592,1266.94434,0.0,1266.94434,1013.555472,1837.069292,383.096748,43.34,Licensing planning estimate,Bottom-up activity-based estimate by work package
P50-01,"Part 50 Class 103 CP/OL strategy, design-maturity allocation, and licensing plan",Power Reactor,part50,power_reactor_licensing,licensing_authorization,management_control,2026-10-01,2027-03-31,1.36971,1.918,3222.2,270.17,300.013794,518.186094,633.7716,158.4429,0.0,0.0,475.3287,158.4429,79.22145,79.22145,378.470717,1740.403794,2481.085811,0.0,2481.085811,1984.868649,3597.574426,740.682017,42.56,Licensing planning estimate,Bottom-up activity-based estimate by work package
P50-02,"Part 50 pre-application engagement, topical reports, policy issue closure, and readiness assessments",Power Reactor,part50,power_reactor_licensing,licensing_authorization,licensing_product,2026-10-01,2029-03-31,3.031425,4.244,7129.9,258.996,638.84133,1099.17899,1656.0852,414.0213,0.0,0.0,1242.0639,414.0213,207.01065,207.01065,943.090558,4402.67133,6182.482548,0.0,6182.482548,4945.986039,8964.599695,1779.811218,40.43,Licensing planning estimate,Bottom-up activity-based estimate by work package
P50-03,"Construction-permit site safety basis, Environmental Report, consultations, and permits",Power Reactor,part50,power_reactor_licensing,site_environmental,licensing_product,2026-10-01,2028-09-30,3.259035,4.563,7665.8,236.86,627.622344,1080.793643,2469.852,0.0,0.0,0.0,1097.712,548.856,548.856,823.284,1182.483656,5617.222344,7751.837299,0.0,7751.837299,6201.469839,11240.164083,2134.614955,38.0,Licensing planning estimate,Bottom-up activity-based estimate by work package
P50-04,Preliminary Safety Analysis Report and CP technical application development,Power Reactor,part50,power_reactor_licensing,licensing_authorization,licensing_product,2027-01-01,2028-09-30,5.957955,8.341,14012.9,251.274,1222.534134,2095.872571,3078.306,769.5765,0.0,0.0,2308.7295,769.5765,384.78825,384.78825,1762.494763,8218.684134,11554.132334,0.0,11554.132334,9243.305867,16753.491884,3335.4482,40.58,Licensing planning estimate,Bottom-up activity-based estimate by work package
P50-05,"Construction Permit application assembly, certifications, and docketing support",Power Reactor,part50,power_reactor_licensing,licensing_authorization,licensing_product,2028-01-01,2028-03-31,1.37781,1.929,3240.7,258.369,287.706816,498.393042,752.3208,125.3868,0.0,0.0,1128.4812,376.1604,125.3868,0.0,541.103228,2567.466816,3547.23227,0.0,3547.23227,2837.785816,5143.486791,979.765454,38.16,Licensing planning estimate,Bottom-up activity-based estimate by work package
P50-06,"NRC construction-permit safety and environmental review, audits, and RAI closure",Power Reactor,part50,power_reactor_licensing,site_environmental,licensing_product,2028-10-01,2029-09-30,4.2525,5.954,10002.7,257.004,889.798608,1530.200682,1908.3834,318.0639,0.0,0.0,2862.5751,954.1917,318.0639,0.0,1420.466163,6672.778608,9311.944845,0.0,9311.944845,7449.555876,13502.320025,2639.166237,39.55,Licensing planning estimate,Bottom-up activity-based estimate by work package
P50-07,"Construction-permit ACRS review, mandatory hearing, contentions, and CP decision",Power Reactor,part50,power_reactor_licensing,licensing_authorization,licensing_product,2029-04-01,2029-12-31,2.304864,3.227,5421.4,288.332,529.640384,930.447214,1053.0135,175.50225,0.0,0.0,1579.52025,526.50675,175.50225,0.0,799.288599,3720.590384,5239.780813,0.0,5239.780813,4191.82465,7597.682178,1519.190429,40.83,Licensing planning estimate,Bottom-up activity-based estimate by work package
P50-08,"Optional Limited Work Authorization scope, application, and compliance controls",Power Reactor,part50,power_reactor_licensing,licensing_authorization,licensing_product,2027-07-01,2029-03-31,1.195965,1.674,2812.3,252.44,244.123794,422.584379,971.9556,242.9889,0.0,0.0,728.9667,242.9889,121.49445,121.49445,513.445208,2453.113794,3365.918587,0.0,3365.918587,2692.73487,4880.581951,912.804793,37.21,Licensing planning estimate,Bottom-up activity-based estimate by work package
P50-09,"CP conditions, commitments, and authorization-to-construct implementation",Power Reactor,part50,power_reactor_licensing,licensing_authorization,management_control,2029-07-01,2029-12-31,1.002177,1.403,2357.0,253.06,207.487941,355.043808,565.5804,141.3951,0.0,0.0,424.1853,141.3951,70.69755,70.69755,318.419065,1492.897941,2087.413873,0.0,2087.413873,1669.931099,3026.750116,594.515932,39.82,Licensing planning estimate,Bottom-up activity-based estimate by work package
P50-10,"Detailed design completion, PSAR-to-as-built configuration control, and OL impact evaluation",Power Reactor,part50,power_reactor_licensing,systems_engineering,design_engineering,2028-01-01,2034-03-31,5.529258,7.741,13004.9,240.991,1089.179683,1865.51432,3620.0472,905.0118,0.0,0.0,2715.0354,905.0118,452.5059,452.5059,1964.813818,9316.559683,12880.446138,0.0,12880.446138,10304.35691,18676.6469,3563.886455,38.25,Licensing planning estimate,Bottom-up activity-based estimate by work package
P50-11,"Part 50 construction inspection readiness, quality oversight, and regulatory reporting",Power Reactor,part50,power_reactor_licensing,quality_configuration,construction_installation,2029-10-01,2034-12-31,2.091645,3.5,5880.0,236.072,401.86773,826.251425,2242.6404,560.6601,0.0,0.0,1681.9803,560.6601,280.33005,280.33005,1157.913437,5498.77773,7590.765862,0.0,7590.765862,6072.612689,11006.610499,2091.988132,38.04,Licensing planning estimate,Bottom-up activity-based estimate by work package
P50-12,Final Safety Analysis Report and as-built safety-analysis application development,Power Reactor,part50,power_reactor_licensing,licensing_authorization,licensing_product,2031-01-01,2033-06-30,6.236775,8.731,14668.1,252.58,1286.542839,2205.276982,3365.8548,841.4637,0.0,0.0,2524.3911,841.4637,420.73185,420.73185,1911.584517,8936.212839,12531.498499,0.0,12531.498499,10025.198799,18170.672823,3595.28566,40.23,Licensing planning estimate,Bottom-up activity-based estimate by work package
P50-13,"Technical Specifications, operating programs, staffing, training, EP, security, and simulator readiness",Power Reactor,part50,power_reactor_licensing,human_factors,licensing_product,2031-01-01,2034-06-30,3.340431,4.9,8232.0,232.414,638.108467,1138.828431,1600.4142,266.7357,0.0,0.0,2400.6213,800.2071,266.7357,0.0,1165.237638,5487.848467,7638.780069,0.0,7638.780069,6111.024055,11076.231099,2150.931602,39.19,Licensing planning estimate,Bottom-up activity-based estimate by work package
P50-14,"Operating License application assembly, submittal, and docketing",Power Reactor,part50,power_reactor_licensing,licensing_authorization,licensing_product,2033-01-01,2033-06-30,1.589364,2.225,3738.0,253.622,326.391638,564.309949,761.1912,126.8652,0.0,0.0,1141.7868,380.5956,126.8652,0.0,558.290511,2633.031638,3659.90446,0.0,3659.90446,2927.923568,5306.861467,1026.872822,39.0,Licensing planning estimate,Bottom-up activity-based estimate by work package
P50-15,"Preoperational, startup, and power-ascension evidence for OL findings",Power Reactor,part50,power_reactor_licensing,licensing_authorization,test_experiment,2033-01-01,2035-03-31,3.088098,4.323,7262.6,225.536,568.903399,974.992085,1246.5684,207.7614,0.0,0.0,1869.8526,623.2842,207.7614,0.0,923.439615,4346.383399,6053.6597,0.0,6053.6597,4842.92776,8777.806565,1707.276301,39.28,Licensing planning estimate,Bottom-up activity-based estimate by work package
P50-16,"NRC operating-license review, RAIs, audits, inspections, and confirmatory-item closure",Power Reactor,part50,power_reactor_licensing,licensing_authorization,licensing_product,2033-07-01,2035-01-31,3.678147,5.149,8650.3,251.257,752.680815,1293.723811,1658.9034,276.4839,0.0,0.0,2488.3551,829.4517,276.4839,0.0,1228.212326,5779.660815,8051.614137,0.0,8051.614137,6441.29131,11674.840499,2271.953322,39.31,Licensing planning estimate,Bottom-up activity-based estimate by work package
P50-17,"Operating-license ACRS review, hearing, and final licensing record",Power Reactor,part50,power_reactor_licensing,licensing_authorization,licensing_product,2034-01-01,2035-02-28,2.049192,2.869,4819.9,280.461,459.116602,804.642304,964.69065,160.781775,0.0,0.0,1447.035975,482.345325,160.781775,0.0,723.650005,3382.421602,4743.927809,0.0,4743.927809,3795.142247,6878.695323,1361.506207,40.25,Licensing planning estimate,Bottom-up activity-based estimate by work package
P50-18,"10 CFR 50.57 findings, Operating License issuance, and startup authorization implementation",Power Reactor,part50,power_reactor_licensing,licensing_authorization,licensing_product,2035-01-01,2035-03-31,1.099008,1.539,2585.5,242.574,218.419445,373.321055,494.4555,82.40925,0.0,0.0,741.68325,247.22775,82.40925,0.0,363.87109,1716.769445,2385.377145,0.0,2385.377145,1908.301716,3458.79686,668.6077,38.95,Licensing planning estimate,Bottom-up activity-based estimate by work package
P50-19,"Early-operation licensing-basis maintenance, startup amendments, and first-cycle feedback",Power Reactor,part50,power_reactor_licensing,licensing_authorization,operations_program,2035-04-01,2038-12-31,1.385208,1.939,3257.5,241.408,273.432428,468.090892,994.224,248.556,0.0,0.0,745.668,248.556,124.278,124.278,531.657161,2533.032428,3485.308053,0.0,3485.308053,2788.246442,5053.696676,952.275625,37.59,Licensing planning estimate,Bottom-up activity-based estimate by work package
P52-01,"Part 52 product-stack decision, design-finality strategy, and fleet business case",Power Reactor,part52,power_reactor_licensing,licensing_authorization,management_control,2026-10-01,2027-03-31,1.738464,2.434,4089.1,269.196,379.231507,655.223015,1034.0616,258.5154,0.0,0.0,775.5462,258.5154,129.2577,129.2577,583.267863,2729.371507,3823.644878,0.0,3823.644878,3058.915902,5544.285073,1094.273371,40.09,Licensing planning estimate,Bottom-up activity-based estimate by work package
P52-02,"Part 52 pre-application engagement, topical reports, readiness assessments, and review-plan alignment",Power Reactor,part52,power_reactor_licensing,licensing_authorization,licensing_product,2026-10-01,2029-03-31,3.540264,4.956,8326.1,258.519,744.988787,1281.219255,1778.2611,296.37685,0.0,0.0,2667.39165,889.13055,296.37685,0.0,1297.576126,6133.658787,8506.332381,0.0,8506.332381,6805.065905,12334.181952,2372.673594,38.68,Licensing planning estimate,Bottom-up activity-based estimate by work package
P52-03,"Standard design completion, design reference baseline, and certification-quality engineering",Power Reactor,part52,power_reactor_licensing,systems_engineering,design_engineering,2026-10-01,2029-06-30,7.3164,10.243,17208.2,244.048,1461.156456,2499.787336,4711.77632,1177.94408,0.0,0.0,3533.83224,1177.94408,588.97204,588.97204,2570.261064,12573.836456,16849.4892,0.0,16849.4892,13479.59136,24431.759341,4275.652744,34.0,Licensing planning estimate,Bottom-up activity-based estimate by work package
P52-04,"COL site-specific design, Environmental Report, and referenced-approval reconciliation",Power Reactor,part52,power_reactor_licensing,site_environmental,design_engineering,2027-01-01,2028-12-31,3.82069,5.349,8986.3,237.695,740.050043,1271.42861,4268.57805,0.0,0.0,0.0,1897.1458,948.5729,948.5729,1422.85935,1936.28837,9363.440043,12693.44598,0.0,12693.44598,10154.756784,18405.496671,3330.005937,35.56,Licensing planning estimate,Bottom-up activity-based estimate by work package
P52-05,"Tier 1, Tier 2, departures, exemptions, COL action items, and ITAAC architecture",Power Reactor,part52,power_reactor_licensing,licensing_authorization,licensing_product,2027-04-01,2028-12-31,2.553096,3.574,6004.3,249.619,518.615262,892.139495,3167.2564,791.8141,0.0,0.0,2375.4423,791.8141,395.90705,395.90705,1585.850489,7716.925262,10396.130984,0.0,10396.130984,8316.904787,15074.389927,2679.205722,34.72,Licensing planning estimate,Bottom-up activity-based estimate by work package
P52-06,"Combined License application: final design, FSAR, programs, Technical Specifications, ER, and ITAAC",Power Reactor,part52,power_reactor_licensing,licensing_authorization,licensing_product,2027-07-01,2028-12-31,5.557406,8.4,14112.0,251.129,1141.467864,2109.484082,4908.47416,1227.11854,0.0,0.0,3681.35562,1227.11854,613.55927,613.55927,2588.520507,12718.057864,16969.189989,0.0,16969.189989,13575.351991,24605.325484,4251.132125,33.43,Licensing planning estimate,Bottom-up activity-based estimate by work package
P52-07,"NRC COL safety, environmental, safeguards, and program review; audits and RAI closure",Power Reactor,part52,power_reactor_licensing,site_environmental,licensing_product,2028-07-01,2029-09-30,4.720061,6.608,11101.4,255.295,982.308904,1686.990721,3459.30258,576.55043,0.0,0.0,5188.95387,1729.65129,576.55043,0.0,2379.239878,11860.618904,15597.239199,0.0,15597.239199,12477.791359,22615.996838,3736.620295,31.5,Licensing planning estimate,Bottom-up activity-based estimate by work package
P52-08,"COL ACRS review, mandatory hearing, contentions, and Commission decision",Power Reactor,part52,power_reactor_licensing,licensing_authorization,licensing_product,2029-01-01,2029-12-31,2.27052,3.179,5340.7,295.089,531.307728,938.087264,1468.7409,244.79015,0.0,0.0,2203.11135,734.37045,244.79015,0.0,1050.100248,4982.037728,6883.990512,0.0,6883.990512,5507.192409,9981.786242,1901.952784,38.18,Licensing planning estimate,Bottom-up activity-based estimate by work package
P52-09,"COL issuance, license-condition implementation, and construction authorization readiness",Power Reactor,part52,power_reactor_licensing,licensing_authorization,licensing_product,2029-10-01,2029-12-31,1.129968,1.582,2657.8,253.43,234.316051,400.926218,676.1172,112.6862,0.0,0.0,1014.1758,338.0586,112.6862,0.0,477.837039,2283.156051,3132.487257,0.0,3132.487257,2505.989806,4542.106523,849.331206,37.2,Licensing planning estimate,Bottom-up activity-based estimate by work package
P52-10,"Certified/COL design departure, exemption, amendment, and configuration-control program",Power Reactor,part52,power_reactor_licensing,quality_configuration,management_control,2029-10-01,2038-12-31,1.48176,2.8,4704.0,245.622,295.81393,687.742857,1767.8628,441.9657,0.0,0.0,1325.8971,441.9657,220.98285,220.98285,919.331974,4313.68393,6026.731831,0.0,6026.731831,4821.385465,8738.761155,1713.047901,39.71,Licensing planning estimate,Bottom-up activity-based estimate by work package
P52-11,"ITAAC program, execution schedule, vendor test crosswalk, and objective-evidence architecture",Power Reactor,part52,power_reactor_licensing,licensing_authorization,management_control,2028-01-01,2030-06-30,2.518992,4.2,7056.0,229.631,472.063336,964.45098,2643.6476,660.9119,0.0,0.0,1982.7357,660.9119,330.45595,330.45595,1363.242596,6480.353336,8936.812576,0.0,8936.812576,7149.450061,12958.378236,2456.45924,37.91,Licensing planning estimate,Bottom-up activity-based estimate by work package
P52-12,"ITAAC inspections, tests, analyses, evidence collection, and exception resolution",Power Reactor,part52,power_reactor_licensing,licensing_authorization,test_experiment,2030-01-01,2034-06-30,3.914064,6.3,10584.0,225.098,718.328419,1418.116534,4331.6636,1082.9159,0.0,0.0,3248.7477,1082.9159,541.45795,541.45795,2204.509596,10563.018419,14451.78513,0.0,14451.78513,11561.428104,20955.088439,3888.766711,36.81,Licensing planning estimate,Bottom-up activity-based estimate by work package
P52-13,"ITAAC Closure Notifications, UINs, public docket index, and all-ITAAC-complete package",Power Reactor,part52,power_reactor_licensing,licensing_authorization,licensing_product,2031-01-01,2035-01-31,1.992816,3.5,5880.0,246.48,398.291846,862.6783,2027.8962,337.9827,0.0,0.0,3041.8443,1013.9481,337.9827,0.0,1372.019814,6543.431846,8994.352114,0.0,8994.352114,7195.481691,13041.810565,2450.920268,37.46,Licensing planning estimate,Bottom-up activity-based estimate by work package
P52-14,"Preoperational ITAAC hearing, 52.103(f) petition readiness, and operation-finding evidence",Power Reactor,part52,power_reactor_licensing,licensing_authorization,licensing_product,2034-06-01,2035-02-28,1.55232,2.8,4704.0,280.552,346.36896,785.545455,1143.5094,190.5849,0.0,0.0,1715.2641,571.7547,190.5849,0.0,827.503822,3811.54896,5424.747277,0.0,5424.747277,4339.797822,7865.883552,1613.198317,42.32,Licensing planning estimate,Bottom-up activity-based estimate by work package
P52-15,"52.103(g) acceptance-criteria finding, license transition, and authorization to operate",Power Reactor,part52,power_reactor_licensing,licensing_authorization,licensing_product,2035-01-01,2035-03-31,1.145088,1.603,2693.0,242.328,227.370125,388.452337,619.1922,103.1987,0.0,0.0,928.7883,309.5961,103.1987,0.0,441.436741,2103.710125,2893.863078,0.0,2893.863078,2315.090462,4196.101463,790.152953,37.56,Licensing planning estimate,Bottom-up activity-based estimate by work package
P52-16,Post-52.103 licensing-basis maintenance and fleet reuse of certified/COL assets,Power Reactor,part52,power_reactor_licensing,licensing_authorization,licensing_product,2035-04-01,2038-12-31,1.08108,1.75,2940.0,236.217,209.115044,413.379371,1040.2348,260.0587,0.0,0.0,780.1761,260.0587,130.02935,130.02935,542.513947,2573.285044,3556.480318,0.0,3556.480318,2845.184254,5156.896461,983.195274,38.21,Licensing planning estimate,Bottom-up activity-based estimate by work package
P52-D01,"Design Certification application, Tier 1/Tier 2 content, and standard-design ITAAC",Power Reactor,part52,power_reactor_licensing,licensing_authorization,licensing_product,2027-01-01,2027-09-30,4.181486,6.3,10584.0,255.847,871.509045,1611.837202,6261.85672,1565.46418,0.0,0.0,4696.39254,1565.46418,782.73209,782.73209,3107.96622,15640.039045,20374.445222,0.0,20374.445222,16299.556178,29542.945572,4734.406177,30.27,Licensing planning estimate,Bottom-up activity-based estimate by work package
P52-D02,"NRC Design Certification technical review, audits, RAIs, and ACRS closure",Power Reactor,part52,power_reactor_licensing,licensing_authorization,licensing_product,2027-10-01,2029-06-30,4.089322,5.725,9618.0,259.796,864.074875,1487.332004,5281.95138,880.32523,0.0,0.0,7922.92707,2640.97569,880.32523,0.0,3436.890589,17473.984875,22530.727193,0.0,22530.727193,18024.581754,32669.554429,5056.742318,28.94,Licensing planning estimate,Bottom-up activity-based estimate by work package
P52-D03,"Design Certification rulemaking, public comments, final certification, and reference implementation",Power Reactor,part52,power_reactor_licensing,licensing_authorization,licensing_product,2029-01-01,2029-09-30,1.33093,2.8,4704.0,296.257,312.105565,829.519497,2489.9754,414.9959,0.0,0.0,3734.9631,1244.9877,414.9959,0.0,1643.298749,7857.485565,10772.736246,0.0,10772.736246,8618.188997,15620.467557,2915.250681,37.1,Licensing planning estimate,Bottom-up activity-based estimate by work package
P52-E01,"Early Site Permit application: site safety, environmental, emergency, and site-parameter envelope",Power Reactor,part52,power_reactor_licensing,site_environmental,licensing_product,2026-10-01,2027-06-30,3.787056,5.302,8907.4,236.582,728.516702,1254.360238,3801.2238,0.0,0.0,0.0,1689.4328,844.7164,844.7164,1267.0746,1746.274363,8407.756702,11447.798601,0.0,11447.798601,9158.238881,16599.307971,3040.041899,36.16,Licensing planning estimate,Bottom-up activity-based estimate by work package
P52-E02,"NRC ESP review, environmental impact statement, hearing, and ESP issuance",Power Reactor,part52,power_reactor_licensing,site_environmental,licensing_product,2027-04-01,2029-03-31,2.776738,3.887,6530.2,259.694,582.530531,1009.430707,3210.1146,535.0191,0.0,0.0,4815.1719,1605.0573,535.0191,0.0,2107.766287,10310.150531,13817.578994,0.0,13817.578994,11054.063195,20035.489542,3507.428463,34.02,Licensing planning estimate,Bottom-up activity-based estimate by work package
P53-01,"Part 53 license-product selection, risk-method strategy, and implementation plan",Power Reactor,part53,power_reactor_licensing,licensing_authorization,management_control,2026-10-01,2027-03-31,1.219516,1.75,2940.0,267.644,265.737436,468.376684,938.5992,234.6498,0.0,0.0,703.9494,234.6498,117.3249,117.3249,506.677443,2398.917436,3321.552127,0.0,3321.552127,2657.241702,4816.250584,922.634691,38.46,Licensing planning estimate,Bottom-up activity-based estimate by work package
P53-02,"Part 53 pre-application engagement, regulatory engagement plan, policy papers, topicals, and readiness assessments",Power Reactor,part53,power_reactor_licensing,licensing_authorization,licensing_product,2026-10-01,2028-06-30,2.199747,3.5,5880.0,259.498,465.08863,908.241605,2191.6356,547.9089,0.0,0.0,1643.7267,547.9089,273.95445,273.95445,1149.719509,5446.07863,7537.050114,0.0,7537.050114,6029.640091,10928.722665,2090.971484,38.39,Licensing planning estimate,Bottom-up activity-based estimate by work package
P53-03,"PRA/SRE methods, data, software QA, model governance, and technical-adequacy program",Power Reactor,part53,power_reactor_licensing,risk_pra,analysis_model,2026-10-01,2029-06-30,2.11048,4.9,8232.0,252.184,439.776578,1235.700559,2830.9512,707.7378,0.0,0.0,2123.2134,707.7378,353.8689,353.8689,1496.354141,6873.756578,9809.4327,0.0,9809.4327,7847.54616,14223.677414,2935.676122,42.71,Licensing planning estimate,Bottom-up activity-based estimate by work package
P53-04,"Licensing-basis-event selection, PRA/SRE development, uncertainty, and peer review",Power Reactor,part53,power_reactor_licensing,risk_pra,analysis_model,2027-01-01,2029-06-30,2.648082,6.3,10584.0,254.205,555.010377,1601.492559,2581.5636,430.2606,0.0,0.0,3872.3454,1290.7818,430.2606,0.0,1837.206821,8377.930377,12043.91138,0.0,12043.91138,9635.129104,17463.6715,3665.981003,43.76,Licensing planning estimate,Bottom-up activity-based estimate by work package
P53-05,"Safety function allocation, SSC classification, special treatment, codes, and performance monitoring",Power Reactor,part53,power_reactor_licensing,systems_engineering,design_engineering,2027-04-01,2029-06-30,1.90371,4.2,7056.0,247.256,386.462773,1038.475962,2704.6404,676.1601,0.0,0.0,2028.4803,676.1601,338.08005,338.08005,1404.013853,6533.372773,9204.090815,0.0,9204.090815,7363.272652,13345.931682,2670.718042,40.88,Licensing planning estimate,Bottom-up activity-based estimate by work package
P53-06,"Defense-in-depth, functional containment, mechanistic source term, and safety-margin demonstration",Power Reactor,part53,power_reactor_licensing,safety_analysis,analysis_model,2027-04-01,2029-06-30,1.718901,4.2,7056.0,251.149,351.303436,1054.825782,2561.6052,640.4013,0.0,0.0,1921.2039,640.4013,320.20065,320.20065,1342.590981,6173.133436,8801.429763,0.0,8801.429763,7041.14381,12762.073156,2628.296327,42.58,Licensing planning estimate,Bottom-up activity-based estimate by work package
P53-07,"Part 53 codes, quality assurance, commercial-grade dedication, and alternative-treatment program",Power Reactor,part53,power_reactor_licensing,quality_configuration,management_control,2027-04-01,2029-03-31,1.018164,2.1,3528.0,235.05,194.513144,493.605911,1597.134,399.2835,0.0,0.0,1197.8505,399.2835,199.64175,199.64175,807.559364,3824.363144,5294.000275,0.0,5294.000275,4235.20022,7676.300399,1469.637131,38.43,Licensing planning estimate,Bottom-up activity-based estimate by work package
P53-08,"Part 53 operating concept, staffing, GLRO assessment, remote operations, HFE, FFD, EP, and security alternatives",Power Reactor,part53,power_reactor_licensing,human_factors,analysis_model,2027-04-01,2029-09-30,1.629062,3.5,5880.0,236.224,316.030948,826.783072,2392.236,598.059,0.0,0.0,1794.177,598.059,299.0295,299.0295,1225.327153,5752.930948,8032.700225,0.0,8032.700225,6426.16018,11647.415326,2279.769277,39.63,Licensing planning estimate,Bottom-up activity-based estimate by work package
P53-09,"Part 53 site safety, alternative siting/societal-risk evaluation, environmental review, and permits",Power Reactor,part53,power_reactor_licensing,site_environmental,analysis_model,2027-01-01,2029-06-30,2.165238,4.2,7056.0,236.978,417.998634,995.309286,1958.1408,326.3568,0.0,0.0,2937.2112,979.0704,326.3568,0.0,1354.040151,6351.758634,8876.485437,0.0,8876.485437,7101.18835,12870.903884,2524.726803,39.75,Licensing planning estimate,Bottom-up activity-based estimate by work package
P53-10,"Integrated Part 53 safety case, application content, Technical Specifications, and verification plan",Power Reactor,part53,power_reactor_licensing,licensing_authorization,licensing_product,2027-07-01,2029-09-30,3.631166,7.7,12936.0,252.631,750.795992,1945.259977,4833.62544,1208.40636,0.0,0.0,3625.21908,1208.40636,604.20318,604.20318,2525.278244,12150.855992,16554.601821,0.0,16554.601821,13243.681457,24004.17264,4403.745829,36.24,Licensing planning estimate,Bottom-up activity-based estimate by work package
P53-11,"Part 53 application readiness assessment, independent challenge, and submittal approval",Power Reactor,part53,power_reactor_licensing,licensing_authorization,licensing_product,2028-04-01,2028-09-30,0.693891,1.75,2940.0,266.521,150.198951,466.411275,987.5712,246.8928,0.0,0.0,740.6784,246.8928,123.4464,123.4464,528.361069,2394.678951,3463.700344,0.0,3463.700344,2770.960276,5022.3655,1069.021393,44.64,Licensing planning estimate,Bottom-up activity-based estimate by work package
P53-12,"Part 53 licensing-basis implementation, commitments, and construction-readiness controls",Power Reactor,part53,power_reactor_licensing,quality_configuration,management_control,2029-07-01,2029-12-31,1.466296,2.8,4704.0,251.635,302.27991,704.579119,1001.9856,250.4964,0.0,0.0,751.4892,250.4964,125.2482,125.2482,577.717761,2579.51991,3787.26088,0.0,3787.26088,3029.808704,5491.528277,1207.74097,46.82,Licensing planning estimate,Bottom-up activity-based estimate by work package
P53-13,"Part 53 construction verification, inspection readiness, performance evidence, and change control",Power Reactor,part53,power_reactor_licensing,quality_configuration,construction_installation,2030-01-01,2034-09-30,4.723096,6.612,11108.2,228.679,882.115964,1512.023938,2970.3828,742.5957,0.0,0.0,2227.7871,742.5957,371.29785,371.29785,1608.836569,7632.985964,10546.817507,0.0,10546.817507,8437.454005,15292.885385,2913.831543,38.17,Licensing planning estimate,Bottom-up activity-based estimate by work package
P53-14,"Part 53 preoperational testing, performance-monitoring initialization, and readiness for operation",Power Reactor,part53,power_reactor_licensing,licensing_authorization,test_experiment,2034-01-01,2035-02-28,2.722694,3.812,6404.2,227.346,507.269526,866.641832,1575.42,393.855,0.0,0.0,1181.565,393.855,196.9275,196.9275,864.93453,4087.769526,5670.126362,0.0,5670.126362,4536.101089,8221.683225,1582.356836,38.71,Licensing planning estimate,Bottom-up activity-based estimate by work package
P53-15,"Part 53 operation authorization, license-condition implementation, and initial startup control",Power Reactor,part53,power_reactor_licensing,licensing_authorization,licensing_product,2035-01-01,2035-03-31,1.32457,1.854,3114.7,242.499,263.52664,449.592907,852.4824,213.1206,0.0,0.0,639.3618,213.1206,106.5603,106.5603,464.543803,2200.98664,3045.34271,0.0,3045.34271,2436.274168,4415.74693,844.35607,38.36,Licensing planning estimate,Bottom-up activity-based estimate by work package
P53-16,"Part 53 living risk model, performance-based change control, and FOAK-to-standard design transition",Power Reactor,part53,power_reactor_licensing,risk_pra,analysis_model,2035-04-01,2038-12-31,1.969306,2.8,4704.0,243.642,394.592737,682.198407,1190.0196,297.5049,0.0,0.0,892.5147,297.5049,148.75245,148.75245,658.304533,3099.182737,4315.55194,0.0,4315.55194,3452.441552,6257.550313,1216.369203,39.25,Licensing planning estimate,Bottom-up activity-based estimate by work package
P53-C01,Part 53 Combined License application submittal and docketing,Power Reactor,part53,power_reactor_licensing,licensing_authorization,licensing_product,2028-07-01,2028-09-30,0.859593,1.4,2352.0,260.222,180.971535,364.311216,775.1898,129.1983,0.0,0.0,1162.7847,387.5949,129.1983,0.0,530.689899,2530.031535,3478.967115,0.0,3478.967115,2783.173692,5044.502317,948.93558,37.51,Licensing planning estimate,Bottom-up activity-based estimate by work package
P53-C02,"NRC Part 53 COL review, audits, RAIs, ACRS/hearing support, and license issuance",Power Reactor,part53,power_reactor_licensing,licensing_authorization,licensing_product,2029-01-01,2029-12-31,3.534742,5.6,9408.0,261.945,752.476593,1466.891029,3064.3767,510.72945,0.0,0.0,4596.56505,1532.18835,510.72945,0.0,2102.666405,10038.466593,13784.146434,0.0,13784.146434,11027.317147,19987.01233,3745.679841,37.31,Licensing planning estimate,Bottom-up activity-based estimate by work package
P53-P01,Part 53 Construction Permit application: preliminary safety case and Environmental Report,Power Reactor,part53,power_reactor_licensing,site_environmental,licensing_product,2027-07-01,2028-03-31,2.097076,4.2,7056.0,253.669,435.061615,1065.407994,3355.19415,0.0,0.0,0.0,1491.1974,745.5987,745.5987,1118.39805,1533.851099,7213.231615,10055.246093,0.0,10055.246093,8044.196874,14580.106835,2842.014478,39.4,Licensing planning estimate,Bottom-up activity-based estimate by work package
P53-P02,"NRC Part 53 CP review, hearing, permit issuance, and condition implementation",Power Reactor,part53,power_reactor_licensing,licensing_authorization,licensing_product,2028-04-01,2029-12-31,2.532143,4.2,7056.0,264.538,543.602562,1111.060496,2649.8241,441.63735,0.0,0.0,3974.73615,1324.91205,441.63735,0.0,1789.885349,8573.372562,11733.692845,0.0,11733.692845,9386.954276,17013.854626,3160.320283,36.86,Licensing planning estimate,Bottom-up activity-based estimate by work package
P53-P03,"Part 53 Operating License application, final safety case, and OL review/issuance",Power Reactor,part53,power_reactor_licensing,licensing_authorization,licensing_product,2031-01-01,2035-03-31,6.32684,8.858,14881.4,255.109,1315.652624,2259.752826,3988.63584,664.77264,0.0,0.0,5982.95376,1994.31792,664.77264,0.0,2799.937013,13858.532624,18355.142639,0.0,18355.142639,14684.114111,26614.956826,4496.610015,32.45,Licensing planning estimate,Bottom-up activity-based estimate by work package
P57-H01,"Hypothetical final-rule licensing strategy, product stack, and application schedule",Power Reactor,part57,power_reactor_licensing,project_controls,management_control,2026-10-01,2027-03-31,1.093126,1.53,2570.4,272.794,241.376435,417.375227,906.048,226.512,0.0,0.0,679.536,226.512,113.256,113.256,482.849141,2300.576435,3165.344368,0.0,3165.344368,2215.741058,5064.550989,864.767933,37.59,Concept sensitivity estimate,Bottom-up activity-based estimate by work package
P57-H02,"Streamlined Part 57 safety analysis, risk profile, design attributes, and application methods",Power Reactor,part57,power_reactor_licensing,safety_analysis,analysis_model,2026-10-01,2028-03-31,2.406499,3.369,5659.9,253.285,498.010213,853.317726,2590.192,647.548,0.0,0.0,1942.644,647.548,323.774,323.774,1319.183591,6384.810213,8647.981317,0.0,8647.981317,6053.586922,13836.770107,2263.171104,35.45,Concept sensitivity estimate,Bottom-up activity-based estimate by work package
P57-H03,"Standard design, generic finality, allowable variations, and repeat-site application package",Power Reactor,part57,power_reactor_licensing,systems_engineering,design_engineering,2027-01-01,2028-06-30,2.890273,4.046,6797.3,241.428,571.731544,976.816904,3838.626,0.0,0.0,0.0,1706.056,853.028,853.028,1279.542,1711.277443,8326.531544,11218.374347,0.0,11218.374347,7852.862043,17949.398955,2891.842803,34.73,Concept sensitivity estimate,Bottom-up activity-based estimate by work package
P57-H04,"Manufacturing License, factory QA, factory fuel loading/testing, and transportable-reactor controls",Power Reactor,part57,power_reactor_licensing,procurement_fabrication,procurement_fabrication,2027-07-01,2029-06-30,2.48262,3.476,5839.7,236.432,476.780506,821.837307,5717.8096,1429.4524,0.0,0.0,4288.3572,1429.4524,714.7262,714.7262,2720.945035,13962.180506,17837.306342,0.0,17837.306342,12486.11444,28539.690148,3875.125836,27.75,Concept sensitivity estimate,Bottom-up activity-based estimate by work package
P57-H05,"Multi-site or geographic-area application, site-family envelope, and environmental strategy",Power Reactor,part57,power_reactor_licensing,site_environmental,licensing_product,2027-01-01,2028-06-30,2.150317,3.01,5056.8,240.161,421.097073,722.884105,3136.716,0.0,0.0,0.0,1394.096,697.048,697.048,1045.572,1384.805539,6757.897073,9078.169644,0.0,9078.169644,6354.718751,14525.07143,2320.272571,34.33,Concept sensitivity estimate,Bottom-up activity-based estimate by work package
P57-H06,"General-license construction eligibility, standard site-work package, and pre-license controls",Power Reactor,part57,power_reactor_licensing,licensing_authorization,licensing_product,2028-01-01,2029-12-31,1.43304,2.006,3370.1,246.539,287.458416,494.556606,2105.928,0.0,0.0,0.0,935.968,467.984,467.984,701.976,931.391389,4541.858416,6105.787995,0.0,6105.787995,4274.051597,9769.260792,1563.929579,34.43,Concept sensitivity estimate,Bottom-up activity-based estimate by work package
P57-H07,"Remote/autonomous operations, GLRO, fleet control center, HFE, cyber, and flexible FFD program",Power Reactor,part57,power_reactor_licensing,instrumentation_controls,operations_program,2027-04-01,2029-06-30,2.235324,3.129,5256.7,237.318,434.726275,742.568224,2800.336,700.084,0.0,0.0,2100.252,700.084,350.042,350.042,1393.81348,6799.126275,9137.221704,0.0,9137.221704,6396.055193,14619.554727,2338.095429,34.39,Concept sensitivity estimate,Bottom-up activity-based estimate by work package
P57-H08,"Graded QA, security, emergency, environmental, decommissioning, and transportable-reactor lifecycle programs",Power Reactor,part57,power_reactor_licensing,quality_configuration,management_control,2027-04-01,2029-06-30,1.579217,2.211,3714.5,238.12,305.261142,526.482547,2653.299,0.0,0.0,0.0,1179.244,589.622,589.622,884.433,1156.086458,5665.461142,7578.789005,0.0,7578.789005,5305.152304,12126.062409,1913.327863,33.77,Concept sensitivity estimate,Bottom-up activity-based estimate by work package
P57-H09,"Part 57 standardized application, digital evidence package, and multi-license submittal",Power Reactor,part57,power_reactor_licensing,instrumentation_controls,licensing_product,2028-01-01,2028-09-30,3.005033,4.207,7067.8,255.518,626.508537,1074.965042,4022.568,1005.642,0.0,0.0,3016.926,1005.642,502.821,502.821,2003.649308,9768.708537,13135.03435,0.0,13135.03435,9194.524045,21016.054959,3366.325813,34.46,Concept sensitivity estimate,Bottom-up activity-based estimate by work package
P57-H10,"NRC Part 57 review, rapid issue resolution, hearing/ACRS support, and license issuance",Power Reactor,part57,power_reactor_licensing,licensing_authorization,licensing_product,2028-10-01,2029-12-31,2.856,3.998,6716.6,263.049,610.040592,1051.668021,2654.784,442.464,0.0,0.0,3982.176,1327.392,442.464,0.0,1782.170644,8654.840592,11683.118665,0.0,11683.118665,8178.183065,18692.989864,3028.278073,34.99,Concept sensitivity estimate,Bottom-up activity-based estimate by work package
P57-H11,"Factory/site construction, standardized verification, targeted inspections, and readiness for operation",Power Reactor,part57,power_reactor_licensing,construction_installation,construction_installation,2030-01-01,2035-03-31,1.95363,2.735,4594.8,226.253,361.739952,618.801467,3252.348,0.0,0.0,0.0,1445.488,722.744,722.744,1084.116,1412.323464,6932.139952,9258.564931,0.0,9258.564931,6480.995452,14813.70389,2326.424979,33.56,Concept sensitivity estimate,Bottom-up activity-based estimate by work package
P57-H12,"Fleet license administration, standardized programs, remote oversight, performance monitoring, and repeat deployment",Power Reactor,part57,power_reactor_licensing,licensing_authorization,operations_program,2035-04-01,2038-12-31,1.173501,1.643,2760.2,233.952,225.791294,384.382351,1933.36,483.34,0.0,0.0,1450.02,483.34,241.67,241.67,939.200823,4619.791294,6156.983174,0.0,6156.983174,4309.888222,9851.173079,1537.19188,33.27,Concept sensitivity estimate,Bottom-up activity-based estimate by work package
P57-R01,"Proposed Part 57 rule, guidance, docket, and implementation schedule monitoring",Power Reactor,part57,power_reactor_licensing,project_controls,management_control,2026-10-01,2032-12-31,0.84672,1.185,1990.8,280.789,190.947288,332.734598,663.894,110.649,0.0,0.0,995.841,331.947,110.649,0.0,458.228628,2202.747288,3003.943226,0.0,3003.943226,2403.154581,4355.717677,801.195938,36.37,Licensing planning estimate,Bottom-up activity-based estimate by work package
P57-R02,"Part 57 entry-criteria, comparable-risk-profile, and deployment-model assessment",Power Reactor,part57,power_reactor_licensing,risk_pra,analysis_model,2026-10-01,2027-06-30,1.267778,1.775,2982.0,259.654,268.471575,460.885992,1004.256,251.064,0.0,0.0,753.192,251.064,125.532,125.532,534.874679,2550.871575,3506.400671,0.0,3506.400671,2805.120536,5084.280972,955.529096,37.46,Licensing planning estimate,Bottom-up activity-based estimate by work package
P57-R03,"High-volume standardization, generic-finality, manufacturing, and site-family business case",Power Reactor,part57,power_reactor_licensing,systems_engineering,management_control,2027-01-01,2028-06-30,0.959431,1.343,2256.2,254.754,199.386075,342.135077,1357.191,0.0,0.0,0.0,603.196,301.598,301.598,452.397,604.460714,2941.186075,3962.575791,0.0,3962.575791,3170.060633,5745.734897,1021.389716,34.73,Licensing planning estimate,Bottom-up activity-based estimate by work package
P57-R04,"Part 57 draft application crosswalk, data-room prototype, and NRC pilot engagement",Power Reactor,part57,power_reactor_licensing,licensing_authorization,licensing_product,2027-07-01,2029-06-30,1.347763,1.887,3170.2,257.801,282.993288,486.470544,1323.96,330.99,0.0,0.0,992.97,330.99,165.495,165.495,683.346698,3291.993288,4479.717242,0.0,4479.717242,3583.773794,6495.590001,1187.723954,36.08,Licensing planning estimate,Bottom-up activity-based estimate by work package
P57-R05,Executable fallback license and controlled migration decision,Power Reactor,part57,power_reactor_licensing,project_controls,management_control,2028-01-01,2035-12-31,0.4809,0.673,1130.6,266.092,103.51656,179.079716,764.016,191.004,0.0,0.0,573.012,191.004,95.502,95.502,376.041549,1839.91656,2465.161265,0.0,2465.161265,1972.129012,3574.483834,625.244705,33.98,Licensing planning estimate,Bottom-up activity-based estimate by work package
D-0.3.a,"Requirements Governance, Ontology, and Structure",Demonstrator,shared_program,demonstrator_engineering,systems_engineering,design_engineering,2026-10-01,2027-06-30,0.085104,0.25,420.0,249.333,17.485529,62.333204,22.638,10.29,0.0,0.0,0.0,0.0,3.2928,4.9392,15.523981,17.485529,119.017185,0.0,119.017185,95.213748,166.624058,101.531656,580.66,Engineering planning estimate,Bottom-up activity-based estimate by work package
D-0.3.b,GDC -> PDC Derivation and Departures,Demonstrator,shared_program,demonstrator_engineering,systems_engineering,design_engineering,2026-10-01,2027-03-31,0.033421,0.25,420.0,251.178,6.915152,62.794463,22.638,10.29,0.0,0.0,0.0,0.0,3.2928,4.9392,15.593169,6.915152,119.547632,0.0,119.547632,95.638106,167.366685,112.63248,1628.78,Engineering planning estimate,Bottom-up activity-based estimate by work package
D-0.3.c,SSC Safety Classification & Special Treatments (incl. 10 CFR 50.69 Option),Demonstrator,shared_program,demonstrator_engineering,systems_engineering,design_engineering,2026-10-01,2027-03-31,0.03328,0.25,420.0,251.19,6.886302,62.797401,22.638,10.29,0.0,0.0,0.0,0.0,3.2928,4.9392,15.59361,6.886302,119.551011,0.0,119.551011,95.640809,167.371416,112.664709,1636.07,Engineering planning estimate,Bottom-up activity-based estimate by work package
D-0.3.d,Design-Basis & Functional Requirements (DBFR) Authoring,Demonstrator,shared_program,demonstrator_engineering,systems_engineering,design_engineering,2026-10-01,2027-03-31,0.079294,0.25,420.0,248.656,16.252242,62.164114,22.638,10.29,0.0,0.0,0.0,0.0,3.2928,4.9392,15.498617,16.252242,118.822731,0.0,118.822731,95.058185,166.351824,102.570489,631.12,Engineering planning estimate,Bottom-up activity-based estimate by work package
D-0.3.e,Requirements Database Implementation & Migration,Demonstrator,shared_program,demonstrator_engineering,systems_engineering,design_engineering,2026-10-01,2027-03-31,0.042193,0.25,420.0,250.719,8.714203,62.679799,22.484,10.22,0.0,0.0,0.0,0.0,3.2704,4.9056,15.53397,8.714203,119.093769,0.0,119.093769,95.275015,166.731276,110.379566,1266.66,Engineering planning estimate,Bottom-up activity-based estimate by work package
D-0.3.f,"Traceability to FSAR, SDDs, Analyses & ITAAC",Demonstrator,shared_program,demonstrator_engineering,licensing_authorization,design_engineering,2027-01-01,2027-06-30,0.062316,0.25,420.0,260.76,13.242535,65.19008,32.542125,14.791875,0.0,0.0,0.0,0.0,4.7334,7.1001,18.653637,13.242535,143.011217,0.0,143.011217,114.408974,200.215704,129.768682,979.94,Engineering planning estimate,Bottom-up activity-based estimate by work package
D-0.3.g,Special Treatment Definition & Code/Standard Allocation,Demonstrator,shared_program,demonstrator_engineering,systems_engineering,design_engineering,2026-10-01,2027-03-31,0.047424,0.25,420.0,249.297,9.746544,62.324324,22.484,10.22,0.0,0.0,0.0,0.0,3.2704,4.9056,15.480649,9.746544,118.684973,0.0,118.684973,94.947978,166.158962,108.938429,1117.71,Engineering planning estimate,Bottom-up activity-based estimate by work package
D-0.3.h,Quality Checks & Automated Validation of Requirements Set,Demonstrator,shared_program,demonstrator_engineering,systems_engineering,design_engineering,2026-10-01,2027-03-31,0.07826,0.25,420.0,240.891,15.539959,60.222735,14.2002,2.3667,14.2002,14.2002,0.0,0.0,2.3667,0.0,16.13351,15.539959,123.690245,0.0,123.690245,98.952196,173.166343,108.150286,695.95,Engineering planning estimate,Bottom-up activity-based estimate by work package
D-0.3.i,"Change Control, Baselines & 50.71(e) Impact Integration",Demonstrator,shared_program,demonstrator_engineering,systems_engineering,design_engineering,2026-10-01,2027-06-30,0.090479,0.25,420.0,249.271,18.585362,62.317775,22.638,10.29,0.0,0.0,0.0,0.0,3.2928,4.9392,15.521666,18.585362,118.999441,0.0,118.999441,95.199553,166.599218,100.414079,540.29,Engineering planning estimate,Bottom-up activity-based estimate by work package
D-0.3.j,Compliance Matrices & SRP Chapter Views,Demonstrator,shared_program,demonstrator_engineering,systems_engineering,design_engineering,2027-01-01,2027-06-30,0.042512,0.25,420.0,250.697,8.779321,62.674304,22.484,10.22,0.0,0.0,0.0,0.0,3.2704,4.9056,15.533146,8.779321,119.08745,0.0,119.08745,95.26996,166.722429,110.308129,1256.45,Engineering planning estimate,Bottom-up activity-based estimate by work package
D-0.3.k,"Stakeholder Reviews & Approvals (Design, Ops, PRA, Licensing)",Demonstrator,shared_program,demonstrator_engineering,risk_pra,analysis_model,2027-04-01,2027-09-30,0.088661,0.25,420.0,248.514,18.161389,62.128529,35.478,31.536,0.0,0.0,0.0,0.0,3.942,7.884,21.145279,18.161389,162.113808,0.0,162.113808,129.691047,226.959332,143.952419,792.63,Engineering planning estimate,Bottom-up activity-based estimate by work package
D-0.3.l,Digital Thread Analytics & Visualizations,Demonstrator,shared_program,demonstrator_engineering,instrumentation_controls,design_engineering,2027-04-01,2027-09-30,0.055304,0.25,420.0,249.067,11.35556,62.266676,28.2975,12.8625,0.0,0.0,0.0,0.0,4.116,6.174,17.057501,11.35556,130.774177,0.0,130.774177,104.619342,183.083848,119.418617,1051.63,Engineering planning estimate,Bottom-up activity-based estimate by work package
D-1.a,"Site Selection, Data Acquisition & Baseline Characterization",Demonstrator,shared_program,demonstrator_engineering,instrumentation_controls,design_engineering,2026-10-01,2027-03-31,0.037866,0.25,420.0,228.815,7.12184,57.203824,28.2975,12.8625,0.0,0.0,0.0,0.0,4.116,6.174,16.298074,7.12184,124.951898,0.0,124.951898,99.961518,174.932657,117.830058,1654.49,Engineering planning estimate,Bottom-up activity-based estimate by work package
D-1.b,Probabilistic Seismic Hazard Analysis (PSHA) & GMRS,Demonstrator,shared_program,demonstrator_engineering,safety_analysis,analysis_model,2026-10-01,2027-03-31,0.081479,0.438,735.8,226.623,15.144184,99.260737,157.5,140.0,0.0,0.0,0.0,0.0,17.5,35.0,67.389111,15.144184,516.649848,0.0,516.649848,413.319878,723.309787,501.505664,3311.54,Engineering planning estimate,Bottom-up activity-based estimate by work package
D-1.c,"Geology, Geotechnical & Seismogeologic Characterization",Demonstrator,shared_program,demonstrator_engineering,site_environmental,design_engineering,2027-01-01,2027-06-30,0.038614,0.25,420.0,230.569,7.29215,57.642144,28.105,12.775,0.0,0.0,0.0,0.0,4.088,6.132,16.311322,7.29215,125.053466,0.0,125.053466,100.042772,175.074852,117.761316,1614.91,Engineering planning estimate,Bottom-up activity-based estimate by work package
D-1.d,"Hydrology, Flooding & Water Resources",Demonstrator,shared_program,demonstrator_engineering,site_environmental,design_engineering,2027-01-01,2027-06-30,0.042885,0.25,420.0,230.321,8.089891,57.580244,28.2975,12.8625,0.0,0.0,0.0,0.0,4.116,6.174,16.354537,8.089891,125.384781,0.0,125.384781,100.307824,175.538693,117.29489,1449.89,Engineering planning estimate,Bottom-up activity-based estimate by work package
D-1.e,Meteorology & Atmospheric Dispersion (EAB/LPZ chi/Q),Demonstrator,shared_program,demonstrator_engineering,site_environmental,design_engineering,2027-01-01,2027-06-30,0.047034,0.25,420.0,230.136,8.865294,57.534098,82.5,37.5,0.0,0.0,0.0,0.0,12.0,18.0,31.130115,8.865294,238.664213,0.0,238.664213,190.93137,334.129898,229.798919,2592.12,Engineering planning estimate,Bottom-up activity-based estimate by work package
D-1.f,"Ultimate Heat Sink (UHS), Intake/Outfall & Thermal Plume",Demonstrator,shared_program,demonstrator_engineering,site_environmental,analysis_model,2027-01-01,2027-06-30,0.059258,0.25,420.0,228.815,11.145257,57.203859,33.075,29.4,0.0,0.0,0.0,0.0,3.675,7.35,19.605579,11.145257,150.309438,0.0,150.309438,120.24755,210.433213,139.164181,1248.64,Engineering planning estimate,Bottom-up activity-based estimate by work package
D-1.g,"External Hazards Screening (Industrial, Transportation, Pipelines, Aircraft)",Demonstrator,shared_program,demonstrator_engineering,site_environmental,design_engineering,2027-01-01,2027-06-30,0.034462,0.25,420.0,230.851,6.516203,57.712807,28.105,12.775,0.0,0.0,0.0,0.0,4.088,6.132,16.321921,6.516203,125.134728,0.0,125.134728,100.107782,175.188619,118.618525,1820.36,Engineering planning estimate,Bottom-up activity-based estimate by work package
D-1.h,"Environmental Report (NEPA) - Affected Environment, Alternatives & Impacts",Demonstrator,shared_program,demonstrator_engineering,site_environmental,design_engineering,2027-01-01,2027-06-30,0.057919,0.375,630.0,228.713,10.84427,85.767192,165.0,75.0,0.0,0.0,0.0,0.0,24.0,36.0,57.865079,10.84427,443.632271,0.0,443.632271,354.905817,621.085179,432.788001,3990.94,Engineering planning estimate,Bottom-up activity-based estimate by work package
D-1.i,Severe Accident Mitigation Alternatives (SAMA) / Risk-Benefit Analysis (as applicable),Demonstrator,shared_program,demonstrator_engineering,electrical,analysis_model,2027-01-01,2027-06-30,0.06811,0.25,420.0,227.093,12.697743,56.773143,35.721,31.752,0.0,0.0,0.0,0.0,3.969,7.938,20.422971,12.697743,156.576114,0.0,156.576114,125.260892,219.20656,143.878371,1133.1,Engineering planning estimate,Bottom-up activity-based estimate by work package
D-1.j,Federal/State/Tribal Consultations & Environmental Permitting,Demonstrator,shared_program,demonstrator_engineering,site_environmental,design_engineering,2027-04-01,2027-09-30,0.043045,0.25,420.0,230.319,8.119966,57.579713,27.9125,12.6875,0.0,0.0,0.0,0.0,4.06,6.09,16.249457,8.119966,124.57917,0.0,124.57917,99.663336,174.410838,116.459204,1434.23,Engineering planning estimate,Bottom-up activity-based estimate by work package
D-1.k,Radiological Environmental Monitoring Program (REMP) Baseline,Demonstrator,shared_program,demonstrator_engineering,site_environmental,design_engineering,2026-10-01,2027-09-30,0.121598,0.25,420.0,227.718,22.742621,56.929514,28.2975,12.8625,0.0,0.0,0.0,0.0,4.116,6.174,16.256927,22.742621,124.636441,0.0,124.636441,99.709153,174.491018,101.89382,448.03,Engineering planning estimate,Bottom-up activity-based estimate by work package
D-1.l,"Data Management, QA & GIS/Records Integration",Demonstrator,shared_program,demonstrator_engineering,site_environmental,design_engineering,2026-10-01,2027-09-30,0.097878,0.25,420.0,228.965,18.351378,57.241208,28.105,12.775,0.0,0.0,0.0,0.0,4.088,6.132,16.251181,18.351378,124.592389,0.0,124.592389,99.673911,174.429345,106.241011,578.93,Engineering planning estimate,Bottom-up activity-based estimate by work package
D-1.m,FSAR Chapter 2 Authoring & Interfaces,Demonstrator,shared_program,demonstrator_engineering,licensing_authorization,design_engineering,2026-10-01,2027-06-30,0.141891,0.25,420.0,260.23,30.080624,65.057597,25.8566,11.753,0.0,0.0,0.0,0.0,3.76096,5.64144,16.81044,30.080624,128.880037,0.0,128.880037,103.104029,180.432051,98.799413,328.45,Engineering planning estimate,Bottom-up activity-based estimate by work package
D-13.a,Readiness Governance & Gate Criteria,Demonstrator,shared_program,demonstrator_engineering,test_commissioning,test_experiment,2029-04-01,2029-09-30,0.014669,0.25,420.0,214.243,2.564141,53.560826,28.40625,5.68125,22.725,45.45,0.0,0.0,9.09,2.2725,25.077874,2.564141,192.2637,0.0,192.2637,153.81096,269.16918,189.699559,7398.17,Engineering planning estimate,Bottom-up activity-based estimate by work package
D-13.b,Construction Readiness Review (CRR),Demonstrator,shared_program,demonstrator_engineering,test_commissioning,test_experiment,2029-07-01,2029-12-31,0.011765,0.25,420.0,237.34,2.298325,59.334998,32.667187,6.533437,26.13375,52.2675,0.0,0.0,10.4535,2.613376,28.500562,2.298325,218.50431,0.0,218.50431,174.803448,305.906034,216.205985,9407.11,Engineering planning estimate,Bottom-up activity-based estimate by work package
D-13.c,Fuel Load Readiness Review (FLRR),Demonstrator,shared_program,demonstrator_engineering,test_commissioning,test_experiment,2030-01-01,2030-06-30,0.008022,0.25,420.0,234.394,1.545379,58.598542,29.0625,5.8125,23.25,46.5,0.0,0.0,9.3,2.325,26.227281,1.545379,201.075823,0.0,201.075823,160.860659,281.506153,199.530444,12911.42,Engineering planning estimate,Bottom-up activity-based estimate by work package
D-13.d,Operational Readiness Review (ORR) / Startup Readiness,Demonstrator,shared_program,demonstrator_engineering,test_commissioning,test_experiment,2030-01-01,2030-06-30,0.021194,0.25,420.0,226.016,3.949303,56.503963,28.875,5.775,23.1,46.2,0.0,0.0,9.24,2.31,25.800594,3.949303,197.804557,0.0,197.804557,158.243646,276.92638,193.855254,4908.59,Engineering planning estimate,Bottom-up activity-based estimate by work package
D-13.e,"Gate Checklists, Evidence Binders & Walkdowns",Demonstrator,shared_program,demonstrator_engineering,materials,test_experiment,2029-07-01,2029-12-31,0.012992,0.25,420.0,246.671,2.629581,61.667757,34.0875,6.8175,27.27,54.54,0.0,0.0,10.908,2.727,29.702664,2.629581,227.720421,0.0,227.720421,182.176336,318.808589,225.09084,8559.95,Engineering planning estimate,Bottom-up activity-based estimate by work package
D-13.f,"Exercises, Drills & Demonstrations",Demonstrator,shared_program,demonstrator_engineering,test_commissioning,analysis_model,2028-01-01,2028-06-30,0.012502,0.25,420.0,234.394,2.408413,58.598424,33.525,29.8,0.0,0.0,0.0,0.0,3.725,7.45,19.964764,2.408413,153.063188,0.0,153.063188,122.45055,214.288463,150.654775,6255.35,Engineering planning estimate,Bottom-up activity-based estimate by work package
D-13.g,Interface to NRC Inspections & Authorizations,Demonstrator,shared_program,demonstrator_engineering,test_commissioning,test_experiment,2029-01-01,2030-09-30,0.023283,0.25,420.0,234.343,4.4842,58.585717,28.40625,5.68125,22.725,45.45,0.0,0.0,9.09,2.2725,25.831608,4.4842,198.042325,0.0,198.042325,158.43386,277.259254,193.558125,4316.45,Engineering planning estimate,Bottom-up activity-based estimate by work package
D-13.h,Configuration Freeze & Change Control at Gates,Demonstrator,shared_program,demonstrator_engineering,thermal_hydraulics,analysis_model,2027-04-01,2028-09-30,0.026525,0.25,420.0,246.468,5.36866,61.617012,37.548,33.376,0.0,0.0,0.0,0.0,4.172,8.344,21.758552,5.36866,166.815564,0.0,166.815564,133.452451,233.541789,161.446904,3007.21,Engineering planning estimate,Bottom-up activity-based estimate by work package
D-13.i,"Readiness Boards, Minutes & Closeout",Demonstrator,shared_program,demonstrator_engineering,test_commissioning,test_experiment,2030-04-01,2030-06-30,0.007201,0.25,420.0,234.372,1.387075,58.593077,28.40625,5.68125,22.725,45.45,0.0,0.0,9.09,2.2725,25.832712,1.387075,198.050789,0.0,198.050789,158.440631,277.271104,196.663714,14178.3,Engineering planning estimate,Bottom-up activity-based estimate by work package
D-3.1.a,Plant Parameters & Operating Modes Definition,Demonstrator,shared_program,demonstrator_engineering,project_controls,management_control,2027-01-01,2027-03-31,0.00888,0.179,300.7,257.492,1.885944,46.091089,8.235,3.66,0.0,0.0,0.0,0.0,1.83,4.575,9.658663,1.885944,74.049752,0.0,74.049752,59.239802,103.669653,72.163808,3826.4,Engineering planning estimate,Bottom-up activity-based estimate by work package
D-3.1.b,Exemptions/Departures Catalog & Tier Mapping,Demonstrator,shared_program,demonstrator_engineering,systems_engineering,design_engineering,2027-01-01,2027-06-30,0.010104,0.25,420.0,257.69,2.147317,64.422506,23.1,10.5,0.0,0.0,0.0,0.0,3.36,5.04,15.963376,2.147317,122.385882,0.0,122.385882,97.908706,171.340235,120.238565,5599.48,Engineering planning estimate,Bottom-up activity-based estimate by work package
D-3.1.c,"Application Structure, Conventions & Referencing",Demonstrator,shared_program,demonstrator_engineering,systems_engineering,design_engineering,2027-01-01,2027-06-30,0.01471,0.25,420.0,263.519,3.193284,65.879844,22.946,10.43,0.0,0.0,0.0,0.0,3.3376,5.0064,16.139977,3.193284,123.739821,0.0,123.739821,98.991856,173.235749,120.546537,3775.0,Engineering planning estimate,Bottom-up activity-based estimate by work package
D-3.1.d,ITAAC Summary & COL Action Items,Demonstrator,shared_program,demonstrator_engineering,systems_engineering,design_engineering,2027-04-01,2027-09-30,0.012629,0.25,420.0,258.018,2.686915,64.504612,28.875,13.125,0.0,0.0,0.0,0.0,4.2,6.3,17.550692,2.686915,134.555304,0.0,134.555304,107.644243,188.377425,131.868389,4907.8,Engineering planning estimate,Bottom-up activity-based estimate by work package
D-3.1.e,Graphics & Tables: General Arrangement and Block Diagrams,Demonstrator,shared_program,demonstrator_engineering,systems_engineering,design_engineering,2027-04-01,2027-09-30,0.012581,0.25,420.0,258.068,2.6772,64.51703,22.946,10.43,0.0,0.0,0.0,0.0,3.3376,5.0064,15.935555,2.6772,122.172584,0.0,122.172584,97.738068,171.041618,119.495385,4463.45,Engineering planning estimate,Bottom-up activity-based estimate by work package
D-3.1.f,Cross-Chapter Consistency & Parameter Reconciliation,Demonstrator,shared_program,demonstrator_engineering,systems_engineering,design_engineering,2027-04-01,2027-09-30,0.013756,0.25,420.0,258.153,2.928047,64.538202,22.946,10.43,0.0,0.0,0.0,0.0,3.3376,5.0064,15.93873,2.928047,122.196932,0.0,122.196932,97.757546,171.075705,119.268885,4073.33,Engineering planning estimate,Bottom-up activity-based estimate by work package
D-3.1.g,"References, Acronyms, and Definitions Compilation",Demonstrator,shared_program,demonstrator_engineering,systems_engineering,design_engineering,2027-01-01,2027-06-30,0.00888,0.25,420.0,257.492,1.885944,64.373029,22.946,10.43,0.0,0.0,0.0,0.0,3.3376,5.0064,15.913954,1.885944,122.006983,0.0,122.006983,97.605587,170.809777,120.121039,6369.28,Engineering planning estimate,Bottom-up activity-based estimate by work package
D-3.1.h,"Licensing & QA Review, Finalization, and Release",Demonstrator,shared_program,demonstrator_engineering,licensing_authorization,licensing_product,2027-04-01,2027-09-30,0.007708,0.25,420.0,257.212,1.635484,64.302997,30.843,6.1686,0.0,0.0,0.0,12.3372,4.93488,7.40232,18.89835,1.635484,144.887347,0.0,144.887347,115.909877,202.842285,143.251863,8758.99,Engineering planning estimate,Bottom-up activity-based estimate by work package
D-3.10.a,System Architecture & Boundaries,Demonstrator,shared_program,demonstrator_engineering,materials,design_engineering,2027-04-01,2027-09-30,0.022986,0.25,420.0,230.818,4.352465,57.704581,33.8415,15.3825,0.0,0.0,0.0,0.0,4.9224,7.3836,17.885187,4.352465,137.119768,0.0,137.119768,109.695815,191.967675,132.767303,3050.39,Engineering planning estimate,Bottom-up activity-based estimate by work package
D-3.10.b,"Turbine-Generator Design, Overspeed Protection & Missile Analysis",Demonstrator,shared_program,demonstrator_engineering,electrical,design_engineering,2027-07-01,2027-12-31,0.049914,0.25,420.0,229.119,9.37331,57.279671,23.1,10.5,0.0,0.0,0.0,0.0,3.36,5.04,14.891951,9.37331,114.171622,0.0,114.171622,91.337297,159.84027,104.798312,1118.05,Engineering planning estimate,Bottom-up activity-based estimate by work package
D-3.10.c,"Main Steam System - Isolation, Relief, and Water Induction Prevention",Demonstrator,shared_program,demonstrator_engineering,materials,design_engineering,2027-07-01,2027-12-31,0.03277,0.25,420.0,230.821,6.205161,57.705142,34.419,15.645,0.0,0.0,0.0,0.0,5.0064,7.5096,18.042771,6.205161,138.327913,0.0,138.327913,110.662331,193.659079,132.122752,2129.24,Engineering planning estimate,Bottom-up activity-based estimate by work package
D-3.10.d,"Condensate & Feedwater - Pumps, Heaters, Controls",Demonstrator,shared_program,demonstrator_engineering,thermal_hydraulics,design_engineering,2027-04-01,2027-09-30,0.036002,0.25,420.0,230.83,6.817458,57.707419,32.1244,14.602,0.0,0.0,0.0,0.0,4.67264,7.00896,17.417313,6.817458,133.532732,0.0,133.532732,106.826185,186.945825,126.715274,1858.69,Engineering planning estimate,Bottom-up activity-based estimate by work package
D-3.10.e,Transient & Accident Analyses (MSLB/Trips/Load Rejection/Loss of Condenser),Demonstrator,shared_program,demonstrator_engineering,materials,design_engineering,2027-04-01,2027-12-31,0.039203,0.25,420.0,230.82,7.423259,57.704991,34.65,15.75,0.0,0.0,0.0,0.0,5.04,7.56,18.105749,7.423259,138.81074,0.0,138.81074,111.048592,194.335036,131.387481,1769.94,Engineering planning estimate,Bottom-up activity-based estimate by work package
D-3.10.f,Water-Hammer & Hydraulic Transients (MS/FW/Condensate),Demonstrator,shared_program,demonstrator_engineering,materials,design_engineering,2027-07-01,2027-12-31,0.04254,0.25,420.0,230.818,8.05506,57.704513,34.419,15.645,0.0,0.0,0.0,0.0,5.0064,7.5096,18.042677,8.05506,138.32719,0.0,138.32719,110.661752,193.658066,130.27213,1617.27,Engineering planning estimate,Bottom-up activity-based estimate by work package
D-3.10.g,"Condenser, Vacuum & Heat Rejection Interfaces",Demonstrator,shared_program,demonstrator_engineering,thermal_hydraulics,design_engineering,2027-04-01,2027-12-31,0.065335,0.25,420.0,230.825,12.371774,57.706264,32.1244,14.602,0.0,0.0,0.0,0.0,4.67264,7.00896,17.41714,12.371774,133.531404,0.0,133.531404,106.825123,186.943965,121.15963,979.32,Engineering planning estimate,Bottom-up activity-based estimate by work package
D-3.10.h,Steam Bypass/Dump & MSR/Gland Seal/Vacuum Systems,Demonstrator,shared_program,demonstrator_engineering,materials,design_engineering,2027-07-01,2027-12-31,0.029452,0.25,420.0,230.825,5.577003,57.706268,34.419,15.645,0.0,0.0,0.0,0.0,5.0064,7.5096,18.04294,5.577003,138.329208,0.0,138.329208,110.663367,193.660891,132.752205,2380.35,Engineering planning estimate,Bottom-up activity-based estimate by work package
D-3.10.i,"Controls, Interlocks, Setpoints & Protection Interfaces",Demonstrator,shared_program,demonstrator_engineering,instrumentation_controls,design_engineering,2027-04-01,2028-03-31,0.072004,0.25,420.0,230.823,13.634474,57.705752,28.6825,13.0375,0.0,0.0,0.0,0.0,4.172,6.258,16.478363,13.634474,126.334115,0.0,126.334115,101.067292,176.867761,112.699641,826.58,Engineering planning estimate,Bottom-up activity-based estimate by work package
D-3.10.j,"Materials, Erosion/Corrosion & FAC Program",Demonstrator,shared_program,demonstrator_engineering,materials,design_engineering,2027-04-01,2028-03-31,0.075323,0.25,420.0,230.818,14.262613,57.704536,43.02375,19.55625,0.0,0.0,0.0,0.0,6.258,9.387,20.38943,14.262613,156.318966,0.0,156.318966,125.055173,218.846553,142.056353,996.01,Engineering planning estimate,Bottom-up activity-based estimate by work package
D-3.10.k,Piping Design/Supports & Acoustic/Vibration Checks,Demonstrator,shared_program,demonstrator_engineering,materials,design_engineering,2027-10-01,2028-03-31,0.055352,0.25,420.0,229.119,10.394528,57.279773,34.419,15.645,0.0,0.0,0.0,0.0,5.0064,7.5096,17.978966,10.394528,137.838739,0.0,137.838739,110.270991,192.974235,127.444211,1226.07,Engineering planning estimate,Bottom-up activity-based estimate by work package
D-3.10.l,"FSAR Chapter 10 Drafting, Reviews & Records",Demonstrator,shared_program,demonstrator_engineering,licensing_authorization,design_engineering,2027-07-01,2028-06-30,0.078776,0.25,420.0,260.0,16.669001,65.0,26.3879,11.9945,0.0,0.0,0.0,0.0,3.83824,5.75736,16.9467,16.669001,129.9247,0.0,129.9247,103.93976,181.89458,113.255699,679.44,Engineering planning estimate,Bottom-up activity-based estimate by work package
D-3.11.a,Source Term Definition & Process Flow Mapping,Demonstrator,shared_program,demonstrator_engineering,safety_analysis,analysis_model,2027-01-01,2027-06-30,0.04559,0.312,524.2,223.248,8.105365,69.653401,43.5825,38.74,0.0,0.0,0.0,0.0,4.8425,9.685,24.97551,8.105365,191.478911,0.0,191.478911,153.183129,268.070476,183.373546,2262.37,Engineering planning estimate,Bottom-up activity-based estimate by work package
D-3.11.b,Gaseous Radwaste System (GRS) Design & Performance,Demonstrator,shared_program,demonstrator_engineering,chemistry,design_engineering,2027-04-01,2027-12-31,0.055699,0.25,420.0,223.236,9.902006,55.808991,30.9771,14.0805,0.0,0.0,0.0,0.0,4.50576,6.75864,16.819649,9.902006,128.95064,0.0,128.95064,103.160512,180.530896,119.048634,1202.27,Engineering planning estimate,Bottom-up activity-based estimate by work package
D-3.11.c,Liquid Radwaste System (LRS) Design & Performance,Demonstrator,shared_program,demonstrator_engineering,chemistry,design_engineering,2027-07-01,2027-12-31,0.060686,0.25,420.0,223.241,10.788858,55.810236,30.9771,14.0805,0.0,0.0,0.0,0.0,4.50576,6.75864,16.819835,10.788858,128.952071,0.0,128.952071,103.161657,180.5329,118.163213,1095.23,Engineering planning estimate,Bottom-up activity-based estimate by work package
D-3.11.d,Effluent Monitoring & Sampling (PERM/RMS),Demonstrator,shared_program,demonstrator_engineering,chemistry,design_engineering,2027-04-01,2028-03-31,0.088385,0.25,420.0,224.177,15.789325,56.044182,30.9771,14.0805,0.0,0.0,0.0,0.0,4.50576,6.75864,16.854927,15.789325,129.221109,0.0,129.221109,103.376887,180.909553,113.431784,718.41,Engineering planning estimate,Bottom-up activity-based estimate by work package
D-3.11.e,Offsite Dose Calculations - Gaseous Pathways,Demonstrator,shared_program,demonstrator_engineering,site_environmental,analysis_model,2027-04-01,2027-12-31,0.038939,0.25,420.0,224.908,6.982368,56.227047,33.525,29.8,0.0,0.0,0.0,0.0,3.725,7.45,19.609057,6.982368,150.336104,0.0,150.336104,120.268883,210.470546,143.353736,2053.08,Engineering planning estimate,Bottom-up activity-based estimate by work package
D-3.11.f,Offsite Dose Calculations - Liquid Pathways,Demonstrator,shared_program,demonstrator_engineering,site_environmental,analysis_model,2027-07-01,2027-12-31,0.041785,0.25,420.0,224.918,7.493059,56.229389,33.525,29.8,0.0,0.0,0.0,0.0,3.725,7.45,19.609408,7.493059,150.338797,0.0,150.338797,120.271038,210.474316,142.845738,1906.37,Engineering planning estimate,Bottom-up activity-based estimate by work package
D-3.11.g,Solid Radwaste Handling & Packaging (Interface to 10 CFR 61/71),Demonstrator,shared_program,demonstrator_engineering,chemistry,design_engineering,2027-04-01,2028-03-31,0.066782,0.25,420.0,224.913,11.975327,56.228175,30.9771,14.0805,0.0,0.0,0.0,0.0,4.50576,6.75864,16.882526,11.975327,129.432701,0.0,129.432701,103.546161,181.205782,117.457374,980.83,Engineering planning estimate,Bottom-up activity-based estimate by work package
D-3.11.h,"ALARA, Shielding & Ventilation Interfaces",Demonstrator,shared_program,demonstrator_engineering,chemistry,design_engineering,2027-04-01,2028-03-31,0.069661,0.25,420.0,224.915,12.491751,56.228808,30.9771,14.0805,0.0,0.0,0.0,0.0,4.50576,6.75864,16.882621,12.491751,129.433429,0.0,129.433429,103.546743,181.206801,116.941678,936.15,Engineering planning estimate,Bottom-up activity-based estimate by work package
D-3.11.i,ODCM Development & Reporting/Tech Spec Interfaces,Demonstrator,shared_program,demonstrator_engineering,chemistry,design_engineering,2027-04-01,2028-03-31,0.131315,0.25,420.0,223.24,23.345303,55.810037,30.9771,14.0805,0.0,0.0,0.0,0.0,4.50576,6.75864,16.819806,23.345303,128.951843,0.0,128.951843,103.161474,180.53258,105.60654,452.37,Engineering planning estimate,Bottom-up activity-based estimate by work package
D-3.11.j,Integrated Compliance Demonstration & Sensitivity Analyses,Demonstrator,shared_program,demonstrator_engineering,chemistry,analysis_model,2027-07-01,2027-12-31,0.06052,0.25,420.0,223.237,10.759143,55.809319,36.207,32.184,0.0,0.0,0.0,0.0,4.023,8.046,20.440398,10.759143,156.709717,0.0,156.709717,125.367773,219.393604,145.950574,1356.53,Engineering planning estimate,Bottom-up activity-based estimate by work package
D-3.11.k,"FSAR Chapter 11 Drafting, QA Reviews & Records",Demonstrator,shared_program,demonstrator_engineering,licensing_authorization,design_engineering,2027-04-01,2028-06-30,0.092612,0.25,420.0,260.0,19.5967,65.0,26.3879,11.9945,0.0,0.0,0.0,0.0,3.83824,5.75736,16.9467,19.5967,129.9247,0.0,129.9247,103.93976,181.89458,110.328,562.99,Engineering planning estimate,Bottom-up activity-based estimate by work package
D-3.12.a,Source Term & Operating Scenarios (Normal/Refueling/Maintenance),Demonstrator,shared_program,demonstrator_engineering,safety_analysis,analysis_model,2028-10-01,2029-09-30,0.121178,0.25,420.0,223.246,21.543805,55.811533,43.5825,38.74,0.0,0.0,0.0,0.0,4.8425,9.685,22.89923,21.543805,175.560763,0.0,175.560763,140.44861,245.785068,154.016958,714.9,Engineering planning estimate,Bottom-up activity-based estimate by work package
D-3.12.b,Shielding & Skyshine Analyses,Demonstrator,shared_program,demonstrator_engineering,chemistry,design_engineering,2027-04-01,2027-12-31,0.030697,0.25,420.0,224.903,5.504314,56.225853,30.9771,14.0805,0.0,0.0,0.0,0.0,4.50576,6.75864,16.882178,5.504314,129.430031,0.0,129.430031,103.544025,181.202043,123.925717,2251.43,Engineering planning estimate,Bottom-up activity-based estimate by work package
D-3.12.c,"Radiation Zoning, Posting & Access Control",Demonstrator,shared_program,demonstrator_engineering,chemistry,design_engineering,2027-07-01,2027-12-31,0.033435,0.25,420.0,224.912,5.995539,56.228054,30.9771,14.0805,0.0,0.0,0.0,0.0,4.50576,6.75864,16.882508,5.995539,129.432562,0.0,129.432562,103.54605,181.205587,123.437023,2058.81,Engineering planning estimate,Bottom-up activity-based estimate by work package
D-3.12.d,Airborne Radioactivity Control & HVAC Interfaces,Demonstrator,shared_program,demonstrator_engineering,chemistry,design_engineering,2027-04-01,2028-03-31,0.075189,0.25,420.0,224.906,13.482407,56.226509,30.9771,14.0805,0.0,0.0,0.0,0.0,4.50576,6.75864,16.882276,13.482407,129.430785,0.0,129.430785,103.544628,181.203099,115.948378,860.0,Engineering planning estimate,Bottom-up activity-based estimate by work package
D-3.12.e,Area/Process Radiation Monitoring & Instrumentation,Demonstrator,shared_program,demonstrator_engineering,instrumentation_controls,design_engineering,2027-04-01,2028-03-31,0.091672,0.25,420.0,224.177,16.376515,56.044157,28.6825,13.0375,0.0,0.0,0.0,0.0,4.172,6.258,16.229124,16.376515,124.423281,0.0,124.423281,99.538624,174.192593,108.046766,659.77,Engineering planning estimate,Bottom-up activity-based estimate by work package
D-3.12.f,Design Job Dose Assessments & Work Planning Inputs,Demonstrator,shared_program,demonstrator_engineering,chemistry,design_engineering,2027-07-01,2027-12-31,0.070801,0.25,420.0,223.242,12.58721,55.810582,30.9771,14.0805,0.0,0.0,0.0,0.0,4.50576,6.75864,16.819887,12.58721,128.952469,0.0,128.952469,103.161975,180.533457,116.365259,924.47,Engineering planning estimate,Bottom-up activity-based estimate by work package
D-3.12.g,"Dosimetry, Surveys & Instrument Control",Demonstrator,shared_program,demonstrator_engineering,chemistry,analysis_model,2027-07-01,2027-12-31,0.027768,0.25,420.0,224.903,4.979113,56.225872,36.207,32.184,0.0,0.0,0.0,0.0,4.023,8.046,20.502881,4.979113,157.188753,0.0,157.188753,125.751002,220.064254,152.20964,3056.96,Engineering planning estimate,Bottom-up activity-based estimate by work package
D-3.12.h,ALARA-by-Design Features & Optimization,Demonstrator,shared_program,demonstrator_engineering,chemistry,design_engineering,2027-07-01,2027-12-31,0.055379,0.25,420.0,223.241,9.845371,55.810235,30.9771,14.0805,0.0,0.0,0.0,0.0,4.50576,6.75864,16.819835,9.845371,128.95207,0.0,128.95207,103.161656,180.532898,119.106699,1209.77,Engineering planning estimate,Bottom-up activity-based estimate by work package
D-3.12.i,Control Room Habitability & PAM Interfaces (Cross-Check),Demonstrator,shared_program,demonstrator_engineering,chemistry,design_engineering,2027-04-01,2028-03-31,0.072375,0.25,420.0,224.903,12.977639,56.225838,30.7692,13.986,0.0,0.0,0.0,0.0,4.47552,6.71328,16.825476,12.977639,128.995314,0.0,128.995314,103.196251,180.593439,116.017675,893.98,Engineering planning estimate,Bottom-up activity-based estimate by work package
D-3.12.j,"Program Description, Procedures & Training",Demonstrator,shared_program,demonstrator_engineering,licensing_authorization,licensing_product,2029-01-01,2030-06-30,0.075084,0.25,420.0,224.909,13.463795,56.227292,30.636,6.1272,0.0,0.0,0.0,12.2544,4.90176,7.35264,17.624894,13.463795,135.124186,0.0,135.124186,108.099349,189.17386,121.660391,903.61,Engineering planning estimate,Bottom-up activity-based estimate by work package
D-3.12.k,"FSAR Chapter 12 Drafting, Reviews & Records",Demonstrator,shared_program,demonstrator_engineering,licensing_authorization,design_engineering,2027-04-01,2028-06-30,0.092612,0.25,420.0,260.0,19.5967,65.0,26.3879,11.9945,0.0,0.0,0.0,0.0,3.83824,5.75736,16.9467,19.5967,129.9247,0.0,129.9247,103.93976,181.89458,110.328,562.99,Engineering planning estimate,Bottom-up activity-based estimate by work package
D-3.13.a,Operations Organization & Staffing (RG 1.8; 10 CFR 50.54(m)),Demonstrator,shared_program,demonstrator_engineering,operations_maintenance,operations_program,2029-01-01,2029-09-30,0.032608,0.25,420.0,212.483,5.755741,53.120707,13.41,5.96,0.0,0.0,0.0,0.0,2.98,7.45,12.438106,5.755741,95.358813,0.0,95.358813,76.28705,133.502338,89.603072,1556.76,Engineering planning estimate,Bottom-up activity-based estimate by work package
D-3.13.b,Conduct of Operations Programs & Procedures (SRP 13.5),Demonstrator,shared_program,demonstrator_engineering,operations_maintenance,operations_program,2028-10-01,2029-12-31,0.080155,0.25,420.0,212.484,14.1485,53.121109,13.41,5.96,0.0,0.0,0.0,0.0,2.98,7.45,12.438166,14.1485,95.359275,0.0,95.359275,76.28742,133.502985,81.210775,573.99,Engineering planning estimate,Bottom-up activity-based estimate by work package
D-3.13.c,"SAT Training Program (Initial, Continuing, Requalification)",Demonstrator,shared_program,demonstrator_engineering,licensing_authorization,licensing_product,2028-10-01,2030-03-31,0.150629,0.25,420.0,211.647,26.501111,52.911707,35.46945,7.09389,0.0,0.0,0.0,14.18778,5.675112,8.512668,18.577591,26.501111,142.428198,0.0,142.428198,113.942558,199.399477,115.927087,437.44,Engineering planning estimate,Bottom-up activity-based estimate by work package
D-3.13.d,Simulator Program (ANSI/ANS-3.5; RG 1.149),Demonstrator,shared_program,demonstrator_engineering,human_factors,operations_program,2029-01-01,2030-03-31,0.086191,0.312,524.2,212.487,15.214095,66.295955,112.5,50.0,0.0,0.0,0.0,0.0,25.0,62.5,47.444393,15.214095,363.740348,0.0,363.740348,290.992279,509.236488,348.526253,2290.81,Engineering planning estimate,Bottom-up activity-based estimate by work package
D-3.13.e,Operator Licensing Plan (10 CFR 55; NUREG-1021),Demonstrator,shared_program,demonstrator_engineering,licensing_authorization,licensing_product,2027-07-01,2027-12-31,0.04461,0.312,524.2,212.487,7.874391,66.296048,125.0,25.0,0.0,0.0,0.0,50.0,20.0,30.0,47.444407,7.874391,363.740455,0.0,363.740455,290.992364,509.236637,355.866064,4519.28,Engineering planning estimate,Bottom-up activity-based estimate by work package
D-3.13.f,Emergency Preparedness (EP) Training & ERO Integration (50.47/App E),Demonstrator,shared_program,demonstrator_engineering,licensing_authorization,licensing_product,2029-04-01,2030-03-31,0.04763,0.25,420.0,212.48,8.407213,53.119882,30.843,6.1686,0.0,0.0,0.0,12.3372,4.93488,7.40232,17.220882,8.407213,132.026764,0.0,132.026764,105.621411,184.83747,123.619551,1470.4,Engineering planning estimate,Bottom-up activity-based estimate by work package
D-3.13.g,Security & FFD Training Interfaces (10 CFR 73.55; 10 CFR 26),Demonstrator,shared_program,demonstrator_engineering,licensing_authorization,licensing_product,2029-01-01,2030-06-30,0.077223,0.25,420.0,212.482,13.630853,53.120605,30.843,6.1686,0.0,0.0,0.0,12.3372,4.93488,7.40232,17.220991,13.630853,132.027596,0.0,132.027596,105.622077,184.838634,118.396743,868.59,Engineering planning estimate,Bottom-up activity-based estimate by work package
D-3.13.h,Operations Programs Readiness & Pre-Op Turnover,Demonstrator,shared_program,demonstrator_engineering,operations_maintenance,operations_program,2029-01-01,2030-06-30,0.080285,0.25,420.0,212.484,14.171446,53.1211,13.41,5.96,0.0,0.0,0.0,0.0,2.98,7.45,12.438165,14.171446,95.359265,0.0,95.359265,76.287412,133.502971,81.187819,572.9,Engineering planning estimate,Bottom-up activity-based estimate by work package
D-3.13.i,"Training & Qualification Records, Audits, and QA",Demonstrator,shared_program,demonstrator_engineering,licensing_authorization,licensing_product,2029-01-01,2030-09-30,0.041894,0.25,420.0,211.948,7.217212,52.987063,35.46945,7.09389,0.0,0.0,0.0,14.18778,5.675112,8.512668,18.588894,7.217212,142.514857,0.0,142.514857,114.011886,199.5208,135.297645,1874.65,Engineering planning estimate,Bottom-up activity-based estimate by work package
D-3.13.j,"FSAR Chapter 13 Drafting, Reviews & Records",Demonstrator,shared_program,demonstrator_engineering,licensing_authorization,licensing_product,2027-07-01,2028-09-30,0.099297,0.25,420.0,260.0,21.011245,65.0,30.843,6.1686,0.0,0.0,0.0,12.3372,4.93488,7.40232,19.0029,21.011245,145.6889,0.0,145.6889,116.55112,203.96446,124.677655,593.39,Engineering planning estimate,Bottom-up activity-based estimate by work package
D-3.14.a,ITP Planning & Master Test Matrix (RG 1.68 Alignment),Demonstrator,shared_program,demonstrator_experiments,test_commissioning,test_experiment,2027-01-01,2027-06-30,0.007184,1.126,1891.7,227.066,1.336153,255.676764,77.203124,12.867188,77.203125,77.203125,0.0,0.0,12.867188,0.0,102.604103,1.336153,615.624617,0.0,615.624617,461.718463,923.436925,614.288464,45974.41,R&D planning estimate,Bottom-up activity-based estimate by work package
D-3.14.b,Prerequisite Verification & Turnover to Testing,Demonstrator,shared_program,demonstrator_experiments,site_environmental,test_experiment,2027-04-01,2027-09-30,0.012156,1.233,2071.4,222.28,2.207485,274.071678,88.201406,14.700234,88.201406,88.201406,0.0,0.0,14.700234,1e-06,113.615273,2.207485,681.691638,0.0,681.691638,511.268729,1022.537457,679.484153,30780.92,R&D planning estimate,Bottom-up activity-based estimate by work package
D-3.14.c,Preoperational Tests (System-Level),Demonstrator,shared_program,demonstrator_experiments,test_commissioning,test_experiment,2029-01-01,2029-03-31,0.008502,1.068,1794.2,225.646,1.571231,240.98964,76.696874,12.782813,76.696875,76.696875,0.0,0.0,12.782813,0.0,99.329178,1.571231,595.975068,0.0,595.975068,446.981301,893.962602,594.403837,37830.46,R&D planning estimate,Bottom-up activity-based estimate by work package
D-3.14.d,Cold Functional Testing (CFT),Demonstrator,shared_program,demonstrator_experiments,test_commissioning,test_experiment,2029-01-01,2029-03-31,0.014437,1.106,1858.1,221.38,2.610638,244.846812,76.696874,12.782813,76.696875,76.696875,0.0,0.0,12.782813,0.0,100.100612,2.610638,600.603674,0.0,600.603674,450.452756,900.905512,597.993036,22906.01,R&D planning estimate,Bottom-up activity-based estimate by work package
D-3.14.e,Hot Functional Testing (HFT),Demonstrator,shared_program,demonstrator_experiments,test_commissioning,test_experiment,2029-01-01,2029-03-31,0.015587,1.062,1784.2,221.026,2.813884,234.729799,90.0,15.0,90.0,90.0,0.0,0.0,15.0,0.0,106.94596,2.813884,641.675759,0.0,641.675759,481.256819,962.513638,638.861875,22703.92,R&D planning estimate,Bottom-up activity-based estimate by work package
D-3.14.f,"Fuel Receipt, Inspection & Load Readiness",Demonstrator,shared_program,demonstrator_experiments,test_commissioning,test_experiment,2029-01-01,2029-03-31,0.008431,1.068,1794.2,225.705,1.558507,241.053085,76.696874,12.782813,76.696875,76.696875,0.0,0.0,12.782813,0.0,99.341867,1.558507,596.051202,0.0,596.051202,447.038401,894.076803,594.492695,38145.01,R&D planning estimate,Bottom-up activity-based estimate by work package
D-3.14.g,Initial Criticality & Low-Power Physics Testing (LPPT),Demonstrator,shared_program,demonstrator_experiments,neutronics,analysis_model,2029-01-01,2029-06-30,0.014901,1.867,3136.6,220.818,2.685103,412.267956,90.0,15.0,90.0,90.0,0.0,0.0,15.0,0.0,142.453591,2.685103,854.721547,0.0,854.721547,641.04116,1282.082321,852.036444,31731.98,R&D planning estimate,Bottom-up activity-based estimate by work package
D-3.14.h,Power Ascension Testing (PAT),Demonstrator,shared_program,demonstrator_experiments,test_commissioning,test_experiment,2029-01-01,2029-06-30,0.012179,1.626,2731.7,222.267,2.211505,361.405502,111.210468,18.535078,111.210469,111.210469,0.0,0.0,18.535078,0.0,146.421413,2.211505,878.528477,0.0,878.528477,658.896358,1317.792715,876.316972,39625.37,R&D planning estimate,Bottom-up activity-based estimate by work package
D-3.14.i,Digital I&C Platform Verification & Setpoint As-Left,Demonstrator,shared_program,demonstrator_experiments,instrumentation_controls,test_experiment,2029-01-01,2029-06-30,0.0133,1.547,2599.0,221.794,2.409737,343.115295,103.540781,17.256797,103.540781,103.540781,0.0,0.0,17.256797,1e-06,137.650247,2.409737,825.90148,0.0,825.90148,619.42611,1238.852219,823.491743,34173.51,R&D planning estimate,Bottom-up activity-based estimate by work package
D-3.14.j,Pre-Service & Initial Inservice Testing (ASME OM),Demonstrator,shared_program,demonstrator_experiments,test_commissioning,test_experiment,2029-01-01,2029-03-31,0.014442,1.106,1858.1,221.375,2.611457,244.840922,76.696874,12.782813,76.696875,76.696875,0.0,0.0,12.782813,0.0,100.099434,2.611457,600.596606,0.0,600.596606,450.447455,900.89491,597.985149,22898.53,R&D planning estimate,Bottom-up activity-based estimate by work package
D-3.14.k,Containment Leakage Tests & Special Programs (Interfaces),Demonstrator,shared_program,demonstrator_experiments,test_commissioning,test_experiment,2027-04-01,2027-09-30,0.032495,1.492,2506.6,218.725,5.802652,326.337293,102.857343,17.142891,102.857344,102.857344,0.0,0.0,17.142891,0.0,133.839021,5.802652,803.034127,0.0,803.034127,602.275595,1204.551191,797.231475,13739.09,R&D planning estimate,Bottom-up activity-based estimate by work package
D-3.14.l,"ITAAC Definition, Mapping & Objective Evidence",Demonstrator,shared_program,demonstrator_experiments,test_commissioning,test_experiment,2027-04-01,2027-06-30,0.010488,1.333,2239.4,224.132,1.924843,298.767776,96.503906,16.083984,96.503906,96.503906,0.0,0.0,16.083984,2e-06,124.089493,1.924843,744.536957,0.0,744.536957,558.402718,1116.805435,742.612114,38580.4,R&D planning estimate,Bottom-up activity-based estimate by work package
D-3.14.m,ITAAC Closure Notifications (ICNs) & UINs (10 CFR 52.99),Demonstrator,shared_program,demonstrator_experiments,test_commissioning,test_experiment,2029-07-01,2029-12-31,0.006092,1.456,2446.1,228.887,1.142714,333.259567,95.871092,15.978516,95.871094,95.871094,0.0,0.0,15.978516,0.0,130.565976,1.142714,783.395855,0.0,783.395855,587.546891,1175.093782,782.253141,68455.72,R&D planning estimate,Bottom-up activity-based estimate by work package
D-3.14.n,"Data Acquisition, Calibration (M&TE) & Uncertainty",Demonstrator,shared_program,demonstrator_experiments,instrumentation_controls,analysis_model,2029-01-01,2029-09-30,0.009148,1.152,1935.4,225.548,1.691494,259.831535,50.625,8.4375,50.625,50.625,0.0,0.0,8.4375,0.0,85.716307,1.691494,514.297842,0.0,514.297842,385.723381,771.446763,512.606348,30304.95,R&D planning estimate,Bottom-up activity-based estimate by work package
D-3.14.o,"Test Exceptions, NCR/CAP, and Resolution",Demonstrator,shared_program,demonstrator_experiments,test_commissioning,test_experiment,2029-04-01,2029-09-30,0.007786,1.124,1888.3,226.39,1.44383,254.461993,76.696874,12.782813,76.696875,76.696875,0.0,0.0,12.782813,0.0,102.023649,1.44383,612.141892,0.0,612.141892,459.106419,918.212837,610.698062,42297.09,R&D planning estimate,Bottom-up activity-based estimate by work package
D-3.14.p,"FSAR Chapter 14 Drafting, QA Reviews & Records",Demonstrator,shared_program,demonstrator_experiments,licensing_authorization,test_experiment,2029-01-01,2029-09-30,0.029551,1.068,1794.2,247.992,5.989117,264.855218,58.800938,11.760188,47.04075,94.081499,0.0,0.0,18.8163,4.704075,100.011794,5.989117,600.070762,0.0,600.070762,450.053071,900.106142,594.081645,9919.35,R&D planning estimate,Bottom-up activity-based estimate by work package
D-3.15.a,"Event Selection, Classification & Success Criteria",Demonstrator,shared_program,demonstrator_engineering,safety_analysis,analysis_model,2027-01-01,2027-06-30,0.025697,0.25,420.0,260.0,5.437485,65.0,34.866,30.992,0.0,0.0,0.0,0.0,3.874,7.748,21.372,5.437485,163.852,0.0,163.852,131.0816,229.3928,158.414515,2913.38,Engineering planning estimate,Bottom-up activity-based estimate by work package
D-3.15.b,"Methods, Models & Configuration Control (RG 1.203)",Demonstrator,shared_program,demonstrator_engineering,safety_analysis,analysis_model,2027-01-01,2027-12-31,0.125815,2.0,3360.0,260.0,26.622454,520.0,90.0,80.0,0.0,0.0,0.0,0.0,10.0,20.0,108.0,26.622454,828.0,0.0,828.0,662.4,1159.2,801.377546,3010.16,Engineering planning estimate,Bottom-up activity-based estimate by work package
D-3.15.c,"Initial Conditions, Bias/Uncertainty & Parameter Distributions",Demonstrator,shared_program,demonstrator_engineering,safety_analysis,analysis_model,2027-04-01,2027-09-30,0.033559,0.25,420.0,260.0,7.101084,65.0,34.866,30.992,0.0,0.0,0.0,0.0,3.874,7.748,21.372,7.101084,163.852,0.0,163.852,131.0816,229.3928,156.750916,2207.42,Engineering planning estimate,Bottom-up activity-based estimate by work package
D-3.15.d,AOO Transients (Non-LOCA) - Thermal Limit & Fuel Criteria,Demonstrator,shared_program,demonstrator_engineering,thermal_hydraulics,analysis_model,2027-04-01,2027-12-31,0.089412,1.8,3024.0,252.105,18.270142,453.788955,67.5,60.0,0.0,0.0,0.0,0.0,7.5,15.0,90.568343,18.270142,694.357298,0.0,694.357298,555.485839,972.100218,676.087156,3700.5,Engineering planning estimate,Bottom-up activity-based estimate by work package
D-3.15.e,LOCA Analyses (Small/Medium/Large Break) & ECCS Criteria (50.46),Demonstrator,shared_program,demonstrator_engineering,thermal_hydraulics,analysis_model,2027-04-01,2027-12-31,0.0959,2.0,3360.0,252.103,19.595724,504.206465,90.0,80.0,0.0,0.0,0.0,0.0,10.0,20.0,105.63097,19.595724,809.837435,0.0,809.837435,647.869948,1133.772409,790.241711,4032.73,Engineering planning estimate,Bottom-up activity-based estimate by work package
D-3.15.f,ATWS Analyses (10 CFR 50.62),Demonstrator,shared_program,demonstrator_engineering,safety_analysis,analysis_model,2027-07-01,2027-12-31,0.04117,0.25,420.0,260.0,8.711572,65.0,34.866,30.992,0.0,0.0,0.0,0.0,3.874,7.748,21.372,8.711572,163.852,0.0,163.852,131.0816,229.3928,155.140428,1780.85,Engineering planning estimate,Bottom-up activity-based estimate by work package
D-3.15.g,Containment Response & Mass/Energy Releases (Interfaces to Ch.6),Demonstrator,shared_program,demonstrator_engineering,thermal_hydraulics,analysis_model,2027-01-01,2027-12-31,0.165427,0.25,420.0,252.105,33.802797,63.026259,50.3496,44.7552,0.0,0.0,0.0,0.0,5.5944,11.1888,26.237139,33.802797,201.151398,0.0,201.151398,160.921118,281.611957,167.348601,495.07,Engineering planning estimate,Bottom-up activity-based estimate by work package
D-3.15.h,Radiological Consequence Analyses (AST/TID) & Habitability,Demonstrator,shared_program,demonstrator_engineering,safety_analysis,analysis_model,2027-04-01,2027-12-31,0.030851,0.312,524.2,260.0,6.528072,81.12,90.0,80.0,0.0,0.0,0.0,0.0,10.0,20.0,42.168,6.528072,323.288,0.0,323.288,258.6304,452.6032,316.759928,4852.27,Engineering planning estimate,Bottom-up activity-based estimate by work package
D-3.15.i,Setpoint/Allowable Value Derivation & Tech Spec Interfaces,Demonstrator,shared_program,demonstrator_engineering,instrumentation_controls,analysis_model,2027-01-01,2027-12-31,0.072148,0.25,420.0,260.0,15.266517,65.0,33.525,29.8,0.0,0.0,0.0,0.0,3.725,7.45,20.925,15.266517,160.425,0.0,160.425,128.34,224.595,145.158483,950.83,Engineering planning estimate,Bottom-up activity-based estimate by work package
D-3.15.j,Best-Estimate + Uncertainty (BEPU) / Sensitivity Studies,Demonstrator,shared_program,demonstrator_engineering,safety_analysis,analysis_model,2027-07-01,2027-12-31,0.036112,0.25,420.0,260.0,7.641299,65.0,34.866,30.992,0.0,0.0,0.0,0.0,3.874,7.748,21.372,7.641299,163.852,0.0,163.852,131.0816,229.3928,156.210701,2044.3,Engineering planning estimate,Bottom-up activity-based estimate by work package
D-3.15.k,"Results, Margins & Cross-Chapter Consistency",Demonstrator,shared_program,demonstrator_engineering,safety_analysis,analysis_model,2027-07-01,2028-03-31,0.033402,0.25,420.0,260.0,7.067864,65.0,34.632,30.784,0.0,0.0,0.0,0.0,3.848,7.696,21.294,7.067864,163.254,0.0,163.254,130.6032,228.5556,156.186136,2209.81,Engineering planning estimate,Bottom-up activity-based estimate by work package
D-3.15.l,"FSAR Chapter 15 Authoring, Peer Review & Records",Demonstrator,shared_program,demonstrator_engineering,licensing_authorization,analysis_model,2027-04-01,2028-03-31,0.09943,0.25,420.0,260.0,21.039388,65.0,31.05,27.6,0.0,0.0,0.0,0.0,3.45,6.9,20.1,21.039388,154.1,0.0,154.1,123.28,215.74,133.060612,632.44,Engineering planning estimate,Bottom-up activity-based estimate by work package
D-3.16.a,Requirements Harvest & Traceability to TS Items,Demonstrator,shared_program,demonstrator_engineering,systems_engineering,design_engineering,2027-04-01,2027-09-30,0.017995,0.25,420.0,247.277,3.667322,61.819325,22.946,10.43,0.0,0.0,0.0,0.0,3.3376,5.0064,15.530899,3.667322,119.070224,0.0,119.070224,95.256179,166.698313,115.402902,3146.79,Engineering planning estimate,Bottom-up activity-based estimate by work package
D-3.16.b,TS Drafting Using STS Templates,Demonstrator,shared_program,demonstrator_engineering,licensing_authorization,design_engineering,2027-07-01,2027-12-31,0.017095,0.25,420.0,260.0,3.617302,65.0,26.3879,11.9945,0.0,0.0,0.0,0.0,3.83824,5.75736,16.9467,3.617302,129.9247,0.0,129.9247,103.93976,181.89458,126.307398,3491.76,Engineering planning estimate,Bottom-up activity-based estimate by work package
D-3.16.c,Setpoint / Allowable Value Derivation & Tables (RG 1.105),Demonstrator,shared_program,demonstrator_engineering,instrumentation_controls,design_engineering,2027-07-01,2028-03-31,0.019803,0.25,420.0,260.0,4.190315,65.0,28.6825,13.0375,0.0,0.0,0.0,0.0,4.172,6.258,17.5725,4.190315,134.7225,0.0,134.7225,107.778,188.6115,130.532185,3115.09,Engineering planning estimate,Bottom-up activity-based estimate by work package
D-3.16.d,Risk-Informed AOT/CT & STI Evaluations (RG 1.177 / 1.174),Demonstrator,shared_program,demonstrator_engineering,licensing_authorization,analysis_model,2027-10-01,2028-03-31,0.021588,0.25,420.0,260.0,4.568021,65.0,31.05,27.6,0.0,0.0,0.0,0.0,3.45,6.9,20.1,4.568021,154.1,0.0,154.1,123.28,215.74,149.531979,3273.45,Engineering planning estimate,Bottom-up activity-based estimate by work package
D-3.16.e,COLR & Operating Limits Integration,Demonstrator,shared_program,demonstrator_engineering,licensing_authorization,design_engineering,2027-07-01,2027-12-31,0.02156,0.25,420.0,260.0,4.562096,65.0,26.3879,11.9945,0.0,0.0,0.0,0.0,3.83824,5.75736,16.9467,4.562096,129.9247,0.0,129.9247,103.93976,181.89458,125.362604,2747.92,Engineering planning estimate,Bottom-up activity-based estimate by work package
D-3.16.f,Operability Determinations & Functionality Guidance,Demonstrator,shared_program,demonstrator_engineering,operations_maintenance,operations_program,2029-04-01,2029-12-31,0.02341,0.25,420.0,260.0,4.953556,65.0,13.41,5.96,0.0,0.0,0.0,0.0,2.98,7.45,14.22,4.953556,109.02,0.0,109.02,87.216,152.628,104.066444,2100.84,Engineering planning estimate,Bottom-up activity-based estimate by work package
D-3.16.g,"Internal Consistency, Verification & Peer Review",Demonstrator,shared_program,demonstrator_engineering,licensing_authorization,design_engineering,2027-10-01,2028-03-31,0.014296,0.25,420.0,260.0,3.025034,65.0,30.346085,13.793675,0.0,0.0,0.0,0.0,4.413976,6.620964,18.026205,3.025034,138.200905,0.0,138.200905,110.560724,193.481267,135.175871,4468.57,Engineering planning estimate,Bottom-up activity-based estimate by work package
D-3.16.h,"Submittal Packaging, RAIs & Configuration Control",Demonstrator,shared_program,demonstrator_engineering,licensing_authorization,licensing_product,2027-07-01,2028-06-30,0.041401,0.25,420.0,260.0,8.760451,65.0,30.843,6.1686,0.0,0.0,0.0,12.3372,4.93488,7.40232,19.0029,8.760451,145.6889,0.0,145.6889,116.55112,203.96446,136.928449,1563.03,Engineering planning estimate,Bottom-up activity-based estimate by work package
D-3.17.a,"QA Organization, Responsibilities & Interfaces",Demonstrator,shared_program,demonstrator_engineering,project_controls,management_control,2026-10-01,2027-12-31,0.035059,0.25,420.0,210.267,5.990907,52.566638,8.046,3.576,0.0,0.0,0.0,0.0,1.788,4.47,10.566996,5.990907,81.013634,0.0,81.013634,64.810907,113.419087,75.022727,1252.28,Engineering planning estimate,Bottom-up activity-based estimate by work package
D-3.17.b,QA Program Description (QAPD/QATR) & Manual,Demonstrator,shared_program,demonstrator_engineering,quality_configuration,design_engineering,2026-10-01,2027-12-31,0.035823,0.25,420.0,210.254,6.1211,52.563611,22.946,10.43,0.0,0.0,0.0,0.0,3.3376,5.0064,14.142542,6.1211,108.426153,0.0,108.426153,86.740922,151.796614,102.305053,1671.35,Engineering planning estimate,Bottom-up activity-based estimate by work package
D-3.17.c,Design Control (Appendix B III) & Configuration Management,Demonstrator,shared_program,demonstrator_engineering,quality_configuration,design_engineering,2026-10-01,2028-06-30,0.068706,0.25,420.0,211.948,11.836178,52.986966,23.1,10.5,0.0,0.0,0.0,0.0,3.36,5.04,14.248045,11.836178,109.235011,0.0,109.235011,87.388009,152.929015,97.398833,822.89,Engineering planning estimate,Bottom-up activity-based estimate by work package
D-3.17.d,Procurement Document Control & Supplier Qualification,Demonstrator,shared_program,demonstrator_engineering,procurement_fabrication,procurement_fabrication,2027-01-01,2028-06-30,0.031519,0.25,420.0,211.907,5.428791,52.976657,28.37556,4.72926,28.37556,28.37556,0.0,0.0,4.72926,0.0,22.134279,5.428791,169.696136,0.0,169.696136,135.756908,237.57459,164.267345,3025.86,Engineering planning estimate,Bottom-up activity-based estimate by work package
D-3.17.e,Commercial-Grade Dedication (CGD),Demonstrator,shared_program,demonstrator_engineering,project_controls,management_control,2027-04-01,2028-03-31,0.019592,0.25,420.0,210.248,3.347595,52.562015,8.046,3.576,0.0,0.0,0.0,0.0,1.788,4.47,10.566302,3.347595,81.008317,0.0,81.008317,64.806654,113.411644,77.660722,2319.9,Engineering planning estimate,Bottom-up activity-based estimate by work package
D-3.17.f,Software QA (NQA-1 Subpart 2.7) & Tool Qualification,Demonstrator,shared_program,demonstrator_engineering,quality_configuration,design_engineering,2027-07-01,2028-06-30,0.037328,0.25,420.0,211.949,6.430625,52.987168,14.49,2.415,14.49,14.49,0.0,0.0,2.415,0.0,15.193075,6.430625,116.480243,0.0,116.480243,93.184195,163.07234,110.049618,1711.34,Engineering planning estimate,Bottom-up activity-based estimate by work package
D-3.17.g,"Instructions, Procedures, & Drawings (Criterion VI)",Demonstrator,shared_program,demonstrator_engineering,quality_configuration,design_engineering,2027-04-01,2027-12-31,0.014652,0.25,420.0,210.308,2.504245,52.576952,22.946,10.43,0.0,0.0,0.0,0.0,3.3376,5.0064,14.144543,2.504245,108.441495,0.0,108.441495,86.753196,151.818093,105.93725,4230.31,Engineering planning estimate,Bottom-up activity-based estimate by work package
D-3.17.h,Identification & Control of Items; M&TE/Calibration,Demonstrator,shared_program,demonstrator_engineering,quality_configuration,design_engineering,2027-04-01,2027-12-31,0.016357,0.25,420.0,210.265,2.795075,52.566256,22.946,10.43,0.0,0.0,0.0,0.0,3.3376,5.0064,14.142938,2.795075,108.429194,0.0,108.429194,86.743356,151.800872,105.634119,3779.29,Engineering planning estimate,Bottom-up activity-based estimate by work package
D-3.17.i,"Inspection, Test, & Special Processes (Criteria X & IX)",Demonstrator,shared_program,demonstrator_engineering,quality_configuration,test_experiment,2029-01-01,2029-12-31,0.053471,0.25,420.0,217.663,9.551974,54.415735,27.27,4.545,27.27,27.27,0.0,0.0,4.545,0.0,21.79736,9.551974,167.113095,0.0,167.113095,133.690476,233.958333,157.561121,1649.51,Engineering planning estimate,Bottom-up activity-based estimate by work package
D-3.17.j,"Audits, Surveillances & Self-Assessments",Demonstrator,shared_program,demonstrator_engineering,quality_configuration,analysis_model,2028-07-01,2030-09-30,0.039132,0.25,420.0,210.233,6.68581,52.5582,26.82,23.84,0.0,0.0,0.0,0.0,2.98,5.96,16.82373,6.68581,128.98193,0.0,128.98193,103.185544,180.574702,122.29612,1829.19,Engineering planning estimate,Bottom-up activity-based estimate by work package
D-3.17.k,"Nonconformance, Corrective Action (CAP) & 10 CFR 21",Demonstrator,shared_program,demonstrator_engineering,quality_configuration,design_engineering,2027-07-01,2028-09-30,0.02037,0.25,420.0,210.233,3.480277,52.558297,22.946,10.43,0.0,0.0,0.0,0.0,3.3376,5.0064,14.141745,3.480277,108.420042,0.0,108.420042,86.736033,151.788058,104.939765,3015.27,Engineering planning estimate,Bottom-up activity-based estimate by work package
D-3.17.l,"Records, Document Control & Data Retention",Demonstrator,shared_program,demonstrator_engineering,quality_configuration,design_engineering,2027-01-01,2028-09-30,0.048249,0.25,420.0,210.971,8.272962,52.742725,22.946,10.43,0.0,0.0,0.0,0.0,3.3376,5.0064,14.169409,8.272962,108.632134,0.0,108.632134,86.905707,152.084987,100.359172,1213.1,Engineering planning estimate,Bottom-up activity-based estimate by work package
D-3.17.m,"Training, Qualification & Indoctrination",Demonstrator,shared_program,demonstrator_engineering,licensing_authorization,licensing_product,2029-07-01,2030-06-30,0.025426,0.25,420.0,211.948,4.380212,52.987001,35.46945,7.09389,0.0,0.0,0.0,14.18778,5.675112,8.512668,18.588885,4.380212,142.514786,0.0,142.514786,114.011829,199.520701,138.134574,3153.6,Engineering planning estimate,Bottom-up activity-based estimate by work package
D-3.17.n,"FSAR Chapter 17 Drafting, Reviews & Submittal",Demonstrator,shared_program,demonstrator_engineering,licensing_authorization,design_engineering,2027-10-01,2028-03-31,0.044559,0.25,420.0,260.0,9.428684,65.0,26.3879,11.9945,0.0,0.0,0.0,0.0,3.83824,5.75736,16.9467,9.428684,129.9247,0.0,129.9247,103.93976,181.89458,120.496016,1277.97,Engineering planning estimate,Bottom-up activity-based estimate by work package
D-3.18.a,HFE Program Plan (HFEPP) & Governance,Demonstrator,shared_program,demonstrator_engineering,human_factors,operations_program,2028-07-01,2029-12-31,0.06556,0.25,420.0,218.12,11.827189,54.529896,13.5,6.0,0.0,0.0,0.0,0.0,3.0,7.5,12.679484,11.827189,97.20938,0.0,97.20938,77.767504,136.093133,85.382191,721.91,Engineering planning estimate,Bottom-up activity-based estimate by work package
D-3.18.b,Operating Experience Review (OER),Demonstrator,shared_program,demonstrator_engineering,human_factors,design_engineering,2027-04-01,2027-12-31,0.026571,0.25,420.0,217.236,4.77727,54.308927,22.946,10.43,0.0,0.0,0.0,0.0,3.3376,5.0064,14.404339,4.77727,110.433266,0.0,110.433266,88.346613,154.606572,105.655996,2211.64,Engineering planning estimate,Bottom-up activity-based estimate by work package
D-3.18.c,Functional Requirements Analysis & Function Allocation (FRA/FA),Demonstrator,shared_program,demonstrator_engineering,systems_engineering,design_engineering,2027-01-01,2027-09-30,0.074861,0.25,420.0,246.602,15.225402,61.650392,22.946,10.43,0.0,0.0,0.0,0.0,3.3376,5.0064,15.505559,15.225402,118.875951,0.0,118.875951,95.100761,166.426331,103.650549,680.77,Engineering planning estimate,Bottom-up activity-based estimate by work package
D-3.18.d,Task Analysis (Normal/Abnormal/Emergency) & TIHA,Demonstrator,shared_program,demonstrator_engineering,human_factors,analysis_model,2027-07-01,2027-12-31,0.047446,0.25,420.0,219.47,8.603578,54.867428,26.82,23.84,0.0,0.0,0.0,0.0,2.98,5.96,17.170114,8.603578,131.637542,0.0,131.637542,105.310034,184.292559,123.033964,1430.03,Engineering planning estimate,Bottom-up activity-based estimate by work package
D-3.18.e,"Staffing, Qualifications & Workload",Demonstrator,shared_program,demonstrator_engineering,human_factors,operations_program,2029-04-01,2030-03-31,0.047412,0.25,420.0,219.469,8.5974,54.867333,10.281,1.7135,10.281,10.281,0.0,0.0,1.7135,0.0,13.3706,8.5974,102.507933,0.0,102.507933,82.006346,143.511106,93.910533,1092.31,Engineering planning estimate,Bottom-up activity-based estimate by work package
D-3.18.f,HSI Style Guide & Alarm Philosophy,Demonstrator,shared_program,demonstrator_engineering,human_factors,operations_program,2029-01-01,2029-09-30,0.036772,0.25,420.0,217.246,6.611603,54.311569,13.41,5.96,0.0,0.0,0.0,0.0,2.98,7.45,12.616735,6.611603,96.728304,0.0,96.728304,77.382643,135.419626,90.116701,1363.01,Engineering planning estimate,Bottom-up activity-based estimate by work package
D-3.18.g,"HSI Detailed Design - Displays, Controls, Alarms & Procedures Hooks",Demonstrator,shared_program,demonstrator_engineering,human_factors,design_engineering,2027-07-01,2027-12-31,0.038578,0.25,420.0,219.467,6.995437,54.866763,26.3879,11.9945,0.0,0.0,0.0,0.0,3.83824,5.75736,15.426714,6.995437,118.271477,0.0,118.271477,94.617182,165.580068,111.27604,1590.69,Engineering planning estimate,Bottom-up activity-based estimate by work package
D-3.18.h,Procedures Integration (EOPs/AOPs/Normal) & HSI Linkage,Demonstrator,shared_program,demonstrator_engineering,human_factors,operations_program,2029-01-01,2029-12-31,0.028492,0.25,420.0,217.25,5.122941,54.312614,13.41,5.96,0.0,0.0,0.0,0.0,2.98,7.45,12.616892,5.122941,96.729506,0.0,96.729506,77.383605,135.421309,91.606565,1788.16,Engineering planning estimate,Bottom-up activity-based estimate by work package
D-3.18.i,Training Integration (SAT) & Simulator Scenarios,Demonstrator,shared_program,demonstrator_engineering,human_factors,licensing_product,2029-04-01,2029-12-31,0.030594,0.25,420.0,217.235,5.50057,54.308851,26.82,5.364,0.0,0.0,0.0,10.728,4.2912,6.4368,16.192328,5.50057,124.141179,0.0,124.141179,99.312943,173.79765,118.640609,2156.88,Engineering planning estimate,Bottom-up activity-based estimate by work package
D-3.18.j,Human Reliability Analysis (HRA) - PRA Interfaces,Demonstrator,shared_program,demonstrator_engineering,risk_pra,analysis_model,2027-04-01,2028-03-31,0.147456,0.25,420.0,219.2,26.711349,54.799974,36.45,32.4,0.0,0.0,0.0,0.0,4.05,8.1,20.369996,26.711349,156.16997,0.0,156.16997,124.935976,218.637958,129.458621,484.66,Engineering planning estimate,Bottom-up activity-based estimate by work package
D-3.18.k,Formative Evaluations (Rapid Iteration),Demonstrator,shared_program,demonstrator_engineering,human_factors,analysis_model,2027-07-01,2028-03-31,0.036541,0.25,420.0,217.247,6.570079,54.311664,26.82,23.84,0.0,0.0,0.0,0.0,2.98,5.96,17.08675,6.570079,130.998414,0.0,130.998414,104.798731,183.397779,124.428335,1893.86,Engineering planning estimate,Bottom-up activity-based estimate by work package
D-3.18.l,HFE Verification & Validation (V&V) Plan & Readiness,Demonstrator,shared_program,demonstrator_engineering,human_factors,test_experiment,2029-07-01,2029-12-31,0.052962,0.25,420.0,220.014,9.617773,55.003493,31.3605,5.22675,31.3605,31.3605,0.0,0.0,5.22675,0.0,23.930774,9.617773,183.469267,0.0,183.469267,146.775414,256.856974,173.851494,1807.61,Engineering planning estimate,Bottom-up activity-based estimate by work package
D-3.18.m,Integrated System Validation (ISV) - Execution,Demonstrator,shared_program,demonstrator_engineering,human_factors,test_experiment,2029-04-01,2029-12-31,0.057915,0.5,840.0,220.02,10.517514,110.009799,105.0,17.5,105.0,105.0,0.0,0.0,17.5,0.0,69.00147,10.517514,529.011269,0.0,529.011269,423.209015,740.615776,518.493755,4929.81,Engineering planning estimate,Bottom-up activity-based estimate by work package
D-3.18.n,Control Room/HSI Physical & Environmental Ergonomics,Demonstrator,shared_program,demonstrator_engineering,site_environmental,design_engineering,2027-07-01,2028-03-31,0.028506,0.25,420.0,217.238,5.125223,54.309619,28.49,12.95,0.0,0.0,0.0,0.0,4.144,6.216,15.916443,5.125223,122.026062,0.0,122.026062,97.620849,170.836487,116.900839,2280.89,Engineering planning estimate,Bottom-up activity-based estimate by work package
D-3.18.o,Closure & FSAR Chapter 18 Authoring,Demonstrator,shared_program,demonstrator_engineering,licensing_authorization,design_engineering,2027-10-01,2028-03-31,0.030726,0.25,420.0,260.0,6.501622,65.0,26.3879,11.9945,0.0,0.0,0.0,0.0,3.83824,5.75736,16.9467,6.501622,129.9247,0.0,129.9247,103.93976,181.89458,123.423078,1898.34,Engineering planning estimate,Bottom-up activity-based estimate by work package
D-3.19.a,PRA Scope Definition & Governance,Demonstrator,shared_program,demonstrator_engineering,risk_pra,analysis_model,2027-01-01,2028-03-31,0.172613,0.25,420.0,256.321,36.524911,64.080168,36.207,32.184,0.0,0.0,0.0,0.0,4.023,8.046,21.681025,36.524911,166.221193,0.0,166.221193,132.976955,232.70967,129.696282,355.09,Engineering planning estimate,Bottom-up activity-based estimate by work package
D-3.19.b,Internal Events (At-Power) PRA Development,Demonstrator,shared_program,demonstrator_engineering,risk_pra,analysis_model,2027-04-01,2027-12-31,0.110146,0.5,840.0,256.374,23.306894,128.187179,112.5,100.0,0.0,0.0,0.0,0.0,12.5,25.0,56.728077,23.306894,434.915256,0.0,434.915256,347.932205,608.881358,411.608362,1766.04,Engineering planning estimate,Bottom-up activity-based estimate by work package
D-3.19.c,Internal Fire PRA (NFPA 805/Non-805 Plants),Demonstrator,shared_program,demonstrator_engineering,risk_pra,analysis_model,2027-07-01,2027-12-31,0.086179,0.5,840.0,256.321,18.235477,128.160283,112.5,100.0,0.0,0.0,0.0,0.0,12.5,25.0,56.724042,18.235477,434.884325,0.0,434.884325,347.90746,608.838056,416.648848,2284.83,Engineering planning estimate,Bottom-up activity-based estimate by work package
D-3.19.d,Internal Flood PRA,Demonstrator,shared_program,demonstrator_engineering,risk_pra,analysis_model,2027-04-01,2027-12-31,0.091189,0.25,420.0,256.321,19.295592,64.080276,35.964,31.968,0.0,0.0,0.0,0.0,3.996,7.992,21.600041,19.295592,165.600317,0.0,165.600317,132.480254,231.840444,146.304725,758.23,Engineering planning estimate,Bottom-up activity-based estimate by work package
D-3.19.e,Seismic PRA (SPRA) & Fragility Development,Demonstrator,shared_program,demonstrator_engineering,risk_pra,analysis_model,2027-04-01,2027-12-31,0.146702,0.5,840.0,256.375,31.042143,128.187516,112.5,100.0,0.0,0.0,0.0,0.0,12.5,25.0,56.728127,31.042143,434.915643,0.0,434.915643,347.932515,608.881901,403.8735,1301.05,Engineering planning estimate,Bottom-up activity-based estimate by work package
D-3.19.f,Low Power & Shutdown (LPSD) PRA,Demonstrator,shared_program,demonstrator_engineering,risk_pra,analysis_model,2027-07-01,2028-03-31,0.106882,0.5,840.0,256.321,22.616231,128.160425,112.5,100.0,0.0,0.0,0.0,0.0,12.5,25.0,56.724064,22.616231,434.884489,0.0,434.884489,347.907591,608.838284,412.268258,1822.89,Engineering planning estimate,Bottom-up activity-based estimate by work package
D-3.19.g,Data Analysis & Parameter Estimation,Demonstrator,shared_program,demonstrator_engineering,risk_pra,analysis_model,2027-07-01,2027-12-31,0.071196,0.25,420.0,256.322,15.065074,64.080443,36.207,32.184,0.0,0.0,0.0,0.0,4.023,8.046,21.681066,15.065074,166.221509,0.0,166.221509,132.977208,232.710113,151.156435,1003.36,Engineering planning estimate,Bottom-up activity-based estimate by work package
D-3.19.h,Human Reliability Analysis (HRA),Demonstrator,shared_program,demonstrator_engineering,risk_pra,analysis_model,2027-07-01,2028-03-31,0.081221,0.25,420.0,256.321,17.186364,64.080318,36.207,32.184,0.0,0.0,0.0,0.0,4.023,8.046,21.681048,17.186364,166.221366,0.0,166.221366,132.977093,232.709912,149.035002,867.17,Engineering planning estimate,Bottom-up activity-based estimate by work package
D-3.19.i,"Quantification, Uncertainty & Importance",Demonstrator,shared_program,demonstrator_engineering,risk_pra,analysis_model,2027-07-01,2028-03-31,0.052243,0.25,420.0,256.812,11.054619,64.202884,36.207,32.184,0.0,0.0,0.0,0.0,4.023,8.046,21.699433,11.054619,166.362317,0.0,166.362317,133.089853,232.907243,155.307698,1404.91,Engineering planning estimate,Bottom-up activity-based estimate by work package
D-3.19.j,Peer Review & F&O Closure (RG 1.200),Demonstrator,shared_program,demonstrator_engineering,risk_pra,analysis_model,2027-10-01,2028-03-31,0.043137,0.312,524.2,256.811,9.127789,80.125132,36.207,32.184,0.0,0.0,0.0,0.0,4.023,8.046,24.08777,9.127789,184.672902,0.0,184.672902,147.738321,258.542063,175.545113,1923.19,Engineering planning estimate,Bottom-up activity-based estimate by work package
D-3.19.k,RIDM Applications & Programs,Demonstrator,shared_program,demonstrator_engineering,licensing_authorization,licensing_product,2027-04-01,2028-03-31,0.20327,0.25,420.0,256.321,43.011932,64.080312,30.843,6.1686,0.0,0.0,0.0,12.3372,4.93488,7.40232,18.864947,43.011932,144.631259,0.0,144.631259,115.705007,202.483762,101.619327,236.26,Engineering planning estimate,Bottom-up activity-based estimate by work package
D-3.19.l,Severe Accident Evaluation (SAE) & Containment Performance,Demonstrator,shared_program,demonstrator_engineering,risk_pra,analysis_model,2027-07-01,2028-03-31,0.106739,0.25,420.0,256.322,22.585973,64.080456,48.87945,43.4484,0.0,0.0,0.0,0.0,5.43105,10.8621,25.905218,22.585973,198.606674,0.0,198.606674,158.88534,278.049344,176.020701,779.34,Engineering planning estimate,Bottom-up activity-based estimate by work package
D-3.19.m,"SAMG Development, Validation & Training",Demonstrator,shared_program,demonstrator_engineering,licensing_authorization,licensing_product,2029-07-01,2030-03-31,0.090294,0.25,420.0,246.8,18.388592,61.699933,35.46945,7.09389,0.0,0.0,0.0,14.18778,5.675112,8.512668,19.895825,18.388592,152.534658,0.0,152.534658,122.027726,213.548521,134.146066,729.51,Engineering planning estimate,Bottom-up activity-based estimate by work package
D-3.19.n,MBDBE & FLEX Strategy Integration (10 CFR 50.155),Demonstrator,shared_program,demonstrator_engineering,risk_pra,analysis_model,2027-04-01,2027-12-31,0.046266,0.25,420.0,256.811,9.789886,64.202843,36.207,32.184,0.0,0.0,0.0,0.0,4.023,8.046,21.699426,9.789886,166.362269,0.0,166.362269,133.089816,232.907177,156.572383,1599.33,Engineering planning estimate,Bottom-up activity-based estimate by work package
D-3.19.o,FSAR Chapter 19 Authoring & Records,Demonstrator,shared_program,demonstrator_engineering,licensing_authorization,analysis_model,2027-04-01,2028-09-30,0.130146,0.25,420.0,260.0,27.538894,65.0,30.843,27.416,0.0,0.0,0.0,0.0,3.427,6.854,20.031,27.538894,153.571,0.0,153.571,122.8568,214.9994,126.032106,457.65,Engineering planning estimate,Bottom-up activity-based estimate by work package
D-3.2.a,"Seismic Basis: PSHA, GMRS, and SSE",Demonstrator,shared_program,demonstrator_engineering,civil_structural,design_engineering,2026-10-01,2027-03-31,0.013483,0.438,735.8,225.0,2.480872,98.55,192.5,87.5,0.0,0.0,0.0,0.0,28.0,42.0,67.2825,2.480872,515.8325,0.0,515.8325,412.666,722.1655,513.351628,20692.39,Engineering planning estimate,Bottom-up activity-based estimate by work package
D-3.2.b,Site Response & Liquefaction/Faulting Potential,Demonstrator,shared_program,demonstrator_engineering,site_environmental,design_engineering,2027-01-01,2027-06-30,0.010721,0.227,381.4,225.0,1.972664,51.075,27.335,12.425,0.0,0.0,0.0,0.0,3.976,5.964,15.11625,1.972664,115.89125,0.0,115.89125,92.713,162.24775,113.918586,5774.86,Engineering planning estimate,Bottom-up activity-based estimate by work package
D-3.2.c,SSI Inputs and In-Structure Response Spectra (ISRS),Demonstrator,shared_program,demonstrator_engineering,site_environmental,design_engineering,2027-01-01,2027-06-30,0.012474,0.375,630.0,225.0,2.295216,84.375,27.5275,12.5125,0.0,0.0,0.0,0.0,4.004,6.006,20.16375,2.295216,154.58875,0.0,154.58875,123.671,216.42425,152.293534,6635.26,Engineering planning estimate,Bottom-up activity-based estimate by work package
D-3.2.d,Hydrology & Flooding: PMP/PMF/PMSS,Demonstrator,shared_program,demonstrator_engineering,site_environmental,design_engineering,2027-01-01,2027-06-30,0.014318,0.25,420.0,225.0,2.634512,56.25,110.0,50.0,0.0,0.0,0.0,0.0,16.0,24.0,38.4375,2.634512,294.6875,0.0,294.6875,235.75,412.5625,292.052988,11085.66,Engineering planning estimate,Bottom-up activity-based estimate by work package
D-3.2.e,Groundwater & Dewatering Behavior,Demonstrator,shared_program,demonstrator_engineering,site_environmental,design_engineering,2027-01-01,2027-06-30,0.014318,0.228,383.0,225.0,2.634512,51.3,27.5275,12.5125,0.0,0.0,0.0,0.0,4.004,6.006,15.2025,2.634512,116.5525,0.0,116.5525,93.242,163.1735,113.917988,4324.06,Engineering planning estimate,Bottom-up activity-based estimate by work package
D-3.2.f,Meteorology & Atmospheric Extremes,Demonstrator,shared_program,demonstrator_engineering,site_environmental,design_engineering,2027-01-01,2027-06-30,0.016084,0.228,383.0,225.0,2.959456,51.3,82.5,37.5,0.0,0.0,0.0,0.0,12.0,18.0,30.195,2.959456,231.495,0.0,231.495,185.196,324.093,228.535544,7722.21,Engineering planning estimate,Bottom-up activity-based estimate by work package
D-3.2.g,External Hazards (Industrial/Transportation/Pipelines/Aircraft),Demonstrator,shared_program,demonstrator_engineering,site_environmental,design_engineering,2027-01-01,2027-06-30,0.010832,0.232,389.8,225.0,1.993088,52.2,27.72,12.6,0.0,0.0,0.0,0.0,4.032,6.048,15.39,1.993088,117.99,0.0,117.99,94.392,165.186,115.996912,5819.96,Engineering planning estimate,Bottom-up activity-based estimate by work package
D-3.2.h,Site Parameters Rollup & Interfaces,Demonstrator,shared_program,demonstrator_engineering,site_environmental,design_engineering,2027-01-01,2027-06-30,0.026926,0.223,374.6,225.0,4.954384,50.175,27.335,12.425,0.0,0.0,0.0,0.0,3.976,5.964,14.98125,4.954384,114.85625,0.0,114.85625,91.885,160.79875,109.901866,2218.28,Engineering planning estimate,Bottom-up activity-based estimate by work package
D-3.2.i,GIS/Data Management & Records QA,Demonstrator,shared_program,demonstrator_engineering,site_environmental,design_engineering,2027-01-01,2027-09-30,0.029166,0.248,416.6,225.0,5.366544,55.8,27.72,12.6,0.0,0.0,0.0,0.0,4.032,6.048,15.93,5.366544,122.13,0.0,122.13,97.704,170.982,116.763456,2175.77,Engineering planning estimate,Bottom-up activity-based estimate by work package
D-3.2.j,FSAR Chapter 2 Drafting & NRC Interaction,Demonstrator,shared_program,demonstrator_engineering,licensing_authorization,design_engineering,2027-04-01,2027-09-30,0.013723,0.25,420.0,260.0,2.903787,65.0,25.3253,11.5115,0.0,0.0,0.0,0.0,3.68368,5.52552,16.6569,2.903787,127.7029,0.0,127.7029,102.16232,178.78406,124.799113,4297.81,Engineering planning estimate,Bottom-up activity-based estimate by work package
D-3.3.a,"Seismic Categorization, Load Combinations & Demand Definition",Demonstrator,shared_program,demonstrator_engineering,civil_structural,design_engineering,2027-01-01,2027-06-30,0.040503,0.25,420.0,229.504,7.620397,57.376089,28.105,12.775,0.0,0.0,0.0,0.0,4.088,6.132,16.271413,7.620397,124.747502,0.0,124.747502,99.798002,174.646503,117.127105,1537.02,Engineering planning estimate,Bottom-up activity-based estimate by work package
D-3.3.b,"SSI Models, Foundation Motions & ISRS Generation",Demonstrator,shared_program,demonstrator_engineering,civil_structural,analysis_model,2027-04-01,2027-09-30,0.045992,0.375,630.0,229.503,8.653078,86.063772,135.0,120.0,0.0,0.0,0.0,0.0,15.0,30.0,57.909566,8.653078,443.973338,0.0,443.973338,355.17867,621.562673,435.32026,5030.81,Engineering planning estimate,Bottom-up activity-based estimate by work package
D-3.3.c,Nuclear Concrete Design (ACI 349) & Foundations,Demonstrator,shared_program,demonstrator_engineering,civil_structural,design_engineering,2027-04-01,2027-09-30,0.050816,0.312,524.2,229.498,9.560419,71.603312,137.5,62.5,0.0,0.0,0.0,0.0,20.0,30.0,48.240497,9.560419,369.843809,0.0,369.843809,295.875047,517.781332,360.28339,3768.49,Engineering planning estimate,Bottom-up activity-based estimate by work package
D-3.3.d,Nuclear Steel Design (AISC N690) & Steel Framing,Demonstrator,shared_program,demonstrator_engineering,civil_structural,design_engineering,2027-04-01,2027-09-30,0.056009,0.312,524.2,229.501,10.537588,71.604331,137.5,62.5,0.0,0.0,0.0,0.0,20.0,30.0,48.24065,10.537588,369.844981,0.0,369.844981,295.875985,517.782973,359.307393,3409.77,Engineering planning estimate,Bottom-up activity-based estimate by work package
D-3.3.e,"ASME Section III Pressure Boundary Design (Vessels, Heat Exchangers)",Demonstrator,shared_program,demonstrator_engineering,thermal_hydraulics,design_engineering,2027-04-01,2027-09-30,0.066638,0.438,735.8,229.119,12.513914,100.354109,165.0,75.0,0.0,0.0,0.0,0.0,24.0,36.0,60.053116,12.513914,460.407225,0.0,460.407225,368.32578,644.570115,447.893311,3579.16,Engineering planning estimate,Bottom-up activity-based estimate by work package
D-3.3.f,ASME Section III Piping Stress & Support Design,Demonstrator,shared_program,demonstrator_engineering,materials,design_engineering,2027-04-01,2027-12-31,0.066638,0.375,630.0,229.119,12.513914,85.919614,137.5,62.5,0.0,0.0,0.0,0.0,20.0,30.0,50.387942,12.513914,386.307556,0.0,386.307556,309.046045,540.830579,373.793642,2987.02,Engineering planning estimate,Bottom-up activity-based estimate by work package
D-3.3.g,"Dynamic Effects: Pipe Whip, Jet Impingement & Missiles",Demonstrator,shared_program,demonstrator_engineering,licensing_authorization,design_engineering,2027-07-01,2027-12-31,0.029452,0.25,420.0,230.825,5.577003,57.706268,25.8566,11.753,0.0,0.0,0.0,0.0,3.76096,5.64144,15.70774,5.577003,120.426008,0.0,120.426008,96.340807,168.596411,114.849005,2059.33,Engineering planning estimate,Bottom-up activity-based estimate by work package
D-3.3.h,Water-Hammer / Hydraulic Transients,Demonstrator,shared_program,demonstrator_engineering,materials,design_engineering,2027-07-01,2027-12-31,0.029554,0.25,420.0,230.819,5.596139,57.704625,33.726,15.33,0.0,0.0,0.0,0.0,4.9056,7.3584,17.853694,5.596139,136.878319,0.0,136.878319,109.502655,191.629646,131.28218,2345.94,Engineering planning estimate,Bottom-up activity-based estimate by work package
D-3.3.i,Overpressure Protection & Relief Sizing,Demonstrator,shared_program,demonstrator_engineering,licensing_authorization,design_engineering,2027-04-01,2027-09-30,0.03277,0.25,420.0,230.821,6.205161,57.705142,25.8566,11.753,0.0,0.0,0.0,0.0,3.76096,5.64144,15.707571,6.205161,120.424713,0.0,120.424713,96.339771,168.594599,114.219552,1840.72,Engineering planning estimate,Bottom-up activity-based estimate by work package
D-3.3.j,Equipment Qualification (EQ) per IEEE 323/344 & 10 CFR 50.49,Demonstrator,shared_program,demonstrator_engineering,licensing_authorization,design_engineering,2027-07-01,2027-12-31,0.055345,0.25,420.0,229.117,10.393111,57.279271,60.0,10.0,60.0,60.0,0.0,0.0,10.0,0.0,38.591891,10.393111,295.871162,0.0,295.871162,236.696929,414.219626,285.478051,2746.8,Engineering planning estimate,Bottom-up activity-based estimate by work package
D-3.3.k,"Anchorage, Supports, Snubbers & Seismic Restraints",Demonstrator,shared_program,demonstrator_engineering,civil_structural,licensing_product,2027-04-01,2027-12-31,0.060824,0.25,420.0,229.506,11.443751,57.376447,32.85,6.57,0.0,0.0,0.0,13.14,5.256,7.884,18.461467,11.443751,141.537914,0.0,141.537914,113.230331,198.15308,130.094163,1136.81,Engineering planning estimate,Bottom-up activity-based estimate by work package
D-3.3.l,"Materials, Welding, NDE & Inservice Considerations",Demonstrator,shared_program,demonstrator_engineering,materials,design_engineering,2027-07-01,2027-12-31,0.036002,0.25,420.0,230.83,6.817458,57.707419,33.726,15.33,0.0,0.0,0.0,0.0,4.9056,7.3584,17.854113,6.817458,136.881532,0.0,136.881532,109.505225,191.634145,130.064074,1907.81,Engineering planning estimate,Bottom-up activity-based estimate by work package
D-3.3.m,"Calculation Control, Independent Verification & Model QA",Demonstrator,shared_program,demonstrator_engineering,materials,analysis_model,2027-07-01,2027-12-31,0.044259,0.25,420.0,229.122,8.311501,57.280525,45.333,40.296,0.0,0.0,0.0,0.0,5.037,10.074,23.703079,8.311501,181.723604,0.0,181.723604,145.378883,254.413045,173.412103,2086.41,Engineering planning estimate,Bottom-up activity-based estimate by work package
D-3.3.n,"Design Documentation: Drawings, Specs & Reports",Demonstrator,shared_program,demonstrator_engineering,licensing_authorization,design_engineering,2027-07-01,2027-12-31,0.049914,0.25,420.0,229.119,9.37331,57.279671,25.8566,11.753,0.0,0.0,0.0,0.0,3.76096,5.64144,15.643751,9.37331,119.935422,0.0,119.935422,95.948337,167.90959,110.562112,1179.54,Engineering planning estimate,Bottom-up activity-based estimate by work package
D-3.4.a,Fuel Design Limits & Safety Criteria Definition,Demonstrator,shared_program,demonstrator_engineering,materials,design_engineering,2026-10-01,2027-03-31,0.057667,0.25,420.0,251.258,11.738538,62.814478,33.8415,15.3825,0.0,0.0,0.0,0.0,4.9224,7.3836,18.651672,11.738538,142.99615,0.0,142.99615,114.39692,200.19461,131.257612,1118.18,Engineering planning estimate,Bottom-up activity-based estimate by work package
D-3.4.b,"Methods V&V, Benchmarking & Configuration Control",Demonstrator,shared_program,demonstrator_engineering,materials,analysis_model,2026-10-01,2027-12-31,0.104679,0.25,420.0,251.738,21.35441,62.934507,39.555,35.16,0.0,0.0,0.0,0.0,4.395,8.79,22.625176,21.35441,173.459683,0.0,173.459683,138.767746,242.843556,152.105273,712.29,Engineering planning estimate,Bottom-up activity-based estimate by work package
D-3.4.c,Core Nuclear Design & Reactivity Control,Demonstrator,shared_program,demonstrator_engineering,neutronics,design_engineering,2027-01-01,2027-09-30,0.087154,2.5,4200.0,253.816,17.945948,634.540153,137.5,62.5,0.0,0.0,0.0,0.0,20.0,30.0,132.681023,17.945948,1017.221176,0.0,1017.221176,813.776941,1424.109646,999.275228,5568.25,Engineering planning estimate,Bottom-up activity-based estimate by work package
D-3.4.d,Thermal-Hydraulic Analysis of Normal & AOO Conditions,Demonstrator,shared_program,demonstrator_engineering,thermal_hydraulics,analysis_model,2027-04-01,2027-09-30,0.090083,2.2,3696.0,251.259,18.337136,552.76969,90.0,80.0,0.0,0.0,0.0,0.0,10.0,20.0,112.915453,18.337136,865.685143,0.0,865.685143,692.548115,1211.959201,847.348007,4620.94,Engineering planning estimate,Bottom-up activity-based estimate by work package
D-3.4.e,Accident & Faulted Condition Evaluations (tech-dependent),Demonstrator,shared_program,demonstrator_engineering,materials,analysis_model,2027-04-01,2027-12-31,0.058076,0.25,420.0,251.737,11.847364,62.934129,38.88,34.56,0.0,0.0,0.0,0.0,4.32,8.64,22.400119,11.847364,171.734248,0.0,171.734248,137.387399,240.427948,159.886884,1349.56,Engineering planning estimate,Bottom-up activity-based estimate by work package
D-3.4.f,"Materials, Chemistry & Degradation Mechanisms",Demonstrator,shared_program,demonstrator_engineering,materials,analysis_model,2027-07-01,2027-12-31,0.061822,0.25,420.0,251.737,12.611595,62.934372,38.61,34.32,0.0,0.0,0.0,0.0,4.29,8.58,22.310156,12.611595,171.044528,0.0,171.044528,136.835622,239.462339,158.432933,1256.25,Engineering planning estimate,Bottom-up activity-based estimate by work package
D-3.4.g,"Fuel Handling, New/Spent Fuel Storage & 10 CFR 50.68 Criticality",Demonstrator,shared_program,demonstrator_engineering,neutronics,analysis_model,2027-04-01,2027-09-30,0.073722,0.312,524.2,253.816,15.180124,79.190473,45.36,40.32,0.0,0.0,0.0,0.0,5.04,10.08,26.998571,15.180124,206.989044,0.0,206.989044,165.591235,289.784662,191.80892,1263.55,Engineering planning estimate,Bottom-up activity-based estimate by work package
D-3.4.h,Core Support Structures & Seismic/Flow-Induced Loads,Demonstrator,shared_program,demonstrator_engineering,civil_structural,design_engineering,2027-04-01,2027-12-31,0.080346,0.25,420.0,253.815,16.544056,63.453843,27.5275,12.5125,0.0,0.0,0.0,0.0,4.004,6.006,17.025576,16.544056,130.529419,0.0,130.529419,104.423536,182.741187,113.985363,688.98,Engineering planning estimate,Bottom-up activity-based estimate by work package
D-3.4.i,"Core Monitoring, Setpoints & Operating Limits (Technical Specs Interface)",Demonstrator,shared_program,demonstrator_engineering,instrumentation_controls,design_engineering,2027-01-01,2028-03-31,0.12727,0.25,420.0,253.546,26.17463,63.386472,27.5275,12.5125,0.0,0.0,0.0,0.0,4.004,6.006,17.015471,26.17463,130.451943,0.0,130.451943,104.361554,182.63272,104.277313,398.39,Engineering planning estimate,Bottom-up activity-based estimate by work package
D-3.4.j,"FSAR Chapter 4 Drafting, Cross-Checks & Records",Demonstrator,shared_program,demonstrator_engineering,licensing_authorization,design_engineering,2027-01-01,2028-03-31,0.099197,0.25,420.0,260.0,20.990085,65.0,25.5024,11.592,0.0,0.0,0.0,0.0,3.70944,5.56416,16.7052,20.990085,128.0732,0.0,128.0732,102.45856,179.30248,107.083115,510.16,Engineering planning estimate,Bottom-up activity-based estimate by work package
D-3.5.a,Define RCS Pressure Boundary & Connected Systems Scope,Demonstrator,shared_program,demonstrator_engineering,safety_analysis,design_engineering,2027-01-01,2027-06-30,0.02057,0.25,420.0,260.0,4.352612,65.0,28.6286,13.013,0.0,0.0,0.0,0.0,4.16416,6.24624,17.5578,4.352612,134.6098,0.0,134.6098,107.68784,188.45372,130.257188,2992.62,Engineering planning estimate,Bottom-up activity-based estimate by work package
D-3.5.b,"Design Transients, Load Combinations & Service Levels",Demonstrator,shared_program,demonstrator_engineering,thermal_hydraulics,design_engineering,2027-04-01,2027-09-30,0.063863,0.25,420.0,252.102,13.049391,63.025578,31.0464,14.112,0.0,0.0,0.0,0.0,4.51584,6.77376,17.921037,13.049391,137.394615,0.0,137.394615,109.915692,192.352461,124.345224,952.88,Engineering planning estimate,Bottom-up activity-based estimate by work package
D-3.5.c,ASME III NB Design-by-Analysis (Vessels & Major Components),Demonstrator,shared_program,demonstrator_engineering,safety_analysis,design_engineering,2027-04-01,2027-09-30,0.05121,0.438,735.8,260.0,10.836036,113.88,165.0,75.0,0.0,0.0,0.0,0.0,24.0,36.0,62.082,10.836036,475.962,0.0,475.962,380.7696,666.3468,465.125964,4292.4,Engineering planning estimate,Bottom-up activity-based estimate by work package
D-3.5.d,ASME III Piping Stress & Fatigue (Class 1) with Nozzle Loads,Demonstrator,shared_program,demonstrator_engineering,safety_analysis,design_engineering,2027-04-01,2027-12-31,0.030969,0.375,630.0,260.0,6.553041,97.5,137.5,62.5,0.0,0.0,0.0,0.0,20.0,30.0,52.125,6.553041,399.625,0.0,399.625,319.7,559.475,393.071959,5998.31,Engineering planning estimate,Bottom-up activity-based estimate by work package
D-3.5.e,Leak-Before-Break (LBB) / Break Preclusion (if applied),Demonstrator,shared_program,demonstrator_engineering,safety_analysis,design_engineering,2027-07-01,2027-12-31,0.030969,0.25,420.0,260.0,6.553041,65.0,28.6286,13.013,0.0,0.0,0.0,0.0,4.16416,6.24624,17.5578,6.553041,134.6098,0.0,134.6098,107.68784,188.45372,128.056759,1954.16,Engineering planning estimate,Bottom-up activity-based estimate by work package
D-3.5.f,Overpressure Protection & Setpoint Methodology,Demonstrator,shared_program,demonstrator_engineering,instrumentation_controls,analysis_model,2027-07-01,2027-12-31,0.033559,0.312,524.2,260.0,7.101084,81.12,32.4,28.8,0.0,0.0,0.0,0.0,3.6,7.2,22.968,7.101084,176.088,0.0,176.088,140.8704,246.5232,168.986916,2379.73,Engineering planning estimate,Bottom-up activity-based estimate by work package
D-3.5.g,Water-Hammer & Hydraulic Transients in RCS/Connected Systems,Demonstrator,shared_program,demonstrator_engineering,thermal_hydraulics,analysis_model,2027-04-01,2027-09-30,0.033876,0.25,420.0,252.97,6.949064,63.242487,36.036,32.032,0.0,0.0,0.0,0.0,4.004,8.008,21.498373,6.949064,164.82086,0.0,164.82086,131.856688,230.749204,157.871796,2271.84,Engineering planning estimate,Bottom-up activity-based estimate by work package
D-3.5.h,"Leakage Detection, Monitoring & Allowable Leakage Program",Demonstrator,shared_program,demonstrator_engineering,safety_analysis,design_engineering,2027-01-01,2027-12-31,0.06951,0.25,420.0,260.0,14.708316,65.0,28.6286,13.013,0.0,0.0,0.0,0.0,4.16416,6.24624,17.5578,14.708316,134.6098,0.0,134.6098,107.68784,188.45372,119.901484,815.2,Engineering planning estimate,Bottom-up activity-based estimate by work package
D-3.5.i,"Branch Lines, Isolation, and Intersystem LOCA (ISLOCA)",Demonstrator,shared_program,demonstrator_engineering,thermal_hydraulics,design_engineering,2027-07-01,2027-12-31,0.07016,0.25,420.0,252.106,14.336314,63.026475,30.8308,14.014,0.0,0.0,0.0,0.0,4.48448,6.72672,17.862371,14.336314,136.944846,0.0,136.944846,109.555877,191.722785,122.608532,855.23,Engineering planning estimate,Bottom-up activity-based estimate by work package
D-3.5.j,"Materials, Welding, NDE & ISI Interfaces",Demonstrator,shared_program,demonstrator_engineering,materials,design_engineering,2027-04-01,2027-12-31,0.061808,0.25,420.0,260.0,13.078573,65.0,33.033,15.015,0.0,0.0,0.0,0.0,4.8048,7.2072,18.759,13.078573,143.819,0.0,143.819,115.0552,201.3466,130.740427,999.65,Engineering planning estimate,Bottom-up activity-based estimate by work package
D-3.5.k,"Calculation Control, Independent Verification & Records",Demonstrator,shared_program,demonstrator_engineering,safety_analysis,analysis_model,2027-04-01,2028-03-31,0.075626,0.25,420.0,260.0,16.002461,65.0,38.4813,34.2056,0.0,0.0,0.0,0.0,4.2757,8.5514,22.5771,16.002461,173.0911,0.0,173.0911,138.47288,242.32754,157.088639,981.65,Engineering planning estimate,Bottom-up activity-based estimate by work package
D-3.5.l,FSAR Chapter 5 Drafting & Cross-Chapter Interfaces,Demonstrator,shared_program,demonstrator_engineering,licensing_authorization,design_engineering,2027-04-01,2028-03-31,0.082226,0.25,420.0,260.0,17.399021,65.0,25.3253,11.5115,0.0,0.0,0.0,0.0,3.68368,5.52552,16.6569,17.399021,127.7029,0.0,127.7029,102.16232,178.78406,110.303879,633.97,Engineering planning estimate,Bottom-up activity-based estimate by work package
D-3.6.a,ECCS Evaluation Model & Acceptance Criteria,Demonstrator,shared_program,demonstrator_engineering,thermal_hydraulics,analysis_model,2027-04-01,2027-09-30,0.057593,0.25,420.0,252.104,11.768281,63.025889,37.044,32.928,0.0,0.0,0.0,0.0,4.116,8.232,21.801883,11.768281,167.147772,0.0,167.147772,133.718218,234.006881,155.379491,1320.32,Engineering planning estimate,Bottom-up activity-based estimate by work package
D-3.6.b,Short-Term ECCS Performance (Reflood/Refill/Cooling),Demonstrator,shared_program,demonstrator_engineering,thermal_hydraulics,analysis_model,2027-04-01,2027-09-30,0.037594,0.25,420.0,252.969,7.711698,63.24214,36.54,32.48,0.0,0.0,0.0,0.0,4.06,8.12,21.666321,7.711698,166.108461,0.0,166.108461,132.886769,232.551845,158.396763,2053.98,Engineering planning estimate,Bottom-up activity-based estimate by work package
D-3.6.c,Long-Term Core Cooling & Sump/Strainer Performance,Demonstrator,shared_program,demonstrator_engineering,licensing_authorization,licensing_product,2027-04-01,2027-12-31,0.028408,0.25,420.0,260.0,6.011133,65.0,30.429,6.0858,0.0,0.0,0.0,12.1716,4.86864,7.30296,18.8787,6.011133,144.7367,0.0,144.7367,115.78936,202.63138,138.725567,2307.81,Engineering planning estimate,Bottom-up activity-based estimate by work package
D-3.6.d,Containment Pressure-Temperature Response,Demonstrator,shared_program,demonstrator_engineering,thermal_hydraulics,analysis_model,2027-07-01,2027-12-31,0.07663,0.375,630.0,252.104,15.658252,94.539051,112.5,100.0,0.0,0.0,0.0,0.0,12.5,25.0,51.680858,15.658252,396.219909,0.0,396.219909,316.975927,554.707872,380.561657,2430.42,Engineering planning estimate,Bottom-up activity-based estimate by work package
D-3.6.e,Hydrogen Management (10 CFR 50.44),Demonstrator,shared_program,demonstrator_engineering,safety_analysis,design_engineering,2027-04-01,2027-12-31,0.07872,0.25,420.0,260.0,16.657152,65.0,29.2292,13.286,0.0,0.0,0.0,0.0,4.25152,6.37728,17.7216,16.657152,135.8656,0.0,135.8656,108.69248,190.21184,119.208448,715.66,Engineering planning estimate,Bottom-up activity-based estimate by work package
D-3.6.f,"Containment Sprays, Filtration & Iodine Chemistry",Demonstrator,shared_program,demonstrator_engineering,risk_pra,analysis_model,2027-04-01,2027-12-31,0.089197,0.25,420.0,252.103,18.226074,63.02583,47.8953,42.5736,0.0,0.0,0.0,0.0,5.3217,10.6434,25.418975,18.226074,194.878805,0.0,194.878805,155.903044,272.830326,176.65273,969.23,Engineering planning estimate,Bottom-up activity-based estimate by work package
D-3.6.g,Containment Isolation Valves (CIV) & Isolation Logic,Demonstrator,shared_program,demonstrator_engineering,thermal_hydraulics,design_engineering,2027-04-01,2027-09-30,0.057593,0.25,420.0,252.104,11.768281,63.025889,42.49476,19.3158,0.0,0.0,0.0,0.0,6.181056,9.271584,21.043363,11.768281,161.332452,0.0,161.332452,129.065962,225.865433,149.564171,1270.91,Engineering planning estimate,Bottom-up activity-based estimate by work package
D-3.6.h,Appendix J Leakage Testing Program (Type A/B/C),Demonstrator,shared_program,demonstrator_engineering,safety_analysis,test_experiment,2028-10-01,2029-12-31,0.149863,0.25,420.0,248.819,30.443729,62.204847,35.1,5.85,35.1,35.1,0.0,0.0,5.85,0.0,26.880727,30.443729,206.085574,0.0,206.085574,164.868459,288.519804,175.641845,576.94,Engineering planning estimate,Bottom-up activity-based estimate by work package
D-3.6.i,Post-Accident Monitoring (PAM) per RG 1.97,Demonstrator,shared_program,demonstrator_engineering,safety_analysis,analysis_model,2027-04-01,2028-03-31,0.072623,0.25,420.0,260.0,15.367026,65.0,34.164,30.368,0.0,0.0,0.0,0.0,3.796,7.592,21.138,15.367026,162.058,0.0,162.058,129.6464,226.8812,146.690974,954.58,Engineering planning estimate,Bottom-up activity-based estimate by work package
D-3.6.j,Radiological Consequences & Control Room Habitability Interfaces,Demonstrator,shared_program,demonstrator_engineering,safety_analysis,design_engineering,2027-04-01,2028-03-31,0.064484,0.312,524.2,260.0,13.644814,81.12,110.0,50.0,0.0,0.0,0.0,0.0,16.0,24.0,42.168,13.644814,323.288,0.0,323.288,258.6304,452.6032,309.643186,2269.31,Engineering planning estimate,Bottom-up activity-based estimate by work package
D-3.6.k,"Interface to EQ, Structural & Setpoint Programs",Demonstrator,shared_program,demonstrator_engineering,instrumentation_controls,design_engineering,2027-04-01,2028-03-31,0.06698,0.25,420.0,260.0,14.172968,65.0,28.105,12.775,0.0,0.0,0.0,0.0,4.088,6.132,17.415,14.172968,133.515,0.0,133.515,106.812,186.921,119.342032,842.04,Engineering planning estimate,Bottom-up activity-based estimate by work package
D-3.6.l,"FSAR Chapter 6 Authoring, QA Reviews & Records",Demonstrator,shared_program,demonstrator_engineering,licensing_authorization,design_engineering,2027-04-01,2028-03-31,0.08567,0.25,420.0,260.0,18.127772,65.0,25.8566,11.753,0.0,0.0,0.0,0.0,3.76096,5.64144,16.8018,18.127772,128.8138,0.0,128.8138,103.05104,180.33932,110.686028,610.59,Engineering planning estimate,Bottom-up activity-based estimate by work package
D-3.7.a,Safety I&C Functional Requirements & Architecture (IEEE 603),Demonstrator,shared_program,demonstrator_engineering,instrumentation_controls,design_engineering,2027-01-01,2027-06-30,0.020154,0.5,840.0,247.277,4.107322,123.638732,110.0,50.0,0.0,0.0,0.0,0.0,16.0,24.0,48.54581,4.107322,372.184542,0.0,372.184542,297.747633,521.058359,368.07722,8961.49,Engineering planning estimate,Bottom-up activity-based estimate by work package
D-3.7.b,Independence & Isolation Analysis (IEEE 384),Demonstrator,shared_program,demonstrator_engineering,instrumentation_controls,analysis_model,2027-04-01,2027-09-30,0.053594,0.25,420.0,245.468,10.623972,61.367014,33.525,29.8,0.0,0.0,0.0,0.0,3.725,7.45,20.380052,10.623972,156.247066,0.0,156.247066,124.997653,218.745893,145.623094,1370.7,Engineering planning estimate,Bottom-up activity-based estimate by work package
D-3.7.c,Single Failure Criterion Demonstration (IEEE 379),Demonstrator,shared_program,demonstrator_engineering,instrumentation_controls,analysis_model,2027-04-01,2027-09-30,0.032431,0.25,420.0,245.703,6.435837,61.425835,33.525,29.8,0.0,0.0,0.0,0.0,3.725,7.45,20.388875,6.435837,156.31471,0.0,156.31471,125.051768,218.840594,149.878873,2328.82,Engineering planning estimate,Bottom-up activity-based estimate by work package
D-3.7.d,Setpoint Methodology & Uncertainty (RG 1.105),Demonstrator,shared_program,demonstrator_engineering,instrumentation_controls,analysis_model,2027-04-01,2027-12-31,0.035179,0.312,524.2,245.703,6.981149,76.65924,33.525,29.8,0.0,0.0,0.0,0.0,3.725,7.45,22.673886,6.981149,173.833126,0.0,173.833126,139.066501,243.366376,166.851977,2390.04,Engineering planning estimate,Bottom-up activity-based estimate by work package
D-3.7.e,"Software Lifecycle, V&V & Configuration Management (IEEE 7-4.3.2)",Demonstrator,shared_program,demonstrator_engineering,quality_configuration,design_engineering,2027-01-01,2028-03-31,0.085429,0.438,735.8,245.599,16.94496,107.572506,110.0,50.0,0.0,0.0,0.0,0.0,16.0,24.0,46.135876,16.94496,353.708382,0.0,353.708382,282.966706,495.191735,336.763422,1987.4,Engineering planning estimate,Bottom-up activity-based estimate by work package
D-3.7.f,Diversity & Defense-in-Depth (D3) Assessment (BTP 7-19),Demonstrator,shared_program,demonstrator_engineering,safety_analysis,analysis_model,2027-04-01,2027-12-31,0.040405,0.312,524.2,245.704,8.018283,76.659686,34.866,30.992,0.0,0.0,0.0,0.0,3.874,7.748,23.120953,8.018283,177.260639,0.0,177.260639,141.808511,248.164894,169.242356,2110.71,Engineering planning estimate,Bottom-up activity-based estimate by work package
D-3.7.g,EMI/RFI Control Program & Testing (RG 1.180),Demonstrator,shared_program,demonstrator_engineering,instrumentation_controls,test_experiment,2028-10-01,2029-09-30,0.161363,0.25,420.0,238.65,31.261688,59.662438,34.0875,5.68125,34.0875,34.0875,0.0,0.0,5.68125,0.0,25.993116,31.261688,199.280554,0.0,199.280554,159.424443,278.992775,168.018866,537.46,Engineering planning estimate,Bottom-up activity-based estimate by work package
D-3.7.h,Environmental & Seismic Qualification (IEEE 323/344),Demonstrator,shared_program,demonstrator_engineering,civil_structural,design_engineering,2027-07-01,2027-12-31,0.069288,0.25,420.0,245.492,13.736506,61.372911,60.0,10.0,60.0,60.0,0.0,0.0,10.0,0.0,39.205937,13.736506,300.578848,0.0,300.578848,240.463078,420.810387,286.842342,2088.18,Engineering planning estimate,Bottom-up activity-based estimate by work package
D-3.7.i,"Communications, Networks & Data Integrity",Demonstrator,shared_program,demonstrator_engineering,instrumentation_controls,design_engineering,2027-07-01,2027-12-31,0.03234,0.25,420.0,245.703,6.417759,61.425673,28.6825,13.0375,0.0,0.0,0.0,0.0,4.172,6.258,17.036351,6.417759,130.612024,0.0,130.612024,104.489619,182.856834,124.194265,1935.17,Engineering planning estimate,Bottom-up activity-based estimate by work package
D-3.7.j,Cybersecurity Program (10 CFR 73.54; RG 5.71; NEI 08-09),Demonstrator,shared_program,demonstrator_engineering,instrumentation_controls,operations_program,2028-10-01,2029-12-31,0.131279,0.312,524.2,245.468,26.023553,76.586126,16.875,7.5,0.0,0.0,0.0,0.0,3.75,9.375,17.112919,26.023553,131.199045,0.0,131.199045,104.959236,183.678663,105.175492,404.16,Engineering planning estimate,Bottom-up activity-based estimate by work package
D-3.7.k,"Logic Design, Test, and V&V (Platform-Specific)",Demonstrator,shared_program,demonstrator_engineering,instrumentation_controls,design_engineering,2027-07-01,2028-03-31,0.073718,0.25,420.0,238.652,14.281822,59.662955,15.645,2.6075,15.645,15.645,0.0,0.0,2.6075,0.0,16.771943,14.281822,128.584898,0.0,128.584898,102.867919,180.018858,114.303076,800.34,Engineering planning estimate,Bottom-up activity-based estimate by work package
D-3.7.l,HSI/HFE & PAM Interfaces (NUREG-0711 / RG 1.97),Demonstrator,shared_program,demonstrator_engineering,human_factors,operations_program,2028-10-01,2029-12-31,0.072932,0.25,420.0,245.703,14.473118,61.425746,13.41,5.96,0.0,0.0,0.0,0.0,2.98,7.45,13.683862,14.473118,104.909608,0.0,104.909608,83.927686,146.873451,90.43649,624.86,Engineering planning estimate,Bottom-up activity-based estimate by work package
D-3.7.m,"FSAR Chapter 7 Drafting, Reviews & Records",Demonstrator,shared_program,demonstrator_engineering,quality_configuration,management_control,2026-10-01,2030-03-31,0.082217,0.25,420.0,260.0,17.397117,65.0,8.046,3.576,0.0,0.0,0.0,0.0,1.788,4.47,12.432,17.397117,95.312,0.0,95.312,76.2496,133.4368,77.914883,447.86,Engineering planning estimate,Bottom-up activity-based estimate by work package
D-3.8.a,Offsite Power & Grid Interconnection (GDC 17),Demonstrator,shared_program,demonstrator_engineering,site_environmental,design_engineering,2027-04-01,2027-09-30,0.031044,0.25,420.0,228.438,5.762088,57.109506,28.6825,13.0375,0.0,0.0,0.0,0.0,4.172,6.258,16.388926,5.762088,125.648432,0.0,125.648432,100.518746,175.907805,119.886344,2080.61,Engineering planning estimate,Bottom-up activity-based estimate by work package
D-3.8.b,Onsite AC Power - Class 1E Medium/Low Voltage Distribution,Demonstrator,shared_program,demonstrator_engineering,site_environmental,design_engineering,2027-04-01,2027-09-30,0.034313,0.25,420.0,228.444,6.369008,57.11108,28.49,12.95,0.0,0.0,0.0,0.0,4.144,6.216,16.336662,6.369008,125.247742,0.0,125.247742,100.198194,175.346839,118.878734,1866.52,Engineering planning estimate,Bottom-up activity-based estimate by work package
D-3.8.c,"Onsite DC/UPS - Batteries, Chargers, and Inverters",Demonstrator,shared_program,demonstrator_engineering,site_environmental,design_engineering,2027-07-01,2027-12-31,0.037816,0.25,420.0,228.432,7.018864,57.107904,28.6825,13.0375,0.0,0.0,0.0,0.0,4.172,6.258,16.388686,7.018864,125.64659,0.0,125.64659,100.517272,175.905225,118.627726,1690.13,Engineering planning estimate,Bottom-up activity-based estimate by work package
D-3.8.d,Standby/Emergency Power (EDG/AAC/ALT) & Qualification,Demonstrator,shared_program,demonstrator_engineering,electrical,design_engineering,2027-07-01,2027-12-31,0.062884,0.25,420.0,226.086,11.563075,56.521552,14.3934,2.3989,14.3934,14.3934,0.0,0.0,2.3989,0.0,15.674933,11.563075,120.174485,0.0,120.174485,96.139588,168.244279,108.61141,939.3,Engineering planning estimate,Bottom-up activity-based estimate by work package
D-3.8.e,SBO Coping Analysis (10 CFR 50.63),Demonstrator,shared_program,demonstrator_engineering,electrical,analysis_model,2027-04-01,2027-12-31,0.074131,0.25,420.0,226.084,13.631075,56.521125,26.82,23.84,0.0,0.0,0.0,0.0,2.98,5.96,17.418169,13.631075,133.539294,0.0,133.539294,106.831435,186.955011,119.908219,879.67,Engineering planning estimate,Bottom-up activity-based estimate by work package
D-3.8.f,"Cable Routing, Separation, & Fire/Environmental Qualification",Demonstrator,shared_program,demonstrator_engineering,electrical,design_engineering,2027-07-01,2028-03-31,0.068526,0.25,420.0,226.082,12.60033,56.520591,14.49,2.415,14.49,14.49,0.0,0.0,2.415,0.0,15.723089,12.60033,120.54368,0.0,120.54368,96.434944,168.761152,107.94335,856.67,Engineering planning estimate,Bottom-up activity-based estimate by work package
D-3.8.g,"Protection & Coordination, Arc-Flash, and Grounding",Demonstrator,shared_program,demonstrator_engineering,electrical,design_engineering,2027-07-01,2027-12-31,0.034313,0.25,420.0,228.444,6.369008,57.11108,22.946,10.43,0.0,0.0,0.0,0.0,3.3376,5.0064,14.824662,6.369008,113.655742,0.0,113.655742,90.924594,159.118039,107.286734,1684.51,Engineering planning estimate,Bottom-up activity-based estimate by work package
D-3.8.h,"Independence, Separation Audits & Class 1E Qualification",Demonstrator,shared_program,demonstrator_engineering,quality_configuration,design_engineering,2027-04-01,2028-03-31,0.034383,0.25,420.0,211.948,5.92325,52.986905,14.3934,2.3989,14.3934,14.3934,0.0,0.0,2.3989,0.0,15.144736,5.92325,116.109641,0.0,116.109641,92.887713,162.553497,110.186391,1860.24,Engineering planning estimate,Bottom-up activity-based estimate by work package
D-3.8.i,"Documentation: SLDs, Load Lists, Settings, and FSAR Ch.8",Demonstrator,shared_program,demonstrator_engineering,licensing_authorization,design_engineering,2027-10-01,2028-03-31,0.026333,0.25,420.0,260.0,5.572063,65.0,26.565,12.075,0.0,0.0,0.0,0.0,3.864,5.796,16.995,5.572063,130.295,0.0,130.295,104.236,182.413,124.722937,2238.36,Engineering planning estimate,Bottom-up activity-based estimate by work package
D-3.9.a,HVAC & Air Cleaning (SRP 9.4; RG 1.52/ASME AG-1),Demonstrator,shared_program,demonstrator_engineering,licensing_authorization,design_engineering,2027-04-01,2027-09-30,0.03277,0.25,420.0,230.821,6.205161,57.705142,26.565,12.075,0.0,0.0,0.0,0.0,3.864,5.796,15.900771,6.205161,121.905913,0.0,121.905913,97.524731,170.668279,115.700752,1864.59,Engineering planning estimate,Bottom-up activity-based estimate by work package
D-3.9.b,Cooling Water Systems (SRP 9.2) - CCW/ECW/SW/UCWS,Demonstrator,shared_program,demonstrator_engineering,licensing_authorization,design_engineering,2027-04-01,2027-12-31,0.036121,0.25,420.0,230.827,6.839906,57.70677,26.565,12.075,0.0,0.0,0.0,0.0,3.864,5.796,15.901015,6.839906,121.907785,0.0,121.907785,97.526228,170.6709,115.067879,1682.3,Engineering planning estimate,Bottom-up activity-based estimate by work package
D-3.9.c,Compressed Air Systems (SRP 9.3.1/9.3.2) - Instrument & Service Air,Demonstrator,shared_program,demonstrator_engineering,licensing_authorization,design_engineering,2027-07-01,2027-12-31,0.039321,0.25,420.0,230.825,7.445781,57.706219,26.3879,11.9945,0.0,0.0,0.0,0.0,3.83824,5.75736,15.852633,7.445781,121.536852,0.0,121.536852,97.229481,170.151593,114.091071,1532.29,Engineering planning estimate,Bottom-up activity-based estimate by work package
D-3.9.d,Fuel Oil Storage & Transfer (SRP 9.5.4 interface to EDGs),Demonstrator,shared_program,demonstrator_engineering,licensing_authorization,design_engineering,2027-04-01,2028-03-31,0.088432,0.25,420.0,230.825,16.745417,57.706317,26.3879,11.9945,0.0,0.0,0.0,0.0,3.83824,5.75736,15.852648,16.745417,121.536965,0.0,121.536965,97.229572,170.15175,104.791548,625.79,Engineering planning estimate,Bottom-up activity-based estimate by work package
D-3.9.e,Cranes & Heavy Load Handling (SRP 9.1.5; NUREG-0612; ASME NOG-1/BTH-1),Demonstrator,shared_program,demonstrator_engineering,licensing_authorization,design_engineering,2027-07-01,2027-12-31,0.045787,0.25,420.0,230.82,8.669988,57.705107,26.3879,11.9945,0.0,0.0,0.0,0.0,3.83824,5.75736,15.852466,8.669988,121.535573,0.0,121.535573,97.228458,170.149802,112.865585,1301.8,Engineering planning estimate,Bottom-up activity-based estimate by work package
D-3.9.f,Liquid & Gaseous Radwaste (SRP 11 interface; RG 1.143; 10 CFR 20/50.34a/61/71),Demonstrator,shared_program,demonstrator_engineering,systems_engineering,design_engineering,2027-04-01,2028-03-31,0.095009,0.25,420.0,230.822,17.990563,57.705546,23.1,10.5,0.0,0.0,0.0,0.0,3.36,5.04,14.955832,17.990563,114.661378,0.0,114.661378,91.729102,160.525929,96.670815,537.34,Engineering planning estimate,Bottom-up activity-based estimate by work package
D-3.9.g,Cask Handling & Fuel Pool Support Systems (cross-links Ch.9.1/Ch.3/Ch.15),Demonstrator,shared_program,demonstrator_engineering,materials,design_engineering,2027-07-01,2027-12-31,0.032674,0.25,420.0,230.827,6.187184,57.706816,34.419,15.645,0.0,0.0,0.0,0.0,5.0064,7.5096,18.043022,6.187184,138.329838,0.0,138.329838,110.663871,193.661774,132.142654,2135.75,Engineering planning estimate,Bottom-up activity-based estimate by work package
D-3.9.h,"Failure Effects, Interlocks, and Technical Specification Interfaces",Demonstrator,shared_program,demonstrator_engineering,systems_engineering,design_engineering,2027-04-01,2028-03-31,0.085121,0.25,420.0,230.827,16.118621,57.706867,22.946,10.43,0.0,0.0,0.0,0.0,3.3376,5.0064,14.91403,16.118621,114.340897,0.0,114.340897,91.472718,160.077256,98.222276,609.37,Engineering planning estimate,Bottom-up activity-based estimate by work package
D-3.9.i,"P&IDs, SDDs, Calculations & Records (Configuration Control)",Demonstrator,shared_program,demonstrator_engineering,quality_configuration,analysis_model,2027-04-01,2028-06-30,0.100912,0.25,420.0,230.102,19.041498,57.525567,27.0,24.0,0.0,0.0,0.0,0.0,3.0,6.0,17.628835,19.041498,135.154402,0.0,135.154402,108.123522,189.216163,116.112904,609.79,Engineering planning estimate,Bottom-up activity-based estimate by work package
D-4.a,"Threat, DBT & Target Set Definition",Demonstrator,shared_program,demonstrator_engineering,instrumentation_controls,design_engineering,2027-04-01,2027-09-30,0.017241,0.25,420.0,246.977,3.441623,61.744171,28.6825,13.0375,0.0,0.0,0.0,0.0,4.172,6.258,17.084126,3.441623,130.978297,0.0,130.978297,104.782637,183.369615,127.536674,3705.71,Engineering planning estimate,Bottom-up activity-based estimate by work package
D-4.b,Vital Area Analysis & Physical Security Design,Demonstrator,shared_program,demonstrator_engineering,instrumentation_controls,design_engineering,2027-07-01,2027-12-31,0.033948,0.312,524.2,247.544,6.794361,77.233648,137.5,62.5,0.0,0.0,0.0,0.0,20.0,30.0,49.085047,6.794361,376.318695,0.0,376.318695,301.054956,526.846173,369.524334,5438.69,Engineering planning estimate,Bottom-up activity-based estimate by work package
D-4.c,Access Authorization (73.56) & FFD (Part 26) Interfaces,Demonstrator,shared_program,demonstrator_engineering,instrumentation_controls,design_engineering,2027-04-01,2028-03-31,0.053598,0.25,420.0,246.979,10.699255,61.744678,28.6825,13.0375,0.0,0.0,0.0,0.0,4.172,6.258,17.084202,10.699255,130.97888,0.0,130.97888,104.783104,183.370432,120.279625,1124.19,Engineering planning estimate,Bottom-up activity-based estimate by work package
D-4.d,Cybersecurity Program Architecture (73.54; RG 5.71),Demonstrator,shared_program,demonstrator_engineering,instrumentation_controls,operations_program,2028-10-01,2029-12-31,0.081988,0.312,524.2,247.544,16.40912,77.233738,16.875,7.5,0.0,0.0,0.0,0.0,3.75,9.375,17.210061,16.40912,131.943799,0.0,131.943799,105.555039,184.721318,115.534679,704.09,Engineering planning estimate,Bottom-up activity-based estimate by work package
D-4.e,Critical Digital Asset (CDA) Identification & Risk Assessment,Demonstrator,shared_program,demonstrator_engineering,instrumentation_controls,analysis_model,2027-07-01,2027-12-31,0.042371,0.312,524.2,247.544,8.480141,77.233641,33.525,29.8,0.0,0.0,0.0,0.0,3.725,7.45,22.760046,8.480141,174.493687,0.0,174.493687,139.59495,244.291162,166.013546,1957.67,Engineering planning estimate,Bottom-up activity-based estimate by work package
D-4.f,Defensive Controls Implementation & Hardening,Demonstrator,shared_program,demonstrator_engineering,instrumentation_controls,design_engineering,2027-07-01,2028-03-31,0.030694,0.25,420.0,246.977,6.127113,61.744356,28.6825,13.0375,0.0,0.0,0.0,0.0,4.172,6.258,17.084153,6.127113,130.978509,0.0,130.978509,104.782808,183.369913,124.851396,2037.69,Engineering planning estimate,Bottom-up activity-based estimate by work package
D-4.g,"Security & Cyber Procedures, Training, and Qualification",Demonstrator,shared_program,demonstrator_engineering,instrumentation_controls,licensing_product,2029-07-01,2030-03-31,0.049459,0.25,420.0,224.752,9.124891,56.187954,38.55375,7.71075,0.0,0.0,0.0,15.4215,6.1686,9.2529,19.994318,9.124891,153.289772,0.0,153.289772,122.631818,214.605681,144.164881,1579.91,Engineering planning estimate,Bottom-up activity-based estimate by work package
D-4.h,"Drills, Force-on-Force (FOF), and Tabletop Exercises",Demonstrator,shared_program,demonstrator_engineering,instrumentation_controls,design_engineering,2027-10-01,2028-03-31,0.021017,0.25,420.0,246.977,4.195398,61.744362,28.6825,13.0375,0.0,0.0,0.0,0.0,4.172,6.258,17.084154,4.195398,130.978516,0.0,130.978516,104.782813,183.369923,126.783118,3021.96,Engineering planning estimate,Bottom-up activity-based estimate by work package
D-4.i,"Monitoring, Incident Response & Forensics",Demonstrator,shared_program,demonstrator_engineering,instrumentation_controls,design_engineering,2027-07-01,2028-06-30,0.057886,0.25,420.0,247.2,11.566999,61.799939,28.6825,13.0375,0.0,0.0,0.0,0.0,4.172,6.258,17.092491,11.566999,131.04243,0.0,131.04243,104.833944,183.459402,119.475431,1032.9,Engineering planning estimate,Bottom-up activity-based estimate by work package
D-4.j,Configuration & Change Control (Security/Cyber),Demonstrator,shared_program,demonstrator_engineering,instrumentation_controls,design_engineering,2027-07-01,2028-06-30,0.082114,0.25,420.0,247.544,16.434324,61.88596,28.6825,13.0375,0.0,0.0,0.0,0.0,4.172,6.258,17.105394,16.434324,131.141354,0.0,131.141354,104.913083,183.597896,114.70703,697.97,Engineering planning estimate,Bottom-up activity-based estimate by work package
D-4.k,"Program Assessments, Audits & NRC Interface",Demonstrator,shared_program,demonstrator_engineering,quality_configuration,analysis_model,2027-07-01,2028-09-30,0.024469,0.25,420.0,210.233,4.180595,52.558186,26.82,23.84,0.0,0.0,0.0,0.0,2.98,5.96,16.823728,4.180595,128.981914,0.0,128.981914,103.185531,180.574679,124.801319,2985.25,Engineering planning estimate,Bottom-up activity-based estimate by work package
D-4.l,Documentation & FSAR/CSP/PSP Interfaces,Demonstrator,shared_program,demonstrator_engineering,licensing_authorization,design_engineering,2027-07-01,2028-03-31,0.076494,0.25,420.0,260.0,16.18613,65.0,26.3879,11.9945,0.0,0.0,0.0,0.0,3.83824,5.75736,16.9467,16.18613,129.9247,0.0,129.9247,103.93976,181.89458,113.73857,702.69,Engineering planning estimate,Bottom-up activity-based estimate by work package
D-5.a,EP Path Selection & Regulatory Strategy,Demonstrator,shared_program,demonstrator_engineering,project_controls,management_control,2027-04-01,2027-09-30,0.016212,0.226,379.7,260.0,3.43046,58.76,8.046,3.576,0.0,0.0,0.0,0.0,1.788,4.47,11.496,3.43046,88.136,0.0,88.136,70.5088,123.3904,84.70554,2469.22,Engineering planning estimate,Bottom-up activity-based estimate by work package
D-5.b,Hazard & Consequence Analysis for EP Basis,Demonstrator,shared_program,demonstrator_engineering,safety_analysis,analysis_model,2027-04-01,2027-09-30,0.059277,0.25,420.0,211.646,10.428936,52.911458,34.866,30.992,0.0,0.0,0.0,0.0,3.874,7.748,19.558719,10.428936,149.950177,0.0,149.950177,119.960141,209.930247,139.521241,1337.83,Engineering planning estimate,Bottom-up activity-based estimate by work package
D-5.c,Emergency Action Levels (EALs) & Technical Bases (NEI 99-01),Demonstrator,shared_program,demonstrator_engineering,project_controls,management_control,2027-07-01,2028-03-31,0.038531,0.24,403.2,212.481,6.801169,50.995344,8.046,3.576,0.0,0.0,0.0,0.0,1.788,4.47,10.331302,6.801169,79.206646,0.0,79.206646,63.365316,110.889304,72.405477,1064.6,Engineering planning estimate,Bottom-up activity-based estimate by work package
D-5.d,Emergency Response Facilities & Communications,Demonstrator,shared_program,demonstrator_engineering,operations_maintenance,design_engineering,2027-07-01,2028-03-31,0.041565,0.25,420.0,212.481,7.336715,53.120233,22.946,10.43,0.0,0.0,0.0,0.0,3.3376,5.0064,14.226035,7.336715,109.066268,0.0,109.066268,87.253014,152.692775,101.729553,1386.58,Engineering planning estimate,Bottom-up activity-based estimate by work package
D-5.e,Dose Assessment Capability & Procedures,Demonstrator,shared_program,demonstrator_engineering,operations_maintenance,analysis_model,2027-07-01,2027-12-31,0.044398,0.25,420.0,212.487,7.836961,53.121762,27.0,24.0,0.0,0.0,0.0,0.0,3.0,6.0,16.968264,7.836961,130.090026,0.0,130.090026,104.072021,182.126037,122.253065,1559.96,Engineering planning estimate,Bottom-up activity-based estimate by work package
D-5.f,Public Alert & Notification System (ANS) / IPAWS,Demonstrator,shared_program,demonstrator_engineering,project_controls,management_control,2027-07-01,2028-03-31,0.047536,0.24,403.2,212.486,8.390823,50.996567,8.046,3.576,0.0,0.0,0.0,0.0,1.788,4.47,10.331485,8.390823,79.208052,0.0,79.208052,63.366442,110.891273,70.817229,843.98,Engineering planning estimate,Bottom-up activity-based estimate by work package
D-5.g,Evacuation Time Estimate (ETE) & Traffic Modeling,Demonstrator,shared_program,demonstrator_engineering,operations_maintenance,analysis_model,2027-07-01,2027-12-31,0.059277,0.25,420.0,211.646,10.428936,52.911458,26.82,23.84,0.0,0.0,0.0,0.0,2.98,5.96,16.876719,10.428936,129.388177,0.0,129.388177,103.510541,181.143447,118.959241,1140.67,Engineering planning estimate,Bottom-up activity-based estimate by work package
D-5.h,Field Monitoring Teams & Laboratory Interfaces,Demonstrator,shared_program,demonstrator_engineering,project_controls,management_control,2027-07-01,2028-06-30,0.094241,0.248,416.6,212.113,16.610706,52.603942,5.364,0.894,5.364,5.364,0.0,0.0,0.894,0.0,10.572591,16.610706,81.056533,0.0,81.056533,64.845227,113.479147,64.445827,387.98,Engineering planning estimate,Bottom-up activity-based estimate by work package
D-5.i,"Staffing, Augmentation & Training (NIMS/ICS)",Demonstrator,shared_program,demonstrator_engineering,licensing_authorization,licensing_product,2029-07-01,2030-03-31,0.038656,0.25,420.0,212.479,6.823198,53.119826,30.843,6.1686,0.0,0.0,0.0,12.3372,4.93488,7.40232,17.220874,6.823198,132.0267,0.0,132.0267,105.62136,184.83738,125.203502,1834.97,Engineering planning estimate,Bottom-up activity-based estimate by work package
D-5.j,"Drills, Exercises & Corrective Action",Demonstrator,shared_program,demonstrator_engineering,quality_configuration,management_control,2028-01-01,2029-12-31,0.035624,0.25,420.0,212.483,6.288099,53.120649,8.046,3.576,0.0,0.0,0.0,0.0,1.788,4.47,10.650097,6.288099,81.650746,0.0,81.650746,65.320597,114.311045,75.362647,1198.5,Engineering planning estimate,Bottom-up activity-based estimate by work package
D-5.k,MOUs/MOAs & Offsite Interfaces,Demonstrator,shared_program,demonstrator_engineering,site_environmental,design_engineering,2027-07-01,2028-03-31,0.089222,0.25,420.0,212.482,15.748826,53.120587,28.2975,12.8625,0.0,0.0,0.0,0.0,4.116,6.174,15.685588,15.748826,120.256175,0.0,120.256175,96.20494,168.358645,104.507349,663.59,Engineering planning estimate,Bottom-up activity-based estimate by work package
D-5.l,Change Control & Configuration Management (50.54(q)),Demonstrator,shared_program,demonstrator_engineering,quality_configuration,management_control,2027-10-01,2031-12-31,0.101263,0.25,420.0,212.113,17.848391,53.028179,7.992,3.552,0.0,0.0,0.0,0.0,1.776,4.44,10.618227,17.848391,81.406406,0.0,81.406406,65.125125,113.968968,63.558015,356.1,Engineering planning estimate,Bottom-up activity-based estimate by work package
D-7.a,Technical Specifications (TS) Implementation & Surveillance Initialization,Demonstrator,shared_program,demonstrator_engineering,operations_maintenance,design_engineering,2029-04-01,2029-12-31,0.041599,0.312,524.2,212.482,7.342755,66.294469,28.6825,13.0375,0.0,0.0,0.0,0.0,4.172,6.258,17.76667,7.342755,136.211139,0.0,136.211139,108.968911,190.695595,128.868384,1755.04,Engineering planning estimate,Bottom-up activity-based estimate by work package
D-7.b,Radiation Protection (RP) Program,Demonstrator,shared_program,demonstrator_engineering,operations_maintenance,operations_program,2028-10-01,2029-12-31,0.107038,0.25,420.0,212.486,18.893879,53.121602,13.41,5.96,0.0,0.0,0.0,0.0,2.98,7.45,12.43824,18.893879,95.359842,0.0,95.359842,76.287874,133.503779,76.465963,404.71,Engineering planning estimate,Bottom-up activity-based estimate by work package
D-7.c,Fire Protection Program (Appendix R or NFPA 805),Demonstrator,shared_program,demonstrator_engineering,operations_maintenance,operations_program,2028-10-01,2029-12-31,0.109734,0.25,420.0,212.486,19.369708,53.121412,13.41,5.96,0.0,0.0,0.0,0.0,2.98,7.45,12.438212,19.369708,95.359624,0.0,95.359624,76.287699,133.503473,75.989916,392.31,Engineering planning estimate,Bottom-up activity-based estimate by work package
D-7.d,Inservice Inspection (ISI) - ASME Section XI,Demonstrator,shared_program,demonstrator_engineering,operations_maintenance,operations_program,2029-04-01,2029-12-31,0.053478,0.25,420.0,212.485,9.439655,53.121284,13.41,5.96,0.0,0.0,0.0,0.0,2.98,7.45,12.438193,9.439655,95.359477,0.0,95.359477,76.287581,133.503267,85.919822,910.2,Engineering planning estimate,Bottom-up activity-based estimate by work package
D-7.e,Inservice Testing (IST) - ASME OM,Demonstrator,shared_program,demonstrator_engineering,operations_maintenance,test_experiment,2029-04-01,2029-12-31,0.130049,0.25,420.0,214.021,23.08366,53.505342,22.725,4.545,18.18,36.36,0.0,0.0,7.272,1.818,21.660801,23.08366,166.066143,0.0,166.066143,132.852915,232.492601,142.982483,619.41,Engineering planning estimate,Bottom-up activity-based estimate by work package
D-7.f,Maintenance Rule (10 CFR 50.65) - (a)(1)/(a)(2) Program,Demonstrator,shared_program,demonstrator_engineering,operations_maintenance,operations_program,2029-01-01,2030-12-31,0.121809,0.25,420.0,212.482,21.500855,53.120603,13.41,5.96,0.0,0.0,0.0,0.0,2.98,7.45,12.43809,21.500855,95.358693,0.0,95.358693,76.286955,133.502171,73.857838,343.51,Engineering planning estimate,Bottom-up activity-based estimate by work package
D-7.g,Fitness-for-Duty (FFD) - 10 CFR 26,Demonstrator,shared_program,demonstrator_engineering,operations_maintenance,operations_program,2029-07-01,2030-06-30,0.041648,0.25,420.0,212.479,7.35132,53.119838,13.32,5.92,0.0,0.0,0.0,0.0,2.96,7.4,12.407976,7.35132,95.127814,0.0,95.127814,76.102251,133.178939,87.776494,1194.02,Engineering planning estimate,Bottom-up activity-based estimate by work package
D-7.h,Training & SAT (Operations and Support),Demonstrator,shared_program,demonstrator_engineering,licensing_authorization,licensing_product,2029-04-01,2030-03-31,0.047345,0.25,420.0,212.483,8.357008,53.120657,30.843,6.1686,0.0,0.0,0.0,12.3372,4.93488,7.40232,17.220999,8.357008,132.027656,0.0,132.027656,105.622124,184.838718,123.670648,1479.84,Engineering planning estimate,Bottom-up activity-based estimate by work package
D-7.i,"Chemistry, Effluents (ODCM/REMP) & Environmental Monitoring",Demonstrator,shared_program,demonstrator_engineering,site_environmental,operations_program,2029-04-01,2030-12-31,0.129083,0.25,420.0,212.115,22.752078,53.02873,16.7625,7.45,0.0,0.0,0.0,0.0,3.725,9.3125,13.541809,22.752078,103.820539,0.0,103.820539,83.056432,145.348755,81.068461,356.31,Engineering planning estimate,Bottom-up activity-based estimate by work package
D-7.j,Operability Determinations (OD/F) & Corrective Action Program (CAP),Demonstrator,shared_program,demonstrator_engineering,quality_configuration,operations_program,2029-04-01,2030-09-30,0.11576,0.25,420.0,212.483,20.433168,53.120724,13.41,5.96,0.0,0.0,0.0,0.0,2.98,7.45,12.438109,20.433168,95.358833,0.0,95.358833,76.287066,133.502366,74.925665,366.69,Engineering planning estimate,Bottom-up activity-based estimate by work package
D-7.k,"Program Performance Indicators, Audits & Readiness",Demonstrator,shared_program,demonstrator_engineering,quality_configuration,test_experiment,2029-04-01,2030-09-30,0.031802,0.25,420.0,210.29,5.434955,52.572401,22.725,4.545,18.18,36.36,0.0,0.0,7.272,1.818,21.52086,5.434955,164.993261,0.0,164.993261,131.994609,230.990566,159.558306,2935.78,Engineering planning estimate,Bottom-up activity-based estimate by work package
D-DEMO-01,Host Site Modifications and Utility Interfaces,Demonstrator,shared_program,demonstrator_engineering,site_environmental,design_engineering,2028-01-01,2028-11-30,0.67775,0.813,1365.8,235.015,128.80283,191.06714,0.0,0.0,3200.0,600.0,0.0,0.0,0.0,200.0,0.0,4128.80283,4191.06714,0.0,4191.06714,3771.960426,5238.833925,62.26431,1.51,Controlled direct-package allowance,Bottom-up activity-based estimate by work package
D-DEMO-02,"Reactor Core, Vessel and Internal Hardware",Demonstrator,shared_program,demonstrator_engineering,materials,design_engineering,2027-07-01,2028-09-30,0.714189,0.857,1439.8,231.827,134.958461,198.675795,0.0,0.0,5600.0,1050.0,0.0,0.0,0.0,350.0,0.0,7134.958461,7198.675795,0.0,7198.675795,6478.808216,8998.344744,63.717334,0.89,Controlled direct-package allowance,Bottom-up activity-based estimate by work package
D-DEMO-03,"Primary Salt Loop, Pumps and Heat Exchanger",Demonstrator,shared_program,demonstrator_engineering,thermal_hydraulics,design_engineering,2027-07-01,2028-09-30,0.682191,0.819,1375.9,232.509,129.252382,190.424772,0.0,0.0,4000.0,750.0,0.0,0.0,0.0,250.0,0.0,5129.252382,5190.424772,0.0,5190.424772,4671.382295,6488.030965,61.17239,1.19,Controlled direct-package allowance,Bottom-up activity-based estimate by work package
D-DEMO-04,"Fuel Salt Inventory, Processing and Handling Equipment",Demonstrator,shared_program,demonstrator_engineering,materials,design_engineering,2027-10-01,2028-10-31,0.622315,0.747,1255.0,239.989,120.453694,179.27164,0.0,0.0,2400.0,450.0,0.0,0.0,0.0,150.0,0.0,3120.453694,3179.27164,0.0,3179.27164,2861.344476,3974.08955,58.817946,1.88,Controlled direct-package allowance,Bottom-up activity-based estimate by work package
D-DEMO-05,"I&C, Electrical and Data Acquisition",Demonstrator,shared_program,demonstrator_engineering,instrumentation_controls,design_engineering,2027-07-01,2028-10-31,0.577897,0.693,1164.2,236.518,110.708374,163.907085,0.0,0.0,1760.0,330.0,0.0,0.0,0.0,110.0,0.0,2310.708374,2363.907085,0.0,2363.907085,2127.516376,2954.883856,53.198711,2.3,Controlled direct-package allowance,Bottom-up activity-based estimate by work package
D-DEMO-06,"Shielding, Confinement and Radiological Controls",Demonstrator,shared_program,demonstrator_engineering,chemistry,design_engineering,2027-10-01,2028-10-31,0.479468,0.575,966.0,221.436,85.172639,127.325591,0.0,0.0,2000.0,375.0,0.0,0.0,0.0,125.0,0.0,2585.172639,2627.325591,0.0,2627.325591,2364.593032,3284.156989,42.152952,1.63,Controlled direct-package allowance,Bottom-up activity-based estimate by work package
D-DEMO-07,"Fabrication, Assembly and Installation",Demonstrator,shared_program,demonstrator_engineering,construction_installation,construction_installation,2028-01-01,2028-11-30,0.369407,0.443,744.2,231.421,69.00511,102.519284,0.0,0.0,1680.0,315.0,0.0,0.0,0.0,105.0,0.0,2169.00511,2202.519284,0.0,2202.519284,1982.267356,2753.149105,33.514174,1.55,Controlled direct-package allowance,Bottom-up activity-based estimate by work package
D-DEMO-08,"Commissioning, Startup and Acceptance Testing",Demonstrator,shared_program,demonstrator_engineering,test_commissioning,test_experiment,2028-07-01,2028-12-31,0.270094,0.324,544.3,216.334,47.579966,70.092198,0.0,0.0,0.0,1125.0,0.0,0.0,150.0,225.0,0.0,1547.579966,1570.092198,0.0,1570.092198,1413.082978,1962.615248,22.512232,1.45,Controlled direct-package allowance,Bottom-up activity-based estimate by work package
D-DEMO-09,"Spares, Consumables and Decommissioning Set-Aside",Demonstrator,shared_program,demonstrator_engineering,operations_maintenance,management_control,2028-10-01,2028-12-31,0.267811,0.321,539.3,216.855,47.082554,69.610414,0.0,0.0,0.0,525.0,0.0,0.0,70.0,105.0,0.0,747.082554,769.610414,0.0,769.610414,692.649373,962.013017,22.52786,3.02,Controlled direct-package allowance,Bottom-up activity-based estimate by work package
D-DEMO-10,Direct Demonstrator Contingency,Demonstrator,shared_program,demonstrator_engineering,project_controls,management_control,2028-10-01,2028-12-31,0.159637,0.223,374.6,232.11,30.274753,51.760601,0.0,0.0,0.0,0.0,0.0,0.0,0.0,0.0,2000.0,2030.274753,2051.760601,0.0,2051.760601,1846.584541,2564.700751,21.485848,1.06,Controlled direct-package allowance,Bottom-up activity-based estimate by work package
D-EXP-01,Power-reactor evidence matrix and demonstrator experiment program requirements,Demonstrator,shared_program,demonstrator_experiments,systems_engineering,management_control,2026-10-01,2026-12-31,0.647399,0.906,1522.1,244.752,128.947522,221.745074,43.125,7.1875,43.125,43.125,0.0,0.0,7.1875,0.0,73.099015,253.947522,438.594089,0.0,438.594089,328.945567,657.891133,184.646567,72.71,R&D planning estimate,Bottom-up activity-based estimate by work package
D-EXP-02,"Experiment instrumentation, sampling, calibration, DAQ and qualified-data architecture",Demonstrator,shared_program,demonstrator_experiments,instrumentation_controls,design_engineering,2026-10-01,2027-09-30,1.863589,2.609,4383.1,232.848,353.110513,607.500423,51.75,8.625,51.75,51.75,0.0,0.0,8.625,0.0,156.000085,503.110513,936.000508,0.0,936.000508,702.000381,1404.000761,432.889995,86.04,R&D planning estimate,Bottom-up activity-based estimate by work package
D-EXP-03,"Blind pre-test predictions, acceptance envelopes and model/data firewall",Demonstrator,shared_program,demonstrator_experiments,thermal_hydraulics,analysis_model,2027-04-01,2027-09-30,0.494106,0.83,1394.4,248.553,100.28465,206.299337,129.375,17.25,0.0,0.0,0.0,0.0,8.625,17.25,75.759867,250.28465,454.559204,0.0,454.559204,340.919403,681.838807,204.274554,81.62,R&D planning estimate,Bottom-up activity-based estimate by work package
D-EXP-04,"Fuel-salt loading, initial chemistry baseline, material balance and sampling qualification",Demonstrator,shared_program,demonstrator_experiments,chemistry,test_experiment,2029-01-01,2029-02-28,0.391275,1.046,1757.3,223.528,70.9293,233.81048,86.25,14.375,86.25,86.25,0.0,0.0,14.375,0.0,104.262096,320.9293,625.572576,0.0,625.572576,469.179432,938.358864,304.643276,94.93,R&D planning estimate,Bottom-up activity-based estimate by work package
D-EXP-05,Initial criticality and reactor-physics commissioning tests,Demonstrator,shared_program,demonstrator_experiments,neutronics,test_experiment,2029-03-01,2029-04-30,0.394552,1.358,2281.4,232.799,74.853251,316.140694,75.0,15.0,60.0,120.0,0.0,0.0,24.0,6.0,123.228139,274.853251,739.368833,0.0,739.368833,554.526625,1109.053249,464.515582,169.0,R&D planning estimate,Bottom-up activity-based estimate by work package
D-EXP-06,"Low-power physics, kinetics, precursor transport and reactivity-feedback campaign",Demonstrator,shared_program,demonstrator_experiments,neutronics,test_experiment,2029-04-01,2029-06-30,0.779324,1.091,1832.9,233.948,149.015421,255.237266,77.625,12.9375,77.625,77.625,0.0,0.0,12.9375,0.0,102.797453,374.015421,616.784719,0.0,616.784719,462.588539,925.177079,242.769298,64.91,R&D planning estimate,Bottom-up activity-based estimate by work package
D-EXP-07,"Integrated thermal-hydraulics, natural-circulation, loss-of-flow and heat-removal campaign",Demonstrator,shared_program,demonstrator_experiments,thermal_hydraulics,test_experiment,2029-05-01,2029-07-31,1.176825,1.648,2768.6,231.02,222.117389,380.72163,103.5,17.25,103.5,103.5,0.0,0.0,17.25,0.0,145.144326,522.117389,870.865956,0.0,870.865956,653.149467,1306.298934,348.748567,66.8,R&D planning estimate,Bottom-up activity-based estimate by work package
D-EXP-08,"Coupled reactivity, flow, temperature and control-system transient campaign",Demonstrator,shared_program,demonstrator_experiments,safety_analysis,test_experiment,2029-05-01,2029-08-31,1.120673,1.569,2635.9,234.732,214.34976,368.294838,103.5,17.25,103.5,103.5,0.0,0.0,17.25,0.0,142.658968,514.34976,855.953806,0.0,855.953806,641.965354,1283.930708,341.604046,66.41,R&D planning estimate,Bottom-up activity-based estimate by work package
D-EXP-09,"Fuel-salt chemistry, redox, impurity, sampling and fission-product behavior campaign",Demonstrator,shared_program,demonstrator_experiments,chemistry,test_experiment,2029-06-01,2029-09-30,1.450352,2.03,3410.4,226.327,266.460971,459.444703,120.75,20.125,120.75,120.75,0.0,0.0,20.125,0.0,172.388941,616.460971,1034.333644,0.0,1034.333644,775.750233,1551.500465,417.872673,67.79,R&D planning estimate,Bottom-up activity-based estimate by work package
D-EXP-10,"Mechanistic source-term, off-gas, retention, plate-out and release-path campaign",Demonstrator,shared_program,demonstrator_experiments,safety_analysis,test_experiment,2029-06-01,2029-10-31,1.270992,1.779,2988.7,229.991,237.39922,409.153987,103.5,17.25,103.5,103.5,0.0,0.0,17.25,0.0,150.830797,537.39922,904.984784,0.0,904.984784,678.738588,1357.477177,367.585564,68.4,R&D planning estimate,Bottom-up activity-based estimate by work package
D-EXP-11,"Freeze, drain, recovery, passive decay-heat removal and restart campaign",Demonstrator,shared_program,demonstrator_experiments,thermal_hydraulics,test_experiment,2029-07-01,2029-11-30,1.098665,1.538,2583.8,232.779,208.429928,358.014298,103.5,17.25,103.5,103.5,0.0,0.0,17.25,0.0,140.60286,508.429928,843.617158,0.0,843.617158,632.712868,1265.425736,335.18723,65.93,R&D planning estimate,Bottom-up activity-based estimate by work package
D-EXP-12,"Materials, corrosion, component, pump, valve, instrument and surveillance campaign",Demonstrator,shared_program,demonstrator_experiments,materials,test_experiment,2029-07-01,2029-12-31,1.570935,2.199,3694.3,227.944,290.8794,501.248985,120.75,20.125,120.75,120.75,0.0,0.0,20.125,0.0,180.749797,640.8794,1084.498782,0.0,1084.498782,813.374086,1626.748173,443.619382,69.22,R&D planning estimate,Bottom-up activity-based estimate by work package
D-EXP-13,"Endurance, reliability growth, maintainability, remote handling and availability campaign",Demonstrator,shared_program,demonstrator_experiments,operations_maintenance,test_experiment,2029-04-01,2029-12-31,1.401032,1.961,3294.5,224.153,257.387847,439.56455,115.0,23.0,92.0,184.0,0.0,0.0,36.8,9.2,179.91291,657.387847,1079.47746,0.0,1079.47746,809.608095,1619.21619,422.089613,64.21,R&D planning estimate,Bottom-up activity-based estimate by work package
D-EXP-14,"Staged qualified-data releases, model updates, power-reactor design decisions and topical revisions",Demonstrator,shared_program,demonstrator_experiments,systems_engineering,analysis_model,2029-07-01,2030-06-30,2.029683,2.842,4774.6,244.314,404.873752,694.33995,517.5,69.0,0.0,0.0,0.0,0.0,34.5,69.0,276.86799,1004.873752,1661.20794,0.0,1661.20794,1245.905955,2491.81191,656.334188,65.32,R&D planning estimate,Bottom-up activity-based estimate by work package
D-LIC-00.01,Demonstrator Regulatory Classification,Demonstrator,shared_program,demonstrator_licensing,licensing_authorization,design_engineering,2026-10-01,2028-09-30,0.067746,0.876,1471.7,284.213,15.366593,248.970408,36.406125,8.09025,0.0,0.0,0.0,16.1805,8.09025,12.135375,59.377123,15.366593,389.250031,0.0,389.250031,311.400025,564.412546,373.883438,2433.09,Licensing planning estimate,Bottom-up activity-based estimate by work package
D-LIC-00.02,Host Site Licensing Integration,Demonstrator,shared_program,demonstrator_licensing,site_environmental,design_engineering,2026-10-01,2028-12-31,0.097379,0.887,1490.2,263.946,20.973212,234.120216,39.276563,8.728125,0.0,0.0,0.0,17.45625,8.728125,13.092187,57.852264,20.973212,379.25373,0.0,379.25373,303.402984,549.917908,358.280518,1708.28,Licensing planning estimate,Bottom-up activity-based estimate by work package
D-RD-01,Fuel Salt Chemistry and Processing Pilot,Demonstrator,shared_program,methods_and_topicals,chemistry,analysis_model,2026-10-01,2027-12-31,1.217213,1.522,2557.0,240.757,236.393655,366.431566,1531.2,255.2,1531.2,1531.2,0.0,0.0,255.2,0.0,1094.086313,4876.393655,6564.517879,127.273004,6691.790883,4923.388409,9846.776819,1688.124224,34.62,R&D planning estimate,Bottom-up activity-based estimate by work package
D-RD-02,"Materials, Corrosion and Compatibility Qualification",Demonstrator,shared_program,methods_and_topicals,materials,analysis_model,2026-10-01,2028-03-31,1.388886,1.736,2916.5,242.172,273.030006,420.410473,1914.0,319.0,1914.0,1914.0,0.0,0.0,319.0,0.0,1360.082095,6073.030006,8160.492568,145.166881,8305.659449,6120.369426,12240.738851,2087.462562,34.37,R&D planning estimate,Bottom-up activity-based estimate by work package
D-RD-03,Separate-Effects and Component Test Loops (Excludes Integral 1:1 Facility),Demonstrator,shared_program,methods_and_topicals,thermal_hydraulics,analysis_model,2026-10-01,2027-12-31,1.491527,1.864,3131.5,238.124,288.294292,443.863748,1148.4,191.4,1148.4,1148.4,0.0,0.0,191.4,0.0,854.37275,3768.294292,5126.236498,162.362881,5288.599379,3844.677373,7689.354746,1357.942206,36.04,R&D planning estimate,Bottom-up activity-based estimate by work package
D-RD-04,Fuel Qualification Lot and Critical Experiments,Demonstrator,shared_program,demonstrator_engineering,neutronics,test_experiment,2028-07-01,2029-09-30,0.0,0.25,420.0,235.787,0.0,58.946759,53.1657,8.86095,53.1657,53.1657,0.0,0.0,8.86095,0.0,35.424864,0.0,271.590623,0.0,271.590623,217.272498,380.226872,271.590623,,Engineering planning estimate,Bottom-up activity-based estimate by work package
D-RD-05,"Host Facility Services, Permits and Integration Support",Demonstrator,shared_program,demonstrator_engineering,materials,design_engineering,2026-10-01,2028-09-30,0.0,0.25,420.0,228.0,0.0,57.0,16.884,2.814,16.884,16.884,0.0,0.0,2.814,0.0,16.992,0.0,130.272,0.0,130.272,104.2176,182.3808,130.272,,Engineering planning estimate,Bottom-up activity-based estimate by work package
D-RD-06,Initial Operating Campaign and Decommissioning Preparation,Demonstrator,shared_program,demonstrator_experiments,operations_maintenance,test_experiment,2027-07-01,2028-12-31,0.0,0.951,1597.7,215.75,0.0,205.17825,67.766624,11.294438,67.766625,67.766625,0.0,0.0,11.294438,0.0,86.2134,0.0,517.2804,0.0,517.2804,387.9603,775.9206,517.2804,,R&D planning estimate,Bottom-up activity-based estimate by work package
D-RESERVE,Demonstrator Program Reserve and Scope Contingency,Demonstrator,shared_program,demonstrator_engineering,licensing_authorization,design_engineering,2027-04-01,2028-03-31,0.0,0.0,0.0,0.0,0.0,0.0,0.0,0.0,0.0,0.0,0.0,0.0,0.0,0.0,0.0,0.0,0.0,0.0,0.0,0.0,0.0,0.0,,Engineering planning estimate,Bottom-up activity-based estimate by work package
P-0.3.a,"Requirements Governance, Ontology, and Structure",Power Reactor,shared_program,power_reactor_engineering,systems_engineering,design_engineering,2029-01-01,2030-03-30,0.205768,0.734,1233.1,249.45,42.280945,183.096523,56.595,25.725,0.0,0.0,0.0,0.0,8.232,12.348,42.899478,42.280945,328.896001,134.090613,462.986614,263.116801,460.454402,286.615056,677.88,Engineering planning estimate,Bottom-up activity-based estimate by work package
P-0.3.b,GDC -> PDC Derivation and Departures,Power Reactor,shared_program,power_reactor_engineering,systems_engineering,design_engineering,2029-04-01,2029-12-30,0.087893,0.677,1137.4,249.612,18.074661,168.987536,56.595,25.725,0.0,0.0,0.0,0.0,8.232,12.348,40.78313,18.074661,312.670666,123.683937,436.354603,250.136533,437.738933,294.596005,1629.88,Engineering planning estimate,Bottom-up activity-based estimate by work package
P-0.3.c,SSC Safety Classification & Special Treatments (incl. 10 CFR 50.69 Option),Power Reactor,shared_program,power_reactor_engineering,systems_engineering,design_engineering,2029-01-01,2029-09-30,0.087893,0.667,1120.6,249.612,18.074661,166.491413,56.595,25.725,0.0,0.0,0.0,0.0,8.232,12.348,40.408712,18.074661,309.800125,121.85706,431.657185,247.8401,433.720175,291.725464,1614.0,Engineering planning estimate,Bottom-up activity-based estimate by work package
P-0.3.d,Design-Basis & Functional Requirements (DBFR) Authoring,Power Reactor,shared_program,power_reactor_engineering,systems_engineering,design_engineering,2029-01-01,2029-12-30,0.217756,0.709,1191.1,248.709,44.608004,176.33474,56.595,25.725,0.0,0.0,0.0,0.0,8.232,12.348,41.885211,44.608004,321.119951,129.52342,450.643371,256.895961,449.567931,276.511947,619.87,Engineering planning estimate,Bottom-up activity-based estimate by work package
P-0.3.e,Requirements Database Implementation & Migration,Power Reactor,shared_program,power_reactor_engineering,systems_engineering,design_engineering,2029-04-01,2029-12-30,0.098894,0.673,1130.6,249.509,20.32855,167.919706,56.21,25.55,0.0,0.0,0.0,0.0,8.176,12.264,40.517956,20.32855,310.637662,122.944487,433.582149,248.51013,434.892727,290.309112,1428.09,Engineering planning estimate,Bottom-up activity-based estimate by work package
P-0.3.f,"Traceability to FSAR, SDDs, Analyses & ITAAC",Power Reactor,shared_program,power_reactor_engineering,licensing_authorization,design_engineering,2029-01-01,2030-06-30,0.191295,0.875,1470.0,260.21,40.549184,227.683535,81.355312,36.979687,0.0,0.0,0.0,0.0,11.8335,17.750251,56.340343,40.549184,431.942628,159.851756,591.794384,345.554102,604.719679,391.393444,965.23,Engineering planning estimate,Bottom-up activity-based estimate by work package
P-0.3.g,Special Treatment Definition & Code/Standard Allocation,Power Reactor,shared_program,power_reactor_engineering,systems_engineering,design_engineering,2029-04-01,2029-09-30,0.131793,0.631,1060.1,249.108,27.041007,157.187073,56.21,25.55,0.0,0.0,0.0,0.0,8.176,12.264,38.908061,27.041007,298.295134,115.278127,413.573261,238.636107,417.613188,271.254127,1003.12,Engineering planning estimate,Bottom-up activity-based estimate by work package
P-0.3.h,Quality Checks & Automated Validation of Requirements Set,Power Reactor,shared_program,power_reactor_engineering,systems_engineering,design_engineering,2029-04-01,2029-12-30,0.161958,0.779,1308.7,243.853,32.531945,189.961491,35.5005,5.91675,35.5005,35.5005,0.0,0.0,5.91675,0.0,46.244474,32.531945,354.540965,142.31156,496.852525,283.632772,496.357351,322.00902,989.82,Engineering planning estimate,Bottom-up activity-based estimate by work package
P-0.3.i,"Change Control, Baselines & 50.71(e) Impact Integration",Power Reactor,shared_program,power_reactor_engineering,systems_engineering,design_engineering,2029-01-01,2030-06-30,0.230445,0.745,1251.6,249.45,47.35158,185.840621,56.595,25.725,0.0,0.0,0.0,0.0,8.232,12.348,43.311093,47.35158,332.051714,136.102352,468.154066,265.641371,464.8724,284.700134,601.25,Engineering planning estimate,Bottom-up activity-based estimate by work package
P-0.3.j,Compliance Matrices & SRP Chapter Views,Power Reactor,shared_program,power_reactor_engineering,systems_engineering,design_engineering,2029-01-01,2030-03-30,0.098931,0.73,1226.4,249.061,20.301879,181.814686,56.21,25.55,0.0,0.0,0.0,0.0,8.176,12.264,42.602203,20.301879,326.616889,133.362037,459.978926,261.293511,457.263644,306.31501,1508.8,Engineering planning estimate,Bottom-up activity-based estimate by work package
P-0.3.k,"Stakeholder Reviews & Approvals (Design, Ops, PRA, Licensing)",Power Reactor,shared_program,power_reactor_engineering,risk_pra,analysis_model,2029-01-01,2030-03-30,0.219999,0.898,1508.6,248.429,45.020651,223.089134,88.695,78.84,0.0,0.0,0.0,0.0,9.855,19.71,63.02837,45.020651,483.217504,226.387929,709.605433,386.574003,676.504506,438.196853,973.32,Engineering planning estimate,Bottom-up activity-based estimate by work package
P-0.3.l,Digital Thread Analytics & Visualizations,Power Reactor,shared_program,power_reactor_engineering,instrumentation_controls,design_engineering,2029-01-01,2030-03-30,0.137729,0.801,1345.7,248.699,28.21755,199.207523,70.74375,32.15625,0.0,0.0,0.0,0.0,10.29,15.435,49.174878,28.21755,377.007401,160.968544,537.975945,301.605921,527.810362,348.789851,1236.07,Engineering planning estimate,Bottom-up activity-based estimate by work package
P-1.a,"Site Selection, Data Acquisition & Baseline Characterization",Power Reactor,shared_program,power_reactor_engineering,instrumentation_controls,design_engineering,2029-01-01,2029-09-30,0.117011,0.688,1155.8,227.582,21.853118,156.576725,70.74375,32.15625,0.0,0.0,0.0,0.0,10.29,15.435,42.780259,21.853118,327.981984,138.253283,466.235267,262.385587,459.174777,306.128866,1400.85,Engineering planning estimate,Bottom-up activity-based estimate by work package
P-1.b,Probabilistic Seismic Hazard Analysis (PSHA) & GMRS,Power Reactor,shared_program,power_reactor_engineering,safety_analysis,analysis_model,2029-01-01,2030-06-30,0.337939,2.475,4158.0,225.915,62.536476,559.14029,450.0,400.0,0.0,0.0,0.0,0.0,50.0,100.0,233.871043,62.536476,1793.011334,651.099039,2444.110373,1434.409067,2510.215867,1730.474858,2767.14,Engineering planning estimate,Bottom-up activity-based estimate by work package
P-1.c,"Geology, Geotechnical & Seismogeologic Characterization",Power Reactor,shared_program,power_reactor_engineering,site_environmental,design_engineering,2029-01-01,2030-09-30,0.142493,0.724,1216.3,229.098,26.733166,165.867276,70.2625,31.9375,0.0,0.0,0.0,0.0,10.22,15.33,44.042591,26.733166,337.659867,132.263735,469.923602,270.127894,472.723814,310.926701,1163.07,Engineering planning estimate,Bottom-up activity-based estimate by work package
P-1.d,"Hydrology, Flooding & Water Resources",Power Reactor,shared_program,power_reactor_engineering,site_environmental,design_engineering,2029-04-01,2030-06-30,0.12913,0.679,1140.7,227.889,24.088498,154.736544,70.74375,32.15625,0.0,0.0,0.0,0.0,10.29,15.435,42.504232,24.088498,325.865776,124.042788,449.908564,260.69262,456.212086,301.777278,1252.79,Engineering planning estimate,Bottom-up activity-based estimate by work package
P-1.e,Meteorology & Atmospheric Dispersion (EAB/LPZ chi/Q),Power Reactor,shared_program,power_reactor_engineering,site_environmental,design_engineering,2029-01-01,2030-09-30,0.137829,1.238,2079.8,227.879,25.710081,282.114519,247.5,112.5,0.0,0.0,0.0,0.0,36.0,54.0,109.817178,25.710081,841.931697,226.163049,1068.094746,673.545357,1178.704376,816.221616,3174.71,Engineering planning estimate,Bottom-up activity-based estimate by work package
P-1.f,"Ultimate Heat Sink (UHS), Intake/Outfall & Thermal Plume",Power Reactor,shared_program,power_reactor_engineering,site_environmental,analysis_model,2029-01-01,2030-12-30,0.181457,0.783,1315.4,227.736,33.918846,178.317671,82.6875,73.5,0.0,0.0,0.0,0.0,9.1875,18.375,54.310151,33.918846,416.377822,171.648163,588.025985,333.102257,582.92895,382.458976,1127.57,Engineering planning estimate,Bottom-up activity-based estimate by work package
P-1.g,"External Hazards Screening (Industrial, Transportation, Pipelines, Aircraft)",Power Reactor,shared_program,power_reactor_engineering,site_environmental,design_engineering,2029-01-01,2030-09-30,0.105258,0.724,1216.3,228.04,19.648522,165.100793,70.2625,31.9375,0.0,0.0,0.0,0.0,10.22,15.33,43.927619,19.648522,336.778412,132.263735,469.042147,269.42273,471.489777,317.12989,1614.01,Engineering planning estimate,Bottom-up activity-based estimate by work package
P-1.h,"Environmental Report (NEPA) - Affected Environment, Alternatives & Impacts",Power Reactor,shared_program,power_reactor_engineering,site_environmental,design_engineering,2029-04-01,2031-09-30,0.197156,2.2,3696.0,226.709,36.572999,498.759246,495.0,225.0,0.0,0.0,0.0,0.0,72.0,108.0,209.813887,36.572999,1608.573133,401.912987,2010.48612,1286.858506,2252.002386,1572.000134,4298.25,Engineering planning estimate,Bottom-up activity-based estimate by work package
P-1.i,Severe Accident Mitigation Alternatives (SAMA) / Risk-Benefit Analysis (as applicable),Power Reactor,shared_program,power_reactor_engineering,electrical,analysis_model,2029-04-01,2031-12-30,0.23304,1.153,1937.0,226.289,43.228252,260.911199,89.3025,79.38,0.0,0.0,0.0,0.0,9.9225,19.845,68.90418,43.228252,528.265379,265.399587,793.664966,422.612303,739.57153,485.037127,1122.04,Engineering planning estimate,Bottom-up activity-based estimate by work package
P-1.j,Federal/State/Tribal Consultations & Environmental Permitting,Power Reactor,shared_program,power_reactor_engineering,site_environmental,design_engineering,2029-07-01,2032-03-30,0.129385,0.773,1298.6,227.883,24.135418,176.153697,69.78125,31.71875,0.0,0.0,0.0,0.0,10.15,15.225,45.454305,24.135418,348.483002,141.213259,489.696261,278.786401,487.876202,324.347584,1343.87,Engineering planning estimate,Bottom-up activity-based estimate by work package
P-1.k,Radiological Environmental Monitoring Program (REMP) Baseline,Power Reactor,shared_program,power_reactor_engineering,site_environmental,design_engineering,2029-04-01,2032-09-30,0.410528,0.801,1345.7,226.792,76.357368,181.660517,70.74375,32.15625,0.0,0.0,0.0,0.0,10.29,15.435,46.542828,76.357368,356.828345,146.33504,503.163385,285.462676,499.559682,280.470977,367.31,Engineering planning estimate,Bottom-up activity-based estimate by work package
P-1.l,"Data Management, QA & GIS/Records Integration",Power Reactor,shared_program,power_reactor_engineering,site_environmental,design_engineering,2029-04-01,2032-09-30,0.370252,0.809,1359.1,228.672,69.323941,184.995418,70.2625,31.9375,0.0,0.0,0.0,0.0,10.22,15.33,46.911813,69.323941,359.657231,147.792192,507.449423,287.725785,503.520123,290.33329,418.81,Engineering planning estimate,Bottom-up activity-based estimate by work package
P-1.m,FSAR Chapter 2 Authoring & Interfaces,Power Reactor,shared_program,power_reactor_engineering,licensing_authorization,design_engineering,2029-01-01,2031-09-30,0.689314,1.65,2772.0,260.164,146.059108,429.270486,64.6415,29.3825,0.0,0.0,0.0,0.0,9.4024,14.1036,82.020073,146.059108,628.820559,301.43474,930.255299,503.056447,880.348782,482.761451,330.52,Engineering planning estimate,Bottom-up activity-based estimate by work package
P-13.a,Readiness Governance & Gate Criteria,Power Reactor,shared_program,power_reactor_construction,construction_installation,test_experiment,2034-07-01,2035-09-30,0.129104,3.0,5040.0,237.494,24.789592,712.481062,102.2625,20.4525,81.81,163.62,0.0,0.0,32.724,8.181,134.583727,24.789592,1256.114789,0.0,1256.114789,1004.891832,1758.560705,1231.325197,4967.11,Preliminary capital estimate,Bottom-up activity-based estimate by work package
P-13.b,Construction Readiness Review (CRR),Power Reactor,shared_program,power_reactor_construction,test_commissioning,test_experiment,2035-04-01,2035-12-31,0.108017,3.0,5040.0,233.475,21.079752,700.423776,122.501953,24.500391,98.001562,196.003125,0.0,0.0,39.200625,9.800156,142.851791,21.079752,1333.283379,0.0,1333.283379,1066.626703,1866.59673,1312.203627,6224.95,Preliminary capital estimate,Bottom-up activity-based estimate by work package
P-13.c,Fuel Load Readiness Review (FLRR),Power Reactor,shared_program,power_reactor_construction,test_commissioning,test_experiment,2035-07-01,2035-12-31,0.069014,2.5,4200.0,233.111,13.443488,582.77777,108.984375,21.796875,87.1875,174.375,0.0,0.0,34.875,8.71875,122.245832,13.443488,1140.961102,0.0,1140.961102,912.768882,1597.345543,1127.517614,8387.09,Preliminary capital estimate,Bottom-up activity-based estimate by work package
P-13.d,Operational Readiness Review (ORR) / Startup Readiness,Power Reactor,shared_program,power_reactor_construction,test_commissioning,test_experiment,2035-07-01,2036-03-31,0.131613,3.0,5040.0,217.696,23.419088,653.089284,108.28125,21.65625,86.625,173.25,0.0,0.0,34.65,8.6625,130.345714,23.419088,1216.559998,0.0,1216.559998,973.247998,1703.183997,1193.14091,5094.74,Preliminary capital estimate,Bottom-up activity-based estimate by work package
P-13.e,"Gate Checklists, Evidence Binders & Walkdowns",Power Reactor,shared_program,power_reactor_construction,materials,design_engineering,2031-04-01,2033-03-31,0.114771,3.0,5040.0,234.258,22.462317,702.774394,129.07125,58.66875,0.0,0.0,0.0,0.0,18.774,28.161,112.493927,22.462317,1049.943321,0.0,1049.943321,839.954657,1469.92065,1027.481004,4574.24,Preliminary capital estimate,Bottom-up activity-based estimate by work package
P-13.f,"Exercises, Drills & Demonstrations",Power Reactor,shared_program,power_reactor_construction,test_commissioning,analysis_model,2032-01-01,2033-12-31,0.107536,3.0,5040.0,233.105,20.946744,699.313765,125.71875,111.75,0.0,0.0,0.0,0.0,13.96875,27.9375,117.442652,20.946744,1096.131417,0.0,1096.131417,876.905133,1534.583984,1075.184673,5132.94,Preliminary capital estimate,Bottom-up activity-based estimate by work package
P-13.g,Interface to NRC Inspections & Authorizations,Power Reactor,shared_program,power_reactor_construction,test_commissioning,design_engineering,2030-01-01,2033-06-30,0.199528,3.0,5040.0,233.107,38.865955,699.320346,107.559375,48.890625,0.0,0.0,0.0,0.0,15.645,23.4675,107.385942,38.865955,1002.268788,0.0,1002.268788,801.81503,1403.176303,963.402833,2478.78,Preliminary capital estimate,Bottom-up activity-based estimate by work package
P-13.h,Configuration Freeze & Change Control at Gates,Power Reactor,shared_program,power_reactor_construction,thermal_hydraulics,test_experiment,2034-10-01,2036-03-31,0.231692,3.0,5040.0,234.341,45.359642,703.022223,119.30625,23.86125,95.445,190.89,0.0,0.0,38.178,9.5445,141.629667,45.359642,1321.87689,0.0,1321.87689,1057.501512,1850.627646,1276.517248,2814.21,Preliminary capital estimate,Bottom-up activity-based estimate by work package
P-13.i,"Readiness Boards, Minutes & Closeout",Power Reactor,shared_program,power_reactor_construction,test_commissioning,test_experiment,2035-10-01,2036-03-31,0.061755,2.5,4200.0,233.109,12.029419,582.77265,106.523438,21.304688,85.21875,170.437499,0.0,0.0,34.0875,8.521875,121.063968,12.029419,1129.930368,0.0,1129.930368,903.944294,1581.902515,1117.900949,9293.06,Preliminary capital estimate,Bottom-up activity-based estimate by work package
P-3.1.a,Plant Parameters & Operating Modes Definition,Power Reactor,shared_program,power_reactor_engineering,systems_engineering,design_engineering,2029-04-01,2031-06-30,0.042439,0.745,1251.6,276.533,9.650672,206.017103,58.7125,26.6875,0.0,0.0,0.0,0.0,8.54,12.81,46.915065,9.650672,359.682168,136.102352,495.78452,287.745735,503.555036,350.031496,3627.02,Engineering planning estimate,Bottom-up activity-based estimate by work package
P-3.1.b,Exemptions/Departures Catalog & Tier Mapping,Power Reactor,shared_program,power_reactor_engineering,systems_engineering,design_engineering,2029-04-01,2031-06-30,0.047561,0.736,1236.5,276.391,10.809817,203.424049,57.75,26.25,0.0,0.0,0.0,0.0,8.4,12.6,46.263607,10.809817,354.687656,134.460338,489.147994,283.750125,496.562719,343.877839,3181.16,Engineering planning estimate,Bottom-up activity-based estimate by work package
P-3.1.c,"Application Structure, Conventions & Referencing",Power Reactor,shared_program,power_reactor_engineering,systems_engineering,design_engineering,2029-10-01,2032-03-30,0.099603,0.744,1249.9,276.209,22.617924,205.499645,57.365,26.075,0.0,0.0,0.0,0.0,8.344,12.516,46.469947,22.617924,356.269592,135.91749,492.187082,285.015673,498.777428,333.651668,1475.16,Engineering planning estimate,Bottom-up activity-based estimate by work package
P-3.1.d,ITAAC Summary & COL Action Items,Power Reactor,shared_program,power_reactor_engineering,systems_engineering,design_engineering,2030-01-01,2031-12-31,0.063354,0.903,1517.0,276.075,14.3827,249.295503,72.1875,32.8125,0.0,0.0,0.0,0.0,10.5,15.75,57.081825,14.3827,437.627328,164.962663,602.589991,350.101863,612.67826,423.244628,2942.73,Engineering planning estimate,Bottom-up activity-based estimate by work package
P-3.1.e,Graphics & Tables: General Arrangement and Block Diagrams,Power Reactor,shared_program,power_reactor_engineering,systems_engineering,design_engineering,2030-01-01,2031-12-31,0.063273,0.718,1206.2,276.098,14.365469,198.238492,57.365,26.075,0.0,0.0,0.0,0.0,8.344,12.516,45.380774,14.365469,347.919266,131.165434,479.0847,278.335413,487.086972,333.553797,2321.91,Engineering planning estimate,Bottom-up activity-based estimate by work package
P-3.1.f,Cross-Chapter Consistency & Parameter Reconciliation,Power Reactor,shared_program,power_reactor_engineering,systems_engineering,design_engineering,2030-04-01,2032-03-31,0.06864,0.718,1206.2,275.988,15.577845,198.159422,57.365,26.075,0.0,0.0,0.0,0.0,8.344,12.516,45.368913,15.577845,347.828335,131.165434,478.993769,278.262668,486.959669,332.25049,2132.84,Engineering planning estimate,Bottom-up activity-based estimate by work package
P-3.1.g,"References, Acronyms, and Definitions Compilation",Power Reactor,shared_program,power_reactor_engineering,systems_engineering,design_engineering,2029-10-01,2031-12-30,0.042492,0.732,1229.8,276.501,9.661656,202.39881,57.365,26.075,0.0,0.0,0.0,0.0,8.344,12.516,46.004821,9.661656,352.703632,133.731762,486.435394,282.162905,493.785084,343.041976,3550.55,Engineering planning estimate,Bottom-up activity-based estimate by work package
P-3.1.h,"Licensing & QA Review, Finalization, and Release",Power Reactor,shared_program,power_reactor_engineering,systems_engineering,design_engineering,2030-10-01,2032-03-31,0.037181,0.755,1268.4,276.705,8.460338,208.9121,57.365,26.075,0.0,0.0,0.0,0.0,8.344,12.516,46.981815,8.460338,360.193915,137.92923,498.123145,288.155132,504.271481,351.733577,4157.44,Engineering planning estimate,Bottom-up activity-based estimate by work package
P-3.10.a,System Architecture & Boundaries,Power Reactor,shared_program,power_reactor_engineering,materials,design_engineering,2030-01-01,2031-12-31,0.161815,0.931,1564.1,229.297,30.413636,213.475397,84.60375,38.45625,0.0,0.0,0.0,0.0,12.306,18.459,55.09506,30.413636,422.395457,204.101332,626.496789,337.916365,591.353639,391.981821,1288.84,Engineering planning estimate,Bottom-up activity-based estimate by work package
P-3.10.b,"Turbine-Generator Design, Overspeed Protection & Missile Analysis",Power Reactor,shared_program,power_reactor_engineering,electrical,design_engineering,2030-07-01,2032-12-31,0.35323,0.887,1490.2,229.406,66.426042,203.482842,57.75,26.25,0.0,0.0,0.0,0.0,8.4,12.6,46.272426,66.426042,354.755268,170.150776,524.906044,283.804215,496.657376,288.329226,434.06,Engineering planning estimate,Bottom-up activity-based estimate by work package
P-3.10.c,"Main Steam System - Isolation, Relief, and Water Induction Prevention",Power Reactor,shared_program,power_reactor_engineering,materials,design_engineering,2030-07-01,2032-09-30,0.220656,0.958,1609.4,229.296,41.472846,219.66575,86.0475,39.1125,0.0,0.0,0.0,0.0,12.516,18.774,56.417362,41.472846,432.533113,210.012585,642.545698,346.02649,605.546357,391.060267,942.93,Engineering planning estimate,Bottom-up activity-based estimate by work package
P-3.10.d,"Condensate & Feedwater - Pumps, Heaters, Controls",Power Reactor,shared_program,power_reactor_engineering,thermal_hydraulics,design_engineering,2030-07-01,2032-12-31,0.233181,0.981,1648.1,229.298,43.827328,224.941288,80.311,36.505,0.0,0.0,0.0,0.0,11.6816,17.5224,55.644193,43.827328,426.605481,224.023537,650.629018,341.284385,597.247674,382.778153,873.38,Engineering planning estimate,Bottom-up activity-based estimate by work package
P-3.10.e,Transient & Accident Analyses (MSLB/Trips/Load Rejection/Loss of Condenser),Power Reactor,shared_program,power_reactor_engineering,materials,design_engineering,2030-10-01,2033-03-31,0.255698,0.986,1656.5,229.297,48.059236,226.08671,86.625,39.375,0.0,0.0,0.0,0.0,12.6,18.9,57.538007,48.059236,441.124716,216.158722,657.283438,352.899773,617.574603,393.06548,817.88,Engineering planning estimate,Bottom-up activity-based estimate by work package
P-3.10.f,Water-Hammer & Hydraulic Transients (MS/FW/Condensate),Power Reactor,shared_program,power_reactor_engineering,materials,design_engineering,2031-01-01,2033-06-30,0.278978,0.981,1648.1,229.297,52.434774,224.940187,86.0475,39.1125,0.0,0.0,0.0,0.0,12.516,18.774,57.208528,52.434774,438.598715,215.062595,653.66131,350.878972,614.038201,386.163941,736.47,Engineering planning estimate,Bottom-up activity-based estimate by work package
P-3.10.g,"Condenser, Vacuum & Heat Rejection Interfaces",Power Reactor,shared_program,power_reactor_engineering,thermal_hydraulics,design_engineering,2030-04-01,2033-12-31,0.453367,1.047,1759.0,229.298,85.212203,240.07498,80.311,36.505,0.0,0.0,0.0,0.0,11.6816,17.5224,57.914247,85.212203,444.009227,239.097992,683.107219,355.207382,621.612918,358.797024,421.06,Engineering planning estimate,Bottom-up activity-based estimate by work package
P-3.10.h,Steam Bypass/Dump & MSR/Gland Seal/Vacuum Systems,Power Reactor,shared_program,power_reactor_engineering,materials,design_engineering,2031-04-01,2033-06-30,0.209558,0.964,1619.5,229.296,39.386856,221.041063,86.0475,39.1125,0.0,0.0,0.0,0.0,12.516,18.774,56.623659,39.386856,434.114722,211.330546,645.445268,347.291778,607.760611,394.727866,1002.18,Engineering planning estimate,Bottom-up activity-based estimate by work package
P-3.10.i,"Controls, Interlocks, Setpoints & Protection Interfaces",Power Reactor,shared_program,power_reactor_engineering,instrumentation_controls,design_engineering,2030-07-01,2034-03-31,0.488752,0.975,1638.0,229.301,91.864263,223.568351,71.70625,32.59375,0.0,0.0,0.0,0.0,10.43,15.645,53.091503,91.864263,407.034854,195.932581,602.967435,325.627883,569.848795,315.170591,343.08,Engineering planning estimate,Bottom-up activity-based estimate by work package
P-3.10.j,"Materials, Erosion/Corrosion & FAC Program",Power Reactor,shared_program,power_reactor_engineering,materials,design_engineering,2030-07-01,2034-06-30,0.510767,1.65,2772.0,229.302,96.002718,378.348495,107.559375,48.890625,0.0,0.0,0.0,0.0,15.645,23.4675,86.086649,96.002718,659.997644,361.721688,1021.719332,527.998115,923.996702,563.994926,587.48,Engineering planning estimate,Bottom-up activity-based estimate by work package
P-3.10.k,Piping Design/Supports & Acoustic/Vibration Checks,Power Reactor,shared_program,power_reactor_engineering,materials,design_engineering,2031-10-01,2034-03-31,0.394236,0.981,1648.1,229.405,74.136986,225.045983,86.0475,39.1125,0.0,0.0,0.0,0.0,12.516,18.774,57.224397,74.136986,438.72038,215.062595,653.782975,350.976304,614.208533,364.583394,491.77,Engineering planning estimate,Bottom-up activity-based estimate by work package
P-3.10.l,"FSAR Chapter 10 Drafting, Reviews & Records",Power Reactor,shared_program,power_reactor_engineering,licensing_authorization,design_engineering,2030-01-01,2033-12-31,0.826171,1.65,2772.0,260.0,174.817784,429.0,65.96975,29.98625,0.0,0.0,0.0,0.0,9.5956,14.3934,82.34175,174.817784,631.28675,301.43474,932.72149,505.0294,883.80145,456.468966,261.11,Engineering planning estimate,Bottom-up activity-based estimate by work package
P-3.11.a,Source Term Definition & Process Flow Mapping,Power Reactor,shared_program,power_reactor_engineering,safety_analysis,analysis_model,2029-07-01,2031-12-30,0.281621,1.925,3234.0,226.199,50.833376,435.43247,108.95625,96.85,0.0,0.0,0.0,0.0,12.10625,24.2125,101.63362,50.833376,779.19109,506.410363,1285.601453,623.352872,1090.867527,728.357714,1432.83,Engineering planning estimate,Bottom-up activity-based estimate by work package
P-3.11.b,Gaseous Radwaste System (GRS) Design & Performance,Power Reactor,shared_program,power_reactor_engineering,chemistry,design_engineering,2030-10-01,2032-12-31,0.343392,1.008,1693.4,226.199,61.983234,228.008337,77.44275,35.20125,0.0,0.0,0.0,0.0,11.2644,16.8966,55.322001,61.983234,424.135338,220.973848,645.109186,339.30827,593.789473,362.152104,584.27,Engineering planning estimate,Bottom-up activity-based estimate by work package
P-3.11.c,Liquid Radwaste System (LRS) Design & Performance,Power Reactor,shared_program,power_reactor_engineering,chemistry,design_engineering,2030-07-01,2032-12-31,0.385186,1.019,1711.9,226.196,69.526258,230.493903,77.44275,35.20125,0.0,0.0,0.0,0.0,11.2644,16.8966,55.694835,69.526258,426.993738,223.387936,650.381674,341.594991,597.791234,357.46748,514.15,Engineering planning estimate,Bottom-up activity-based estimate by work package
P-3.11.d,Effluent Monitoring & Sampling (PERM/RMS),Power Reactor,shared_program,power_reactor_engineering,chemistry,design_engineering,2030-04-01,2033-12-31,0.545184,1.08,1814.4,226.288,98.452107,244.391204,77.44275,35.20125,0.0,0.0,0.0,0.0,11.2644,16.8966,57.779431,98.452107,442.975635,236.763287,679.738922,354.380508,620.165888,344.523528,349.94,Engineering planning estimate,Bottom-up activity-based estimate by work package
P-3.11.e,Offsite Dose Calculations - Gaseous Pathways,Power Reactor,shared_program,power_reactor_engineering,site_environmental,analysis_model,2030-04-01,2032-09-30,0.249156,0.951,1597.7,226.035,44.935928,214.95968,83.8125,74.5,0.0,0.0,0.0,0.0,9.3125,18.625,60.181452,44.935928,461.391132,208.485837,669.876969,369.112906,645.947585,416.455204,926.78,Engineering planning estimate,Bottom-up activity-based estimate by work package
P-3.11.f,Offsite Dose Calculations - Liquid Pathways,Power Reactor,shared_program,power_reactor_engineering,site_environmental,analysis_model,2030-07-01,2032-12-31,0.271841,0.951,1597.7,226.035,49.027232,214.959703,83.8125,74.5,0.0,0.0,0.0,0.0,9.3125,18.625,60.181455,49.027232,461.391158,208.485837,669.876995,369.112927,645.947622,412.363926,841.09,Engineering planning estimate,Bottom-up activity-based estimate by work package
P-3.11.g,Solid Radwaste Handling & Packaging (Interface to 10 CFR 61/71),Power Reactor,shared_program,power_reactor_engineering,chemistry,design_engineering,2030-04-01,2033-12-31,0.441743,1.08,1814.4,226.034,79.668882,244.116629,77.44275,35.20125,0.0,0.0,0.0,0.0,11.2644,16.8966,57.738244,79.668882,442.659873,236.763287,679.42316,354.127899,619.723823,362.990991,455.62,Engineering planning estimate,Bottom-up activity-based estimate by work package
P-3.11.h,"ALARA, Shielding & Ventilation Interfaces",Power Reactor,shared_program,power_reactor_engineering,chemistry,design_engineering,2030-07-01,2033-12-31,0.452927,1.076,1807.7,226.034,81.685926,243.212485,77.44275,35.20125,0.0,0.0,0.0,0.0,11.2644,16.8966,57.602623,81.685926,441.620108,235.888996,677.509104,353.296086,618.268151,359.934182,440.63,Engineering planning estimate,Bottom-up activity-based estimate by work package
P-3.11.i,ODCM Development & Reporting/Tech Spec Interfaces,Power Reactor,shared_program,power_reactor_engineering,chemistry,design_engineering,2030-07-01,2034-03-31,0.848185,1.145,1923.6,226.199,153.099803,258.99756,77.44275,35.20125,0.0,0.0,0.0,0.0,11.2644,16.8966,59.970384,153.099803,459.772944,251.012929,710.785873,367.818355,643.682122,306.673141,200.31,Engineering planning estimate,Bottom-up activity-based estimate by work package
P-3.11.j,Integrated Compliance Demonstration & Sensitivity Analyses,Power Reactor,shared_program,power_reactor_engineering,chemistry,analysis_model,2031-01-01,2033-06-30,0.403115,1.046,1757.3,226.195,72.762037,236.600029,90.5175,80.46,0.0,0.0,0.0,0.0,10.0575,20.115,65.662504,72.762037,503.412533,275.174685,778.587218,402.730027,704.777547,430.650496,591.86,Engineering planning estimate,Bottom-up activity-based estimate by work package
P-3.11.k,"FSAR Chapter 11 Drafting, QA Reviews & Records",Power Reactor,shared_program,power_reactor_engineering,licensing_authorization,design_engineering,2030-01-01,2033-12-31,0.826171,1.65,2772.0,260.0,174.817784,429.0,65.96975,29.98625,0.0,0.0,0.0,0.0,9.5956,14.3934,82.34175,174.817784,631.28675,301.43474,932.72149,505.0294,883.80145,456.468966,261.11,Engineering planning estimate,Bottom-up activity-based estimate by work package
P-3.12.a,Source Term & Operating Scenarios (Normal/Refueling/Maintenance),Power Reactor,shared_program,power_reactor_engineering,safety_analysis,analysis_model,2032-01-01,2035-06-30,0.767153,1.465,2461.2,226.199,138.473312,331.381188,108.95625,96.85,0.0,0.0,0.0,0.0,12.10625,24.2125,86.025928,138.473312,659.532116,385.398017,1044.930133,527.625693,923.344963,521.058804,376.29,Engineering planning estimate,Bottom-up activity-based estimate by work package
P-3.12.b,Shielding & Skyshine Analyses,Power Reactor,shared_program,power_reactor_engineering,chemistry,design_engineering,2030-10-01,2032-12-31,0.192259,0.929,1560.7,226.035,34.674404,209.986887,77.44275,35.20125,0.0,0.0,0.0,0.0,11.2644,16.8966,52.618783,34.674404,403.41067,203.657662,607.068332,322.728536,564.774938,368.736266,1063.42,Engineering planning estimate,Bottom-up activity-based estimate by work package
P-3.12.c,"Radiation Zoning, Posting & Access Control",Power Reactor,shared_program,power_reactor_engineering,chemistry,design_engineering,2030-07-01,2032-12-31,0.215658,0.945,1587.6,226.039,38.895189,213.606861,77.44275,35.20125,0.0,0.0,0.0,0.0,11.2644,16.8966,53.161779,38.895189,407.57364,207.167876,614.741516,326.058912,570.603096,368.678451,947.88,Engineering planning estimate,Bottom-up activity-based estimate by work package
P-3.12.d,Airborne Radioactivity Control & HVAC Interfaces,Power Reactor,shared_program,power_reactor_engineering,chemistry,design_engineering,2030-04-01,2033-12-31,0.487185,1.015,1705.2,226.039,87.866651,229.429522,77.44275,35.20125,0.0,0.0,0.0,0.0,11.2644,16.8966,55.535178,87.866651,425.7697,222.513645,648.283345,340.61576,596.07758,337.903049,384.56,Engineering planning estimate,Bottom-up activity-based estimate by work package
P-3.12.e,Area/Process Radiation Monitoring & Instrumentation,Power Reactor,shared_program,power_reactor_engineering,instrumentation_controls,design_engineering,2030-04-01,2034-03-31,0.571204,1.009,1695.1,226.293,103.153638,228.329943,71.70625,32.59375,0.0,0.0,0.0,0.0,10.43,15.645,53.805741,103.153638,412.510684,202.76271,615.273394,330.008548,577.514958,309.357046,299.9,Engineering planning estimate,Bottom-up activity-based estimate by work package
P-3.12.f,Design Job Dose Assessments & Work Planning Inputs,Power Reactor,shared_program,power_reactor_engineering,chemistry,design_engineering,2030-04-01,2032-12-31,0.44506,0.96,1612.8,226.196,80.333553,217.14835,77.44275,35.20125,0.0,0.0,0.0,0.0,11.2644,16.8966,53.693002,80.333553,411.646353,210.456255,622.102608,329.317082,576.304894,331.3128,412.42,Engineering planning estimate,Bottom-up activity-based estimate by work package
P-3.12.g,"Dosimetry, Surveys & Instrument Control",Power Reactor,shared_program,power_reactor_engineering,chemistry,analysis_model,2030-07-01,2032-09-30,0.180731,0.974,1636.3,226.035,32.595278,220.158351,90.5175,80.46,0.0,0.0,0.0,0.0,10.0575,20.115,63.196253,32.595278,484.504604,256.227359,740.731963,387.603683,678.306445,451.909326,1386.43,Engineering planning estimate,Bottom-up activity-based estimate by work package
P-3.12.h,ALARA-by-Design Features & Optimization,Power Reactor,shared_program,power_reactor_engineering,chemistry,design_engineering,2031-04-01,2033-09-30,0.36466,0.945,1587.6,226.195,65.820921,213.754304,77.44275,35.20125,0.0,0.0,0.0,0.0,11.2644,16.8966,53.183896,65.820921,407.7432,207.167876,614.911076,326.19456,570.840479,341.922279,519.47,Engineering planning estimate,Bottom-up activity-based estimate by work package
P-3.12.i,Control Room Habitability & PAM Interfaces (Cross-Check),Power Reactor,shared_program,power_reactor_engineering,chemistry,design_engineering,2030-07-01,2034-03-31,0.474884,0.996,1673.3,226.035,85.646554,225.131269,76.923,34.965,0.0,0.0,0.0,0.0,11.1888,16.7832,54.74869,85.646554,419.739959,218.350974,638.090933,335.791967,587.635943,334.093405,390.08,Engineering planning estimate,Bottom-up activity-based estimate by work package
P-3.12.j,"Program Description, Procedures & Training",Power Reactor,shared_program,power_reactor_engineering,licensing_authorization,licensing_product,2032-10-01,2036-12-31,0.497892,1.1,1848.0,226.041,89.79844,248.644557,76.59,15.318,0.0,0.0,0.0,30.636,12.2544,18.3816,60.273684,89.79844,462.098241,200.956493,663.054734,369.678592,646.937537,372.299801,414.59,Engineering planning estimate,Bottom-up activity-based estimate by work package
P-3.12.k,"FSAR Chapter 12 Drafting, Reviews & Records",Power Reactor,shared_program,power_reactor_engineering,licensing_authorization,design_engineering,2030-01-01,2033-12-31,0.826171,1.65,2772.0,260.0,174.817784,429.0,65.96975,29.98625,0.0,0.0,0.0,0.0,9.5956,14.3934,82.34175,174.817784,631.28675,301.43474,932.72149,505.0294,883.80145,456.468966,261.11,Engineering planning estimate,Bottom-up activity-based estimate by work package
P-3.13.a,Operations Organization & Staffing (RG 1.8; 10 CFR 50.54(m)),Power Reactor,shared_program,power_reactor_engineering,operations_maintenance,operations_program,2034-04-01,2035-12-31,0.201515,0.754,1266.7,212.695,35.599561,160.372094,33.525,14.9,0.0,0.0,0.0,0.0,7.45,18.625,35.230814,35.599561,270.102908,137.744367,407.847275,216.082326,378.144071,234.503347,658.73,Engineering planning estimate,Bottom-up activity-based estimate by work package
P-3.13.b,Conduct of Operations Programs & Procedures (SRP 13.5),Power Reactor,shared_program,power_reactor_engineering,operations_maintenance,operations_program,2033-10-01,2037-09-30,0.520429,0.861,1446.5,212.69,91.937072,183.126365,33.525,14.9,0.0,0.0,0.0,0.0,7.45,18.625,38.643955,91.937072,296.27032,157.296303,453.566623,237.016256,414.778448,204.333248,222.25,Engineering planning estimate,Bottom-up activity-based estimate by work package
P-3.13.c,"SAT Training Program (Initial, Continuing, Requalification)",Power Reactor,shared_program,power_reactor_engineering,licensing_authorization,licensing_product,2033-10-01,2037-12-31,0.972899,1.313,2205.8,212.766,171.919383,279.361409,88.673625,17.734725,0.0,0.0,0.0,35.46945,14.18778,21.28167,68.506299,171.919383,525.214958,239.864628,765.079586,420.171966,735.300941,353.295575,205.5,Engineering planning estimate,Bottom-up activity-based estimate by work package
P-3.13.d,Simulator Program (ANSI/ANS-3.5; RG 1.149),Power Reactor,shared_program,power_reactor_engineering,human_factors,operations_program,2034-01-01,2038-06-30,0.56802,1.925,3234.0,212.691,100.344782,409.431118,337.5,150.0,0.0,0.0,0.0,0.0,75.0,187.5,173.914668,100.344782,1333.345786,351.673863,1685.019649,1066.676629,1866.6841,1233.001004,1228.76,Engineering planning estimate,Bottom-up activity-based estimate by work package
P-3.13.e,Operator Licensing Plan (10 CFR 55; NUREG-1021),Power Reactor,shared_program,power_reactor_engineering,licensing_authorization,licensing_product,2032-01-01,2034-09-30,0.295868,1.925,3234.0,212.692,52.267201,409.431211,375.0,75.0,0.0,0.0,0.0,150.0,60.0,90.0,173.914682,52.267201,1333.345893,351.673863,1685.019756,1066.676714,1866.68425,1281.078692,2451.02,Engineering planning estimate,Bottom-up activity-based estimate by work package
P-3.13.f,Emergency Preparedness (EP) Training & ERO Integration (50.47/App E),Power Reactor,shared_program,power_reactor_engineering,licensing_authorization,licensing_product,2036-01-01,2038-06-30,0.308034,1.1,1848.0,212.693,54.416795,233.962673,77.1075,15.4215,0.0,0.0,0.0,30.843,12.3372,18.5058,58.226651,54.416795,446.404324,200.956493,647.360817,357.123459,624.966054,391.987529,720.34,Engineering planning estimate,Bottom-up activity-based estimate by work package
P-3.13.g,Security & FFD Training Interfaces (10 CFR 73.55; 10 CFR 26),Power Reactor,shared_program,power_reactor_engineering,licensing_authorization,licensing_product,2034-04-01,2038-03-31,0.508536,1.1,1848.0,212.691,89.83651,233.96064,77.1075,15.4215,0.0,0.0,0.0,30.843,12.3372,18.5058,58.226346,89.83651,446.401986,200.956493,647.358479,357.121589,624.96278,356.565476,396.9,Engineering planning estimate,Bottom-up activity-based estimate by work package
P-3.13.h,Operations Programs Readiness & Pre-Op Turnover,Power Reactor,shared_program,power_reactor_engineering,operations_maintenance,operations_program,2034-04-01,2038-06-30,0.53225,0.873,1466.6,212.691,94.025752,185.679662,33.525,14.9,0.0,0.0,0.0,0.0,7.45,18.625,39.026949,94.025752,299.206611,159.482031,458.688642,239.365289,418.889256,205.180859,218.22,Engineering planning estimate,Bottom-up activity-based estimate by work package
P-3.13.i,"Training & Qualification Records, Audits, and QA",Power Reactor,shared_program,power_reactor_engineering,licensing_authorization,licensing_product,2034-07-01,2038-09-30,0.463912,1.1,1848.0,211.123,79.602411,232.234795,88.673625,17.734725,0.0,0.0,0.0,35.46945,14.18778,21.28167,61.437307,79.602411,471.019352,200.956493,671.975845,376.815481,659.427092,391.416941,491.71,Engineering planning estimate,Bottom-up activity-based estimate by work package
P-3.13.j,"FSAR Chapter 13 Drafting, Reviews & Records",Power Reactor,shared_program,power_reactor_engineering,licensing_authorization,licensing_product,2031-04-01,2034-03-31,0.902123,1.65,2772.0,260.0,190.889227,429.0,77.1075,15.4215,0.0,0.0,0.0,30.843,12.3372,18.5058,87.48225,190.889227,670.69725,301.43474,972.13199,536.5578,938.97615,479.808023,251.35,Engineering planning estimate,Bottom-up activity-based estimate by work package
P-3.14.a,ITP Planning & Master Test Matrix (RG 1.68 Alignment),Power Reactor,shared_program,power_reactor_construction,test_commissioning,test_experiment,2034-01-01,2034-09-30,0.230248,5.0,8400.0,218.588,41.105183,1092.940547,128.671875,21.445312,128.671875,128.671875,0.0,0.0,21.445312,1e-06,182.621616,41.105183,1704.468413,0.0,1704.468413,1363.57473,2386.255778,1663.36323,4046.6,Preliminary capital estimate,Bottom-up activity-based estimate by work package
P-3.14.b,Prerequisite Verification & Turnover to Testing,Power Reactor,shared_program,power_reactor_construction,site_environmental,test_experiment,2034-10-01,2035-09-30,0.413574,5.0,8400.0,217.125,73.207385,1085.626212,147.002342,24.500391,147.002344,147.002344,0.0,0.0,24.500391,0.0,189.076083,73.207385,1764.710107,0.0,1764.710107,1411.768086,2470.59415,1691.502722,2310.56,Preliminary capital estimate,Bottom-up activity-based estimate by work package
P-3.14.c,Preoperational Tests (System-Level),Power Reactor,shared_program,power_reactor_construction,test_commissioning,test_experiment,2034-10-01,2035-09-30,0.265568,6.0,10080.0,218.546,47.401646,1311.278166,127.828124,21.304688,127.828125,127.828125,0.0,0.0,21.304688,0.0,208.48463,47.401646,1945.856546,0.0,1945.856546,1556.685237,2724.199164,1898.4549,4005.04,Preliminary capital estimate,Bottom-up activity-based estimate by work package
P-3.14.d,Cold Functional Testing (CFT),Power Reactor,shared_program,power_reactor_construction,test_commissioning,test_experiment,2035-01-01,2035-12-31,0.501881,5.0,8400.0,217.121,88.837183,1085.607295,127.828124,21.304688,127.828125,127.828125,0.0,0.0,21.304688,0.0,181.404125,88.837183,1693.10517,0.0,1693.10517,1354.484136,2370.347239,1604.267987,1805.85,Preliminary capital estimate,Bottom-up activity-based estimate by work package
P-3.14.e,Hot Functional Testing (HFT),Power Reactor,shared_program,power_reactor_construction,test_commissioning,test_experiment,2035-01-01,2035-12-31,0.53203,6.0,10080.0,217.121,94.174299,1302.728023,270.0,45.0,270.0,270.0,0.0,0.0,45.0,0.0,264.327363,94.174299,2467.055386,0.0,2467.055386,1973.644309,3453.87754,2372.881087,2519.67,Preliminary capital estimate,Bottom-up activity-based estimate by work package
P-3.14.f,"Fuel Receipt, Inspection & Load Readiness",Power Reactor,shared_program,power_reactor_construction,test_commissioning,test_experiment,2035-04-01,2036-03-31,0.284275,4.0,6720.0,218.542,50.739867,874.166986,127.828124,21.304688,127.828125,127.828125,0.0,0.0,21.304688,0.0,156.031288,50.739867,1456.292024,0.0,1456.292024,1165.033619,2038.808834,1405.552157,2770.11,Preliminary capital estimate,Bottom-up activity-based estimate by work package
P-3.14.g,Initial Criticality & Low-Power Physics Testing (LPPT),Power Reactor,shared_program,power_reactor_construction,neutronics,analysis_model,2035-01-01,2035-09-30,0.536048,6.0,10080.0,216.536,94.55623,1299.21841,270.0,45.0,270.0,270.0,0.0,0.0,45.0,0.0,263.906209,94.55623,2463.124619,0.0,2463.124619,1970.499695,3448.374467,2368.568389,2504.93,Preliminary capital estimate,Bottom-up activity-based estimate by work package
P-3.14.h,Power Ascension Testing (PAT),Power Reactor,shared_program,power_reactor_construction,test_commissioning,test_experiment,2035-01-01,2035-12-31,0.414559,8.0,13440.0,217.129,73.383302,1737.032654,270.0,45.0,270.0,270.0,0.0,0.0,45.0,0.0,316.443918,73.383302,2953.476572,0.0,2953.476572,2362.781258,4134.867201,2880.09327,3924.73,Preliminary capital estimate,Bottom-up activity-based estimate by work package
P-3.14.i,Digital I&C Platform Verification & Setpoint As-Left,Power Reactor,shared_program,power_reactor_construction,instrumentation_controls,test_experiment,2035-04-01,2036-03-31,0.474743,5.0,8400.0,217.121,84.033727,1085.603948,172.567968,28.761328,172.567969,172.567969,0.0,0.0,28.761328,0.0,199.299661,84.033727,1860.130171,0.0,1860.130171,1488.104137,2604.18224,1776.096444,2113.55,Preliminary capital estimate,Bottom-up activity-based estimate by work package
P-3.14.j,Pre-Service & Initial Inservice Testing (ASME OM),Power Reactor,shared_program,power_reactor_construction,test_commissioning,test_experiment,2035-04-01,2036-03-31,0.503825,4.0,6720.0,217.121,89.181513,868.485248,127.828124,21.304688,127.828125,127.828125,0.0,0.0,21.304688,0.0,155.34948,89.181513,1449.928478,0.0,1449.928478,1159.942782,2029.899869,1360.746965,1525.82,Preliminary capital estimate,Bottom-up activity-based estimate by work package
P-3.14.k,Containment Leakage Tests & Special Programs (Interfaces),Power Reactor,shared_program,power_reactor_construction,test_commissioning,test_experiment,2034-04-01,2036-03-31,1.183409,4.0,6720.0,217.124,209.476732,868.495998,171.428906,28.571484,171.428906,171.428906,0.0,0.0,28.571484,2e-06,172.791082,209.476732,1612.716768,0.0,1612.716768,1290.173415,2257.803476,1403.240036,669.88,Preliminary capital estimate,Bottom-up activity-based estimate by work package
P-3.14.n,"Data Acquisition, Calibration (M&TE) & Uncertainty",Power Reactor,shared_program,power_reactor_construction,instrumentation_controls,analysis_model,2031-07-01,2033-09-30,0.284275,4.0,6720.0,218.542,50.739867,874.166986,84.375,14.0625,84.375,84.375,0.0,0.0,14.0625,0.0,138.650038,50.739867,1294.067024,0.0,1294.067024,1035.253619,1811.693834,1243.327157,2450.39,Preliminary capital estimate,Bottom-up activity-based estimate by work package
P-3.14.o,"Test Exceptions, NCR/CAP, and Resolution",Power Reactor,shared_program,power_reactor_construction,test_commissioning,test_experiment,2035-07-01,2036-03-31,0.248289,3.0,5040.0,218.555,44.3194,655.664548,127.828124,21.304688,127.828125,127.828125,0.0,0.0,21.304688,0.0,129.810996,44.3194,1211.569294,0.0,1211.569294,969.255435,1696.197011,1167.249894,2633.72,Preliminary capital estimate,Bottom-up activity-based estimate by work package
P-3.14.p,"FSAR Chapter 14 Drafting, QA Reviews & Records",Power Reactor,shared_program,power_reactor_construction,licensing_authorization,test_experiment,2034-04-01,2036-03-31,1.151393,4.0,6720.0,249.922,234.625651,999.68876,98.001563,19.600313,78.40125,156.802499,0.0,0.0,31.3605,7.840125,167.003401,234.625651,1558.698411,0.0,1558.698411,1246.958729,2182.177776,1324.07276,564.33,Preliminary capital estimate,Bottom-up activity-based estimate by work package
P-3.15.a,"Event Selection, Classification & Success Criteria",Power Reactor,shared_program,power_reactor_engineering,safety_analysis,analysis_model,2029-04-01,2031-06-30,0.167343,1.06,1780.8,260.0,35.409779,275.6,87.165,77.48,0.0,0.0,0.0,0.0,9.685,19.37,70.395,35.409779,539.695,278.854538,818.549538,431.756,755.573,504.285221,1424.14,Engineering planning estimate,Bottom-up activity-based estimate by work package
P-3.15.b,"Methods, Models & Configuration Control (RG 1.203)",Power Reactor,shared_program,power_reactor_engineering,safety_analysis,analysis_model,2029-04-01,2033-03-30,0.825055,7.0,11760.0,260.0,174.581638,1820.0,315.0,280.0,0.0,0.0,0.0,0.0,35.0,70.0,378.0,174.581638,2898.0,1841.49223,4739.49223,2318.4,4057.2,2723.418362,1559.97,Engineering planning estimate,Bottom-up activity-based estimate by work package
P-3.15.c,"Initial Conditions, Bias/Uncertainty & Parameter Distributions",Power Reactor,shared_program,power_reactor_engineering,safety_analysis,analysis_model,2029-07-01,2032-06-30,0.220861,1.125,1890.0,260.0,46.734188,292.5,87.165,77.48,0.0,0.0,0.0,0.0,9.685,19.37,72.93,46.734188,559.13,295.954108,855.084108,447.304,782.782,512.395812,1096.4,Engineering planning estimate,Bottom-up activity-based estimate by work package
P-3.15.d,AOO Transients (Non-LOCA) - Thermal Limit & Fuel Criteria,Power Reactor,shared_program,power_reactor_engineering,thermal_hydraulics,analysis_model,2029-10-01,2032-12-30,0.550595,7.0,11760.0,252.249,112.579508,1765.740989,225.0,200.0,0.0,0.0,0.0,0.0,25.0,50.0,339.861148,112.579508,2605.602137,1918.221073,4523.82321,2084.48171,3647.842992,2493.022629,2214.46,Engineering planning estimate,Bottom-up activity-based estimate by work package
P-3.15.e,LOCA Analyses (Small/Medium/Large Break) & ECCS Criteria (50.46),Power Reactor,shared_program,power_reactor_engineering,thermal_hydraulics,analysis_model,2030-01-01,2032-09-30,0.574213,8.0,13440.0,252.248,117.408201,2017.982874,270.0,240.0,0.0,0.0,0.0,0.0,30.0,60.0,392.697431,117.408201,3010.680305,2192.252655,5202.93296,2408.544244,4214.952427,2893.272104,2464.28,Engineering planning estimate,Bottom-up activity-based estimate by work package
P-3.15.f,ATWS Analyses (10 CFR 50.62),Power Reactor,shared_program,power_reactor_engineering,safety_analysis,analysis_model,2029-10-01,2032-12-30,0.272641,1.132,1901.8,260.0,57.690836,294.32,87.165,77.48,0.0,0.0,0.0,0.0,9.685,19.37,73.203,57.690836,561.223,297.801864,859.024864,448.9784,785.7122,503.532164,872.81,Engineering planning estimate,Bottom-up activity-based estimate by work package
P-3.15.g,Containment Response & Mass/Energy Releases (Interfaces to Ch.6),Power Reactor,shared_program,power_reactor_engineering,thermal_hydraulics,analysis_model,2029-01-01,2033-06-30,1.029683,1.609,2703.1,252.248,210.537446,405.86713,125.874,111.888,0.0,0.0,0.0,0.0,13.986,27.972,102.83807,210.537446,788.425199,440.913553,1229.338752,630.74016,1103.795279,577.887753,274.48,Engineering planning estimate,Bottom-up activity-based estimate by work package
P-3.15.h,Radiological Consequence Analyses (AST/TID) & Habitability,Power Reactor,shared_program,power_reactor_engineering,safety_analysis,analysis_model,2030-04-01,2032-06-30,0.210192,1.925,3234.0,260.0,44.476627,500.5,270.0,240.0,0.0,0.0,0.0,0.0,30.0,60.0,165.075,44.476627,1265.575,506.410363,1771.985363,1012.46,1771.805,1221.098373,2745.48,Engineering planning estimate,Bottom-up activity-based estimate by work package
P-3.15.i,Setpoint/Allowable Value Derivation & Tech Spec Interfaces,Power Reactor,shared_program,power_reactor_engineering,instrumentation_controls,analysis_model,2029-04-01,2033-09-30,0.493481,1.118,1878.2,260.0,104.42058,290.68,83.8125,74.5,0.0,0.0,0.0,0.0,9.3125,18.625,71.5395,104.42058,548.4695,269.59749,818.06699,438.7756,767.8573,444.04892,425.25,Engineering planning estimate,Bottom-up activity-based estimate by work package
P-3.15.j,Best-Estimate + Uncertainty (BEPU) / Sensitivity Studies,Power Reactor,shared_program,power_reactor_engineering,safety_analysis,analysis_model,2030-07-01,2033-03-31,0.241582,1.153,1937.0,260.0,51.118751,299.78,87.165,77.48,0.0,0.0,0.0,0.0,9.685,19.37,74.022,51.118751,567.502,303.313814,870.815814,454.0016,794.5028,516.383249,1010.16,Engineering planning estimate,Bottom-up activity-based estimate by work package
P-3.15.k,"Results, Margins & Cross-Chapter Consistency",Power Reactor,shared_program,power_reactor_engineering,safety_analysis,analysis_model,2030-10-01,2033-03-31,0.220841,1.087,1826.2,260.0,46.729956,282.62,86.58,76.96,0.0,0.0,0.0,0.0,9.62,19.24,71.253,46.729956,546.273,285.9637,832.2367,437.0184,764.7822,499.543044,1069.0,Engineering planning estimate,Bottom-up activity-based estimate by work package
P-3.15.l,"FSAR Chapter 15 Authoring, Peer Review & Records",Power Reactor,shared_program,power_reactor_engineering,licensing_authorization,analysis_model,2029-07-01,2033-12-30,0.902123,1.65,2772.0,260.0,190.889227,429.0,77.625,69.0,0.0,0.0,0.0,0.0,8.625,17.25,90.225,190.889227,691.725,361.721688,1053.446688,553.38,968.415,500.835773,262.37,Engineering planning estimate,Bottom-up activity-based estimate by work package
P-3.16.a,Requirements Harvest & Traceability to TS Items,Power Reactor,shared_program,power_reactor_engineering,systems_engineering,design_engineering,2030-01-01,2031-12-31,0.10095,0.787,1322.2,247.785,20.604698,195.006555,57.365,26.075,0.0,0.0,0.0,0.0,8.344,12.516,44.895983,20.604698,344.202538,143.779586,487.982124,275.362031,481.883554,323.59784,1570.51,Engineering planning estimate,Bottom-up activity-based estimate by work package
P-3.16.b,TS Drafting Using STS Templates,Power Reactor,shared_program,power_reactor_engineering,licensing_authorization,design_engineering,2031-10-01,2033-06-30,0.115296,0.702,1179.4,260.0,24.396633,182.52,65.96975,29.98625,0.0,0.0,0.0,0.0,9.5956,14.3934,45.36975,24.396633,347.83475,128.25113,476.08588,278.2678,486.96865,323.438117,1325.75,Engineering planning estimate,Bottom-up activity-based estimate by work package
P-3.16.c,Setpoint / Allowable Value Derivation & Tables (RG 1.105),Power Reactor,shared_program,power_reactor_engineering,instrumentation_controls,design_engineering,2031-01-01,2033-03-31,0.120712,0.85,1428.0,260.0,25.542659,221.0,71.70625,32.59375,0.0,0.0,0.0,0.0,10.43,15.645,52.70625,25.542659,404.08125,170.813019,574.894269,323.265,565.71375,378.538591,1481.99,Engineering planning estimate,Bottom-up activity-based estimate by work package
P-3.16.d,Risk-Informed AOT/CT & STI Evaluations (RG 1.177 / 1.174),Power Reactor,shared_program,power_reactor_engineering,licensing_authorization,analysis_model,2030-10-01,2032-12-31,0.129114,0.773,1298.6,260.0,27.320522,200.98,77.625,69.0,0.0,0.0,0.0,0.0,8.625,17.25,56.022,27.320522,429.502,169.455911,598.957911,343.6016,601.3028,402.181478,1472.09,Engineering planning estimate,Bottom-up activity-based estimate by work package
P-3.16.e,COLR & Operating Limits Integration,Power Reactor,shared_program,power_reactor_engineering,licensing_authorization,design_engineering,2031-07-01,2033-09-30,0.137037,0.731,1228.1,260.0,28.997029,190.06,65.96975,29.98625,0.0,0.0,0.0,0.0,9.5956,14.3934,46.50075,28.997029,356.50575,133.546899,490.052649,285.2046,499.10805,327.508721,1129.46,Engineering planning estimate,Bottom-up activity-based estimate by work package
P-3.16.f,Operability Determinations & Functionality Guidance,Power Reactor,shared_program,power_reactor_engineering,operations_maintenance,operations_program,2034-07-01,2036-03-31,0.152777,0.696,1169.3,260.0,32.327613,180.96,33.525,14.9,0.0,0.0,0.0,0.0,7.45,18.625,38.319,32.327613,293.779,127.152829,420.931829,235.0232,411.2906,261.451387,808.76,Engineering planning estimate,Bottom-up activity-based estimate by work package
P-3.16.g,"Internal Consistency, Verification & Peer Review",Power Reactor,shared_program,power_reactor_engineering,licensing_authorization,design_engineering,2032-01-01,2033-12-31,0.088415,0.836,1404.5,260.0,18.708614,217.36,75.865212,34.484187,0.0,0.0,0.0,0.0,11.03494,16.552411,53.294512,18.708614,408.591262,152.72911,561.320372,326.87301,572.027767,389.882648,2083.97,Engineering planning estimate,Bottom-up activity-based estimate by work package
P-3.16.h,"Submittal Packaging, RAIs & Configuration Control",Power Reactor,shared_program,power_reactor_engineering,licensing_authorization,licensing_product,2030-04-01,2033-06-30,0.257573,1.1,1848.0,260.0,54.502447,286.0,77.1075,15.4215,0.0,0.0,0.0,30.843,12.3372,18.5058,66.03225,54.502447,506.24725,200.956493,707.203743,404.9978,708.74615,451.744803,828.85,Engineering planning estimate,Bottom-up activity-based estimate by work package
P-3.17.a,"QA Organization, Responsibilities & Interfaces",Power Reactor,shared_program,power_reactor_engineering,quality_configuration,design_engineering,2029-01-01,2034-03-30,0.510771,0.825,1386.0,209.821,87.092339,173.102055,57.365,26.075,0.0,0.0,0.0,0.0,8.344,12.516,41.610308,87.092339,319.012363,150.71737,469.729733,255.209891,446.617309,231.920024,266.29,Engineering planning estimate,Bottom-up activity-based estimate by work package
P-3.17.b,QA Program Description (QAPD/QATR) & Manual,Power Reactor,shared_program,power_reactor_engineering,quality_configuration,design_engineering,2029-01-01,2034-06-30,0.531094,0.825,1386.0,209.821,90.557693,173.102148,57.365,26.075,0.0,0.0,0.0,0.0,8.344,12.516,41.610322,90.557693,319.01247,150.71737,469.72984,255.209976,446.617458,228.454777,252.28,Engineering planning estimate,Bottom-up activity-based estimate by work package
P-3.17.c,Design Control (Appendix B III) & Configuration Management,Power Reactor,shared_program,power_reactor_engineering,quality_configuration,design_engineering,2029-01-01,2034-06-30,0.994901,1.343,2256.2,209.676,169.522986,281.595007,57.75,26.25,0.0,0.0,0.0,0.0,8.4,12.6,57.989251,169.522986,444.584258,245.34526,689.929518,355.667406,622.417961,275.061272,162.26,Engineering planning estimate,Bottom-up activity-based estimate by work package
P-3.17.d,Procurement Document Control & Supplier Qualification,Power Reactor,shared_program,power_reactor_engineering,procurement_fabrication,procurement_fabrication,2031-10-01,2035-03-31,0.365014,1.101,1849.7,211.12,62.631668,232.442681,70.9389,11.82315,70.9389,70.9389,0.0,0.0,11.82315,0.0,70.335852,62.631668,539.241533,201.141356,740.382889,431.393227,754.938146,476.609865,760.97,Engineering planning estimate,Bottom-up activity-based estimate by work package
P-3.17.e,Commercial-Grade Dedication (CGD),Power Reactor,shared_program,power_reactor_engineering,quality_configuration,design_engineering,2030-07-01,2034-06-30,0.243615,0.813,1365.8,211.228,41.823012,171.72825,57.365,26.075,0.0,0.0,0.0,0.0,8.344,12.516,41.404238,41.823012,317.432487,148.520768,465.953255,253.94599,444.405482,275.609475,658.99,Engineering planning estimate,Bottom-up activity-based estimate by work package
P-3.17.f,Software QA (NQA-1 Subpart 2.7) & Tool Qualification,Power Reactor,shared_program,power_reactor_engineering,quality_configuration,design_engineering,2031-10-01,2034-06-30,0.43439,0.897,1507.0,211.122,74.53673,189.376877,36.225,6.0375,36.225,36.225,0.0,0.0,6.0375,0.0,46.519032,74.53673,356.645909,163.875236,520.521145,285.316727,499.304272,282.109179,378.48,Engineering planning estimate,Bottom-up activity-based estimate by work package
P-3.17.g,"Instructions, Procedures, & Drawings (Criterion VI)",Power Reactor,shared_program,power_reactor_engineering,quality_configuration,design_engineering,2030-10-01,2033-12-31,0.177314,0.797,1339.0,211.233,30.441425,168.352664,57.365,26.075,0.0,0.0,0.0,0.0,8.344,12.516,40.8979,30.441425,313.550564,145.606464,459.157028,250.840451,438.970789,283.109139,930.01,Engineering planning estimate,Bottom-up activity-based estimate by work package
P-3.17.h,Identification & Control of Items; M&TE/Calibration,Power Reactor,shared_program,power_reactor_engineering,quality_configuration,design_engineering,2031-01-01,2034-06-30,0.193881,0.807,1355.8,211.233,33.285627,170.464822,57.365,26.075,0.0,0.0,0.0,0.0,8.344,12.516,41.214723,33.285627,315.979545,147.433341,463.412886,252.783636,442.371363,282.693918,849.3,Engineering planning estimate,Bottom-up activity-based estimate by work package
P-3.17.i,"Inspection, Test, & Special Processes (Criteria X & IX)",Power Reactor,shared_program,power_reactor_engineering,quality_configuration,test_experiment,2032-04-01,2034-06-30,0.336747,0.827,1389.4,215.333,59.29193,178.080018,68.175,11.3625,68.175,68.175,0.0,0.0,11.3625,0.0,60.799503,59.29193,466.129521,181.304514,647.434035,372.903617,652.581329,406.837591,686.16,Engineering planning estimate,Bottom-up activity-based estimate by work package
P-3.17.j,"Audits, Surveillances & Self-Assessments",Power Reactor,shared_program,power_reactor_engineering,quality_configuration,analysis_model,2029-04-01,2034-09-30,0.482203,0.855,1436.4,211.235,82.786016,180.60627,67.05,59.6,0.0,0.0,0.0,0.0,7.45,14.9,49.44094,82.786016,379.047211,187.437602,566.484813,303.237768,530.666095,296.261194,357.86,Engineering planning estimate,Bottom-up activity-based estimate by work package
P-3.17.k,"Nonconformance, Corrective Action (CAP) & 10 CFR 21",Power Reactor,shared_program,power_reactor_engineering,quality_configuration,design_engineering,2032-01-01,2034-12-31,0.249223,0.787,1322.2,211.233,42.786813,166.240286,57.365,26.075,0.0,0.0,0.0,0.0,8.344,12.516,40.581043,42.786813,311.121329,143.779586,454.900915,248.897063,435.56986,268.334516,627.14,Engineering planning estimate,Bottom-up activity-based estimate by work package
P-3.17.l,"Records, Document Control & Data Retention",Power Reactor,shared_program,power_reactor_engineering,quality_configuration,design_engineering,2029-07-01,2035-03-31,0.556752,0.814,1367.5,211.05,95.499436,171.794876,57.365,26.075,0.0,0.0,0.0,0.0,8.344,12.516,41.414231,95.499436,317.509107,148.70563,466.214737,254.007286,444.51275,222.009671,232.47,Engineering planning estimate,Bottom-up activity-based estimate by work package
P-3.17.m,"Training, Qualification & Indoctrination",Power Reactor,shared_program,power_reactor_engineering,licensing_authorization,licensing_product,2036-04-01,2038-12-31,0.296916,1.1,1848.0,211.117,50.946191,232.228236,88.673625,17.734725,0.0,0.0,0.0,35.46945,14.18778,21.28167,61.436323,50.946191,471.011809,200.956493,671.968302,376.809447,659.416532,420.065618,824.53,Engineering planning estimate,Bottom-up activity-based estimate by work package
P-3.17.n,"FSAR Chapter 17 Drafting, Reviews & Submittal",Power Reactor,shared_program,power_reactor_engineering,licensing_authorization,design_engineering,2032-10-01,2034-03-31,0.415047,1.65,2772.0,260.0,87.823946,429.0,65.96975,29.98625,0.0,0.0,0.0,0.0,9.5956,14.3934,82.34175,87.823946,631.28675,301.434746,932.721496,505.0294,883.80145,543.462804,618.81,Engineering planning estimate,Bottom-up activity-based estimate by work package
P-3.18.a,HFE Program Plan (HFEPP) & Governance,Power Reactor,shared_program,power_reactor_engineering,human_factors,operations_program,2031-01-01,2035-09-30,0.473781,0.847,1423.0,221.428,86.552869,187.549607,33.75,15.0,0.0,0.0,0.0,0.0,7.5,18.75,39.382441,86.552869,301.932048,154.74085,456.672898,241.545638,422.704867,215.379179,248.84,Engineering planning estimate,Bottom-up activity-based estimate by work package
P-3.18.b,Operating Experience Review (OER),Power Reactor,shared_program,power_reactor_engineering,human_factors,design_engineering,2030-01-01,2032-09-30,0.188159,0.797,1339.0,221.671,34.405461,176.671941,57.365,26.075,0.0,0.0,0.0,0.0,8.344,12.516,42.145791,34.405461,323.117732,145.606464,468.724196,258.494186,452.364825,288.712271,839.15,Engineering planning estimate,Bottom-up activity-based estimate by work package
P-3.18.c,Functional Requirements Analysis & Function Allocation (FRA/FA),Power Reactor,shared_program,power_reactor_engineering,systems_engineering,design_engineering,2029-01-01,2032-03-30,0.544278,0.888,1491.8,247.882,111.124095,220.119609,57.365,26.075,0.0,0.0,0.0,0.0,8.344,12.516,48.662941,111.124095,373.08255,162.222347,535.304897,298.46604,522.31557,261.958455,235.74,Engineering planning estimate,Bottom-up activity-based estimate by work package
P-3.18.d,Task Analysis (Normal/Abnormal/Emergency) & TIHA,Power Reactor,shared_program,power_reactor_engineering,human_factors,analysis_model,2029-10-01,2033-03-30,0.3991,0.858,1441.4,221.519,72.934652,190.06293,67.05,59.6,0.0,0.0,0.0,0.0,7.45,14.9,50.85944,72.934652,389.92237,188.090058,578.012428,311.937896,545.891317,316.987718,434.62,Engineering planning estimate,Bottom-up activity-based estimate by work package
P-3.18.e,"Staffing, Qualifications & Workload",Power Reactor,shared_program,power_reactor_engineering,human_factors,operations_program,2033-07-01,2036-03-31,0.398221,0.923,1550.6,221.518,72.773785,204.46086,25.7025,4.28375,25.7025,25.7025,0.0,0.0,4.28375,0.0,43.520379,72.773785,333.656239,168.616417,502.272656,266.924991,467.118735,260.882454,358.48,Engineering planning estimate,Bottom-up activity-based estimate by work package
P-3.18.f,HSI Style Guide & Alarm Philosophy,Power Reactor,shared_program,power_reactor_engineering,human_factors,operations_program,2032-07-01,2035-06-30,0.25384,0.803,1349.0,221.671,46.41544,178.001982,33.525,14.9,0.0,0.0,0.0,0.0,7.45,18.625,37.875297,46.41544,290.377279,146.69389,437.071169,232.301823,406.528191,243.961839,525.6,Engineering planning estimate,Bottom-up activity-based estimate by work package
P-3.18.g,"HSI Detailed Design - Displays, Controls, Alarms & Procedures Hooks",Power Reactor,shared_program,power_reactor_engineering,human_factors,design_engineering,2030-07-01,2032-12-31,0.310882,0.903,1517.0,221.516,56.812457,200.028956,65.96975,29.98625,0.0,0.0,0.0,0.0,9.5956,14.3934,47.996093,56.812457,367.970049,164.962663,532.932712,294.37604,515.158069,311.157592,547.69,Engineering planning estimate,Bottom-up activity-based estimate by work package
P-3.18.h,Procedures Integration (EOPs/AOPs/Normal) & HSI Linkage,Power Reactor,shared_program,power_reactor_engineering,human_factors,operations_program,2033-01-01,2035-03-31,0.188697,0.777,1305.4,221.671,34.503837,172.238521,33.525,14.9,0.0,0.0,0.0,0.0,7.45,18.625,37.010778,34.503837,283.749299,141.952709,425.702008,226.999439,397.249019,249.245462,722.37,Engineering planning estimate,Bottom-up activity-based estimate by work package
P-3.18.i,Training Integration (SAT) & Simulator Scenarios,Power Reactor,shared_program,power_reactor_engineering,human_factors,licensing_product,2033-04-01,2035-09-30,0.213193,1.1,1848.0,221.671,38.983009,243.83833,67.05,13.41,0.0,0.0,0.0,26.82,10.728,16.092,56.69075,38.983009,434.629079,200.956493,635.585572,347.703264,608.480711,395.646071,1014.92,Engineering planning estimate,Bottom-up activity-based estimate by work package
P-3.18.j,Human Reliability Analysis (HRA) - PRA Interfaces,Power Reactor,shared_program,power_reactor_engineering,risk_pra,analysis_model,2029-04-01,2034-06-30,1.236726,1.67,2805.6,221.461,225.960027,369.840226,91.125,81.0,0.0,0.0,0.0,0.0,10.125,20.25,85.851034,225.960027,658.19126,421.022122,1079.213382,526.553008,921.467764,432.231233,191.29,Engineering planning estimate,Bottom-up activity-based estimate by work package
P-3.18.k,Formative Evaluations (Rapid Iteration),Power Reactor,shared_program,power_reactor_engineering,human_factors,analysis_model,2030-10-01,2033-09-30,0.245922,0.837,1406.2,221.667,44.966968,185.535647,67.05,59.6,0.0,0.0,0.0,0.0,7.45,14.9,50.180347,44.966968,384.715994,183.496767,568.212761,307.772795,538.602392,339.749026,755.55,Engineering planning estimate,Bottom-up activity-based estimate by work package
P-3.18.l,HFE Verification & Validation (V&V) Plan & Readiness,Power Reactor,shared_program,power_reactor_engineering,human_factors,test_experiment,2035-01-01,2036-12-31,0.35835,0.957,1607.8,221.382,65.431595,211.862748,78.40125,13.066875,78.40125,78.40125,0.0,0.0,13.066875,0.0,70.980037,65.431595,544.180285,209.803799,753.984084,435.344228,761.852399,478.74869,731.68,Engineering planning estimate,Bottom-up activity-based estimate by work package
P-3.18.m,Integrated System Validation (ISV) - Execution,Power Reactor,shared_program,power_reactor_engineering,human_factors,test_experiment,2032-01-01,2034-06-30,0.377536,2.75,4620.0,221.382,68.934795,608.801012,300.0,50.0,300.0,300.0,0.0,0.0,50.0,0.0,241.320152,68.934795,1850.121164,602.86948,2452.990644,1480.096931,2590.169629,1781.186369,2583.87,Engineering planning estimate,Bottom-up activity-based estimate by work package
P-3.18.n,Control Room/HSI Physical & Environmental Ergonomics,Power Reactor,shared_program,power_reactor_engineering,site_environmental,design_engineering,2031-10-01,2034-06-30,0.196595,0.855,1436.4,221.664,35.946976,189.522354,71.225,32.375,0.0,0.0,0.0,0.0,10.36,15.54,47.853353,35.946976,366.875707,156.198002,523.073709,293.500566,513.62599,330.928731,920.6,Engineering planning estimate,Bottom-up activity-based estimate by work package
P-3.18.o,Closure & FSAR Chapter 18 Authoring,Power Reactor,shared_program,power_reactor_engineering,licensing_authorization,design_engineering,2031-10-01,2033-12-31,0.282185,1.65,2772.0,260.0,59.710346,429.0,65.96975,29.98625,0.0,0.0,0.0,0.0,9.5956,14.3934,82.34175,59.710346,631.28675,301.43474,932.72149,505.0294,883.80145,571.576404,957.25,Engineering planning estimate,Bottom-up activity-based estimate by work package
P-3.19.a,PRA Scope Definition & Governance,Power Reactor,shared_program,power_reactor_engineering,risk_pra,analysis_model,2029-04-01,2034-03-30,1.28874,1.74,2923.2,256.405,272.697384,446.144559,90.5175,80.46,0.0,0.0,0.0,0.0,10.0575,20.115,97.094184,272.697384,744.388743,438.669756,1183.058499,595.510994,1042.14424,471.691359,172.97,Engineering planning estimate,Bottom-up activity-based estimate by work package
P-3.19.b,Internal Events (At-Power) PRA Development,Power Reactor,shared_program,power_reactor_engineering,risk_pra,analysis_model,2029-04-01,2032-09-30,0.799568,3.3,5544.0,256.417,169.188589,846.176006,360.0,320.0,0.0,0.0,0.0,0.0,40.0,80.0,246.926401,169.188589,1893.102407,831.959883,2725.06229,1514.481926,2650.34337,1723.913818,1018.93,Engineering planning estimate,Bottom-up activity-based estimate by work package
P-3.19.c,Internal Fire PRA (NFPA 805/Non-805 Plants),Power Reactor,shared_program,power_reactor_engineering,risk_pra,analysis_model,2029-07-01,2032-12-30,0.592728,3.3,5544.0,256.405,125.421245,846.137431,360.0,320.0,0.0,0.0,0.0,0.0,40.0,80.0,246.920615,125.421245,1893.058046,831.959883,2725.017929,1514.446437,2650.281264,1767.636801,1409.36,Engineering planning estimate,Bottom-up activity-based estimate by work package
P-3.19.d,Internal Flood PRA,Power Reactor,shared_program,power_reactor_engineering,risk_pra,analysis_model,2029-10-01,2033-06-30,0.650554,1.242,2086.6,256.405,137.657226,318.455357,89.91,79.92,0.0,0.0,0.0,0.0,9.99,19.98,77.738304,137.657226,595.993661,313.125449,909.11911,476.794928,834.391125,458.336435,332.95,Engineering planning estimate,Bottom-up activity-based estimate by work package
P-3.19.e,Seismic PRA (SPRA) & Fragility Development,Power Reactor,shared_program,power_reactor_engineering,risk_pra,analysis_model,2030-01-01,2033-03-31,1.020665,3.3,5544.0,256.417,215.972714,846.176852,360.0,320.0,0.0,0.0,0.0,0.0,40.0,80.0,246.926528,215.972714,1893.10338,831.959883,2725.063263,1514.482704,2650.344732,1677.130666,776.55,Engineering planning estimate,Bottom-up activity-based estimate by work package
P-3.19.f,Low Power & Shutdown (LPSD) PRA,Power Reactor,shared_program,power_reactor_engineering,risk_pra,analysis_model,2029-10-01,2033-12-30,0.764322,3.3,5544.0,256.405,161.730535,846.137418,360.0,320.0,0.0,0.0,0.0,0.0,40.0,80.0,246.920613,161.730535,1893.058031,831.959883,2725.017914,1514.446425,2650.281243,1731.327496,1070.5,Engineering planning estimate,Bottom-up activity-based estimate by work package
P-3.19.g,Data Analysis & Parameter Estimation,Power Reactor,shared_program,power_reactor_engineering,risk_pra,analysis_model,2030-01-01,2032-12-31,0.5173,1.22,2049.6,256.405,109.46068,312.814438,90.5175,80.46,0.0,0.0,0.0,0.0,10.0575,20.115,77.094666,109.46068,591.059104,307.573048,898.632152,472.847283,827.482745,481.598424,439.97,Engineering planning estimate,Bottom-up activity-based estimate by work package
P-3.19.h,Human Reliability Analysis (HRA),Power Reactor,shared_program,power_reactor_engineering,risk_pra,analysis_model,2030-04-01,2033-03-31,0.575126,1.197,2011.0,256.405,121.696661,306.917114,90.5175,80.46,0.0,0.0,0.0,0.0,10.0575,20.115,76.210067,121.696661,584.277181,301.780542,886.057723,467.421745,817.988054,462.58052,380.11,Engineering planning estimate,Bottom-up activity-based estimate by work package
P-3.19.i,"Quantification, Uncertainty & Importance",Power Reactor,shared_program,power_reactor_engineering,risk_pra,analysis_model,2030-07-01,2033-06-30,0.341541,1.197,2011.0,256.374,72.270075,306.880143,90.5175,80.46,0.0,0.0,0.0,0.0,10.0575,20.115,76.204521,72.270075,584.234664,301.780542,886.015206,467.387732,817.92853,511.964589,708.4,Engineering planning estimate,Bottom-up activity-based estimate by work package
P-3.19.j,Peer Review & F&O Closure (RG 1.200),Power Reactor,shared_program,power_reactor_engineering,risk_pra,design_engineering,2032-04-01,2034-03-31,0.277369,1.925,3234.0,256.374,58.69128,493.520679,77.44275,35.20125,0.0,0.0,0.0,0.0,11.2644,16.8966,95.148852,58.69128,729.474531,404.424943,1133.899474,583.579625,1021.264343,670.783251,1142.9,Engineering planning estimate,Bottom-up activity-based estimate by work package
P-3.19.k,RIDM Applications & Programs,Power Reactor,shared_program,power_reactor_engineering,licensing_authorization,licensing_product,2029-01-01,2034-06-30,1.454398,1.963,3297.8,256.405,307.750617,503.322571,77.1075,15.4215,0.0,0.0,0.0,30.843,12.3372,18.5058,98.630636,307.750617,756.168207,358.611647,1114.779854,604.934565,1058.635489,448.41759,145.71,Engineering planning estimate,Bottom-up activity-based estimate by work package
P-3.19.l,Severe Accident Evaluation (SAE) & Containment Performance,Power Reactor,shared_program,power_reactor_engineering,risk_pra,analysis_model,2031-01-01,2034-09-30,0.746166,1.674,2812.3,256.405,157.888726,429.222109,122.198625,108.621,0.0,0.0,0.0,0.0,13.577625,27.15525,105.116191,157.888726,805.8908,422.027557,1227.918357,644.71264,1128.24712,648.002074,410.42,Engineering planning estimate,Bottom-up activity-based estimate by work package
P-3.19.m,"SAMG Development, Validation & Training",Power Reactor,shared_program,power_reactor_engineering,licensing_authorization,licensing_product,2035-04-01,2037-09-30,0.579441,1.1,1848.0,250.17,119.600912,275.186563,88.673625,17.734725,0.0,0.0,0.0,35.46945,14.18778,21.28167,67.880072,119.600912,520.413885,200.956493,721.370378,416.331108,728.579439,400.812973,335.13,Engineering planning estimate,Bottom-up activity-based estimate by work package
P-3.19.n,MBDBE & FLEX Strategy Integration (10 CFR 50.155),Power Reactor,shared_program,power_reactor_engineering,risk_pra,analysis_model,2030-01-01,2032-12-31,0.299111,1.181,1984.1,256.374,63.291887,302.778154,90.5175,80.46,0.0,0.0,0.0,0.0,10.0575,20.115,75.589223,63.291887,579.517377,297.743796,877.261173,463.613902,811.324328,516.22549,815.63,Engineering planning estimate,Bottom-up activity-based estimate by work package
P-3.19.o,FSAR Chapter 19 Authoring & Records,Power Reactor,shared_program,power_reactor_engineering,licensing_authorization,analysis_model,2029-04-01,2034-06-30,1.334337,1.801,3025.7,260.0,282.345709,468.26,77.1075,68.54,0.0,0.0,0.0,0.0,8.5675,17.135,95.9415,282.345709,735.5515,394.827313,1130.378813,588.4412,1029.7721,453.205791,160.51,Engineering planning estimate,Bottom-up activity-based estimate by work package
P-3.2.a,"Seismic Basis: PSHA, GMRS, and SSE",Power Reactor,shared_program,power_reactor_engineering,civil_structural,design_engineering,2029-01-01,2031-03-30,0.137697,2.475,4158.0,225.0,25.336248,556.875,550.0,250.0,0.0,0.0,0.0,0.0,80.0,120.0,233.53125,25.336248,1790.40625,497.367321,2287.773571,1432.325,2506.56875,1765.070002,6966.58,Engineering planning estimate,Bottom-up activity-based estimate by work package
P-3.2.b,Site Response & Liquefaction/Faulting Potential,Power Reactor,shared_program,power_reactor_engineering,site_environmental,design_engineering,2029-07-01,2031-09-30,0.093371,0.62,1041.6,225.0,17.180264,139.5,68.3375,31.0625,0.0,0.0,0.0,0.0,9.94,14.91,39.5625,17.180264,303.3125,113.266387,416.578887,242.65,424.6375,286.132236,1665.47,Engineering planning estimate,Bottom-up activity-based estimate by work package
P-3.2.c,SSI Inputs and In-Structure Response Spectra (ISRS),Power Reactor,shared_program,power_reactor_engineering,site_environmental,design_engineering,2029-07-01,2031-12-30,0.101733,2.2,3696.0,225.0,18.718872,495.0,68.81875,31.28125,0.0,0.0,0.0,0.0,10.01,15.015,93.01875,18.718872,713.14375,401.912987,1115.056737,570.515,998.40125,694.424878,3709.76,Engineering planning estimate,Bottom-up activity-based estimate by work package
P-3.2.d,Hydrology & Flooding: PMP/PMF/PMSS,Power Reactor,shared_program,power_reactor_engineering,site_environmental,design_engineering,2029-04-01,2031-12-30,0.097485,1.65,2772.0,225.0,17.93724,371.25,330.0,150.0,0.0,0.0,0.0,0.0,48.0,72.0,145.6875,17.93724,1116.9375,301.43474,1418.37224,893.55,1563.7125,1099.00026,6126.92,Engineering planning estimate,Bottom-up activity-based estimate by work package
P-3.2.e,Groundwater & Dewatering Behavior,Power Reactor,shared_program,power_reactor_engineering,site_environmental,design_engineering,2029-07-01,2031-12-30,0.104889,0.64,1075.2,225.0,19.299576,144.0,68.81875,31.28125,0.0,0.0,0.0,0.0,10.01,15.015,40.36875,19.299576,309.49375,116.920142,426.413892,247.595,433.29125,290.194174,1503.63,Engineering planning estimate,Bottom-up activity-based estimate by work package
P-3.2.f,Meteorology & Atmospheric Extremes,Power Reactor,shared_program,power_reactor_engineering,site_environmental,design_engineering,2029-07-01,2032-03-30,0.112592,1.238,2079.8,225.0,20.716928,278.55,247.5,112.5,0.0,0.0,0.0,0.0,36.0,54.0,109.2825,20.716928,837.8325,226.163049,1063.995549,670.266,1172.9655,817.115572,3944.19,Engineering planning estimate,Bottom-up activity-based estimate by work package
P-3.2.g,External Hazards (Industrial/Transportation/Pipelines/Aircraft),Power Reactor,shared_program,power_reactor_engineering,site_environmental,design_engineering,2029-10-01,2031-12-30,0.074625,0.634,1065.1,225.0,13.731,142.65,69.3,31.5,0.0,0.0,0.0,0.0,10.08,15.12,40.2975,13.731,308.9475,115.82184,424.76934,247.158,432.5265,295.2165,2150.0,Engineering planning estimate,Bottom-up activity-based estimate by work package
P-3.2.h,Site Parameters Rollup & Interfaces,Power Reactor,shared_program,power_reactor_engineering,site_environmental,design_engineering,2029-04-01,2032-09-30,0.211827,0.653,1097.0,225.0,38.976168,146.925,68.3375,31.0625,0.0,0.0,0.0,0.0,9.94,14.91,40.67625,38.976168,311.85125,119.290732,431.141982,249.481,436.59175,272.875082,700.11,Engineering planning estimate,Bottom-up activity-based estimate by work package
P-3.2.i,GIS/Data Management & Records QA,Power Reactor,shared_program,power_reactor_engineering,site_environmental,design_engineering,2029-04-01,2032-09-30,0.249089,0.681,1144.1,225.0,45.832376,153.225,69.3,31.5,0.0,0.0,0.0,0.0,10.08,15.12,41.88375,45.832376,321.10875,124.412513,445.521263,256.887,449.55225,275.276374,600.62,Engineering planning estimate,Bottom-up activity-based estimate by work package
P-3.2.j,FSAR Chapter 2 Drafting & NRC Interaction,Power Reactor,shared_program,power_reactor_engineering,licensing_authorization,design_engineering,2029-10-01,2031-12-30,0.132145,1.65,2772.0,260.0,27.961882,429.0,63.31325,28.77875,0.0,0.0,0.0,0.0,9.2092,13.8138,81.61725,27.961882,625.73225,301.43474,927.16699,500.5858,876.02515,597.770368,2137.8,Engineering planning estimate,Bottom-up activity-based estimate by work package
P-3.3.a,"Seismic Categorization, Load Combinations & Demand Definition",Power Reactor,shared_program,power_reactor_engineering,civil_structural,design_engineering,2029-04-01,2031-09-30,0.265445,0.819,1375.9,229.804,50.015009,188.209298,70.2625,31.9375,0.0,0.0,0.0,0.0,10.22,15.33,47.393895,50.015009,363.353193,164.580976,527.934169,290.682554,508.69447,313.338184,626.49,Engineering planning estimate,Bottom-up activity-based estimate by work package
P-3.3.b,"SSI Models, Foundation Motions & ISRS Generation",Power Reactor,shared_program,power_reactor_engineering,civil_structural,analysis_model,2029-04-01,2031-12-30,0.323078,2.2,3696.0,229.807,60.875094,505.575019,405.0,360.0,0.0,0.0,0.0,0.0,45.0,90.0,210.836253,60.875094,1616.411272,530.525143,2146.936415,1293.129017,2262.975781,1555.536178,2555.29,Engineering planning estimate,Bottom-up activity-based estimate by work package
P-3.3.c,Nuclear Concrete Design (ACI 349) & Foundations,Power Reactor,shared_program,power_reactor_engineering,civil_structural,design_engineering,2030-01-01,2032-06-30,0.361203,2.2,3696.0,229.804,68.057754,505.568805,412.5,187.5,0.0,0.0,0.0,0.0,60.0,90.0,188.335321,68.057754,1443.904126,442.104285,1886.008411,1155.123301,2021.465776,1375.846372,2021.59,Engineering planning estimate,Bottom-up activity-based estimate by work package
P-3.3.d,Nuclear Steel Design (AISC N690) & Steel Framing,Power Reactor,shared_program,power_reactor_engineering,civil_structural,design_engineering,2030-01-01,2032-06-30,0.381913,2.2,3696.0,229.805,71.96021,505.570585,412.5,187.5,0.0,0.0,0.0,0.0,60.0,90.0,188.335588,71.96021,1443.906173,442.104285,1886.010458,1155.124938,2021.468642,1371.945963,1906.53,Engineering planning estimate,Bottom-up activity-based estimate by work package
P-3.3.e,"ASME Section III Pressure Boundary Design (Vessels, Heat Exchangers)",Power Reactor,shared_program,power_reactor_engineering,thermal_hydraulics,design_engineering,2030-04-01,2032-12-31,0.457769,3.025,5082.0,229.404,86.084345,693.947928,495.0,225.0,0.0,0.0,0.0,0.0,72.0,108.0,239.092189,86.084345,1833.040117,690.787946,2523.828063,1466.432094,2566.256164,1746.955772,2029.35,Engineering planning estimate,Bottom-up activity-based estimate by work package
P-3.3.f,ASME Section III Piping Stress & Support Design,Power Reactor,shared_program,power_reactor_engineering,materials,design_engineering,2030-07-01,2033-03-31,0.499396,2.475,4158.0,229.405,93.912864,567.778171,412.5,187.5,0.0,0.0,0.0,0.0,60.0,90.0,197.666726,93.912864,1515.444897,542.582532,2058.027429,1212.355917,2121.622855,1421.532033,1513.67,Engineering planning estimate,Bottom-up activity-based estimate by work package
P-3.3.g,"Dynamic Effects: Pipe Whip, Jet Impingement & Missiles",Power Reactor,shared_program,power_reactor_engineering,licensing_authorization,design_engineering,2030-07-01,2032-09-30,0.186239,0.693,1164.2,229.296,35.004086,158.902267,64.6415,29.3825,0.0,0.0,0.0,0.0,9.4024,14.1036,41.46484,35.004086,317.897107,126.598241,444.495348,254.317686,445.05595,282.893021,808.17,Engineering planning estimate,Bottom-up activity-based estimate by work package
P-3.3.h,Water-Hammer / Hydraulic Transients,Power Reactor,shared_program,power_reactor_engineering,materials,design_engineering,2030-04-01,2032-09-30,0.208802,0.875,1470.0,229.296,39.244863,200.634195,84.315,38.325,0.0,0.0,0.0,0.0,12.264,18.396,53.090129,39.244863,407.024324,191.822107,598.846431,325.619459,569.834054,367.779461,937.14,Engineering planning estimate,Bottom-up activity-based estimate by work package
P-3.3.i,Overpressure Protection & Relief Sizing,Power Reactor,shared_program,power_reactor_engineering,licensing_authorization,design_engineering,2030-07-01,2032-12-31,0.221422,0.706,1186.1,229.296,41.616826,161.883139,64.6415,29.3825,0.0,0.0,0.0,0.0,9.4024,14.1036,41.911971,41.616826,321.32511,128.979706,450.304816,257.060088,449.855154,279.708284,672.1,Engineering planning estimate,Bottom-up activity-based estimate by work package
P-3.3.j,Equipment Qualification (EQ) per IEEE 323/344 & 10 CFR 50.49,Power Reactor,shared_program,power_reactor_engineering,licensing_authorization,design_engineering,2031-01-01,2033-03-31,0.394868,1.65,2772.0,229.402,74.25493,378.513597,180.0,30.0,180.0,180.0,0.0,0.0,30.0,0.0,146.77704,74.25493,1125.290637,301.43474,1426.725377,900.232509,1575.406891,1051.035707,1415.44,Engineering planning estimate,Bottom-up activity-based estimate by work package
P-3.3.k,"Anchorage, Supports, Snubbers & Seismic Restraints",Power Reactor,shared_program,power_reactor_engineering,civil_structural,licensing_product,2030-04-01,2032-09-30,0.438863,1.1,1848.0,229.804,82.690354,252.784205,82.125,16.425,0.0,0.0,0.0,32.85,13.14,19.71,62.555131,82.690354,479.589336,221.052143,700.641479,383.671469,671.42507,396.898982,479.98,Engineering planning estimate,Bottom-up activity-based estimate by work package
P-3.3.l,"Materials, Welding, NDE & Inservice Considerations",Power Reactor,shared_program,power_reactor_engineering,materials,design_engineering,2031-01-01,2033-06-30,0.243867,1.65,2772.0,229.297,45.835559,378.339803,84.315,38.325,0.0,0.0,0.0,0.0,12.264,18.396,79.74597,45.835559,611.385773,361.721688,973.107461,489.108619,855.940083,565.550214,1233.87,Engineering planning estimate,Bottom-up activity-based estimate by work package
P-3.3.m,"Calculation Control, Independent Verification & Model QA",Power Reactor,shared_program,power_reactor_engineering,materials,analysis_model,2030-10-01,2032-09-30,0.311491,1.031,1732.1,229.403,58.576161,236.514642,113.3325,100.74,0.0,0.0,0.0,0.0,12.5925,25.185,73.254696,58.576161,561.619338,271.22863,832.847968,449.295471,786.267074,503.043177,858.78,Engineering planning estimate,Bottom-up activity-based estimate by work package
P-3.3.n,"Design Documentation: Drawings, Specs & Reports",Power Reactor,shared_program,power_reactor_engineering,licensing_authorization,design_engineering,2031-04-01,2033-06-30,0.352512,0.683,1147.4,229.402,66.289882,156.681686,64.6415,29.3825,0.0,0.0,0.0,0.0,9.4024,14.1036,41.131753,66.289882,315.343439,124.771364,440.114803,252.274751,441.480814,249.053557,375.7,Engineering planning estimate,Bottom-up activity-based estimate by work package
P-3.4.a,Fuel Design Limits & Safety Criteria Definition,Power Reactor,shared_program,power_reactor_engineering,materials,design_engineering,2029-04-01,2031-09-30,0.356386,0.852,1431.4,251.34,72.572029,214.142069,84.60375,38.45625,0.0,0.0,0.0,0.0,12.306,18.459,55.19506,72.572029,423.162129,186.785146,609.947275,338.529703,592.426981,350.5901,483.09,Engineering planning estimate,Bottom-up activity-based estimate by work package
P-3.4.b,"Methods V&V, Benchmarking & Configuration Control",Power Reactor,shared_program,power_reactor_engineering,materials,analysis_model,2029-04-01,2032-12-30,0.566715,0.965,1621.2,251.31,115.386372,242.514615,98.8875,87.9,0.0,0.0,0.0,0.0,10.9875,21.975,69.339692,115.386372,531.604307,253.862857,785.467164,425.283446,744.24603,416.217935,360.72,Engineering planning estimate,Bottom-up activity-based estimate by work package
P-3.4.c,Core Nuclear Design & Reactivity Control,Power Reactor,shared_program,power_reactor_engineering,neutronics,design_engineering,2029-10-01,2032-09-30,0.477543,10.0,16800.0,253.736,98.295873,2537.35538,467.5,212.5,0.0,0.0,0.0,0.0,68.0,102.0,508.103307,98.295873,3895.458687,2283.596516,6179.055203,3116.36695,5453.642162,3797.162814,3862.99,Engineering planning estimate,Bottom-up activity-based estimate by work package
P-3.4.d,Thermal-Hydraulic Analysis of Normal & AOO Conditions,Power Reactor,shared_program,power_reactor_engineering,thermal_hydraulics,analysis_model,2029-04-01,2032-03-30,0.506738,8.0,13440.0,251.341,103.188769,2010.72499,315.0,280.0,0.0,0.0,0.0,0.0,35.0,70.0,406.608748,103.188769,3117.333738,2192.252655,5309.586393,2493.866991,4364.267234,3014.144969,2921.0,Engineering planning estimate,Bottom-up activity-based estimate by work package
P-3.4.e,Accident & Faulted Condition Evaluations (tech-dependent),Power Reactor,shared_program,power_reactor_engineering,materials,analysis_model,2029-07-01,2032-09-30,0.29677,0.924,1552.3,251.31,60.424022,232.210802,97.2,86.4,0.0,0.0,0.0,0.0,10.8,21.6,67.23162,60.424022,515.442422,243.073843,758.516265,412.353938,721.619391,455.0184,753.04,Engineering planning estimate,Bottom-up activity-based estimate by work package
P-3.4.f,"Materials, Chemistry & Degradation Mechanisms",Power Reactor,shared_program,power_reactor_engineering,materials,analysis_model,2029-10-01,2032-12-30,0.323386,1.65,2772.0,251.31,65.84319,414.66216,96.525,85.8,0.0,0.0,0.0,0.0,10.725,21.45,94.374324,65.84319,723.536484,434.066026,1157.60251,578.829187,1012.951078,657.693294,998.88,Engineering planning estimate,Bottom-up activity-based estimate by work package
P-3.4.g,"Fuel Handling, New/Spent Fuel Storage & 10 CFR 50.68 Criticality",Power Reactor,shared_program,power_reactor_engineering,neutronics,analysis_model,2030-01-01,2032-03-31,0.403874,1.925,3234.0,253.736,83.132207,488.441522,113.4,100.8,0.0,0.0,0.0,0.0,12.6,25.2,111.066228,83.132207,851.50775,527.510795,1379.018545,681.2062,1192.11085,768.375543,924.28,Engineering planning estimate,Bottom-up activity-based estimate by work package
P-3.4.h,Core Support Structures & Seismic/Flow-Induced Loads,Power Reactor,shared_program,power_reactor_engineering,civil_structural,design_engineering,2030-07-01,2032-09-30,0.452718,0.772,1297.0,253.736,93.186004,195.883886,68.81875,31.28125,0.0,0.0,0.0,0.0,10.01,15.015,48.151333,93.186004,369.160219,155.143198,524.303417,295.328175,516.824306,275.974215,296.15,Engineering planning estimate,Bottom-up activity-based estimate by work package
P-3.4.i,"Core Monitoring, Setpoints & Operating Limits (Technical Specs Interface)",Power Reactor,shared_program,power_reactor_engineering,instrumentation_controls,design_engineering,2029-07-01,2033-09-30,0.664791,0.897,1507.0,253.718,136.827695,227.585103,68.81875,31.28125,0.0,0.0,0.0,0.0,10.01,15.015,52.906515,136.827695,405.616618,180.262759,585.879377,324.493295,567.863266,268.788923,196.44,Engineering planning estimate,Bottom-up activity-based estimate by work package
P-3.4.j,"FSAR Chapter 4 Drafting, Cross-Checks & Records",Power Reactor,shared_program,power_reactor_engineering,licensing_authorization,design_engineering,2029-01-01,2033-03-30,0.828156,1.65,2772.0,260.0,175.23781,429.0,63.756,28.98,0.0,0.0,0.0,0.0,9.2736,13.9104,81.738,175.23781,626.658,301.43474,928.09274,501.3264,877.3212,451.42019,257.6,Engineering planning estimate,Bottom-up activity-based estimate by work package
P-3.5.a,Define RCS Pressure Boundary & Connected Systems Scope,Power Reactor,shared_program,power_reactor_engineering,safety_analysis,design_engineering,2029-04-01,2031-09-30,0.146329,0.76,1276.8,260.0,30.963216,197.6,71.5715,32.5325,0.0,0.0,0.0,0.0,10.4104,15.6156,49.1595,30.963216,376.8895,166.611202,543.500702,301.5116,527.6453,345.926284,1117.22,Engineering planning estimate,Bottom-up activity-based estimate by work package
P-3.5.b,"Design Transients, Load Combinations & Service Levels",Power Reactor,shared_program,power_reactor_engineering,thermal_hydraulics,design_engineering,2029-10-01,2032-09-30,0.405267,0.817,1372.6,252.248,82.864197,206.086616,77.616,35.28,0.0,0.0,0.0,0.0,11.2896,16.9344,52.080992,82.864197,399.287608,186.575272,585.86288,319.430087,559.002652,316.423411,381.86,Engineering planning estimate,Bottom-up activity-based estimate by work package
P-3.5.c,ASME III NB Design-by-Analysis (Vessels & Major Components),Power Reactor,shared_program,power_reactor_engineering,safety_analysis,design_engineering,2030-01-01,2032-06-30,0.355797,3.025,5082.0,260.0,75.286646,786.5,495.0,225.0,0.0,0.0,0.0,0.0,72.0,108.0,252.975,75.286646,1939.475,663.156428,2602.631428,1551.58,2715.265,1864.188354,2476.12,Engineering planning estimate,Bottom-up activity-based estimate by work package
P-3.5.d,ASME III Piping Stress & Fatigue (Class 1) with Nozzle Loads,Power Reactor,shared_program,power_reactor_engineering,safety_analysis,design_engineering,2030-04-01,2032-09-30,0.21049,2.475,4158.0,260.0,44.539684,643.5,412.5,187.5,0.0,0.0,0.0,0.0,60.0,90.0,209.025,44.539684,1602.525,542.582532,2145.107532,1282.02,2243.535,1557.985316,3497.97,Engineering planning estimate,Bottom-up activity-based estimate by work package
P-3.5.e,Leak-Before-Break (LBB) / Break Preclusion (if applied),Power Reactor,shared_program,power_reactor_engineering,safety_analysis,design_engineering,2030-04-01,2032-12-31,0.231142,0.785,1318.8,260.0,48.909647,204.1,71.5715,32.5325,0.0,0.0,0.0,0.0,10.4104,15.6156,50.1345,48.909647,384.3645,172.091833,556.456333,307.4916,538.1103,335.454853,685.87,Engineering planning estimate,Bottom-up activity-based estimate by work package
P-3.5.f,Overpressure Protection & Setpoint Methodology,Power Reactor,shared_program,power_reactor_engineering,instrumentation_controls,analysis_model,2030-01-01,2032-09-30,0.252254,1.925,3234.0,260.0,53.376946,500.5,81.0,72.0,0.0,0.0,0.0,0.0,9.0,18.0,102.075,53.376946,782.575,464.2095,1246.7845,626.06,1095.605,729.198054,1366.13,Engineering planning estimate,Bottom-up activity-based estimate by work package
P-3.5.g,Water-Hammer & Hydraulic Transients in RCS/Connected Systems,Power Reactor,shared_program,power_reactor_engineering,thermal_hydraulics,analysis_model,2029-10-01,2032-06-30,0.21325,0.823,1382.6,252.196,43.59258,207.557088,90.09,80.08,0.0,0.0,0.0,0.0,10.01,20.02,61.163563,43.59258,468.920651,225.521467,694.442118,375.136521,656.488912,425.328071,975.69,Engineering planning estimate,Bottom-up activity-based estimate by work package
P-3.5.h,"Leakage Detection, Monitoring & Allowable Leakage Program",Power Reactor,shared_program,power_reactor_engineering,safety_analysis,design_engineering,2029-07-01,2033-09-30,0.471215,0.82,1377.6,260.0,99.709094,213.2,71.5715,32.5325,0.0,0.0,0.0,0.0,10.4104,15.6156,51.4995,99.709094,394.8295,179.764718,574.594218,315.8636,552.7613,295.120406,295.98,Engineering planning estimate,Bottom-up activity-based estimate by work package
P-3.5.i,"Branch Lines, Isolation, and Intersystem LOCA (ISLOCA)",Power Reactor,shared_program,power_reactor_engineering,thermal_hydraulics,design_engineering,2030-10-01,2032-12-31,0.455619,0.775,1302.0,252.249,93.159982,195.492946,77.077,35.035,0.0,0.0,0.0,0.0,11.2112,16.8168,50.344942,93.159982,385.977888,176.97873,562.956618,308.78231,540.369043,292.817906,314.32,Engineering planning estimate,Bottom-up activity-based estimate by work package
P-3.5.j,"Materials, Welding, NDE & ISI Interfaces",Power Reactor,shared_program,power_reactor_engineering,materials,design_engineering,2029-10-01,2034-03-30,0.461664,1.65,2772.0,260.0,97.688102,429.0,82.5825,37.5375,0.0,0.0,0.0,0.0,12.012,18.018,86.8725,97.688102,666.0225,361.721688,1027.744188,532.818,932.4315,568.334398,581.78,Engineering planning estimate,Bottom-up activity-based estimate by work package
P-3.5.k,"Calculation Control, Independent Verification & Records",Power Reactor,shared_program,power_reactor_engineering,safety_analysis,analysis_model,2029-04-01,2033-09-30,0.529271,1.003,1685.0,260.0,111.993744,260.78,96.20325,85.514,0.0,0.0,0.0,0.0,10.68925,21.3785,71.18475,111.993744,545.74975,263.853266,809.603016,436.5998,764.04965,433.756006,387.3,Engineering planning estimate,Bottom-up activity-based estimate by work package
P-3.5.l,FSAR Chapter 5 Drafting & Cross-Chapter Interfaces,Power Reactor,shared_program,power_reactor_engineering,licensing_authorization,design_engineering,2029-04-01,2033-09-30,0.826171,1.65,2772.0,260.0,174.817784,429.0,63.31325,28.77875,0.0,0.0,0.0,0.0,9.2092,13.8138,81.61725,174.817784,625.73225,301.43474,927.16699,500.5858,876.02515,450.914466,257.93,Engineering planning estimate,Bottom-up activity-based estimate by work package
P-3.6.a,ECCS Evaluation Model & Acceptance Criteria,Power Reactor,shared_program,power_reactor_engineering,thermal_hydraulics,analysis_model,2029-07-01,2032-03-30,0.380937,0.972,1633.0,252.248,77.889647,245.185499,92.61,82.32,0.0,0.0,0.0,0.0,10.29,20.58,67.647825,77.889647,518.633324,266.365222,784.998546,414.906659,726.086653,440.743677,565.86,Engineering planning estimate,Bottom-up activity-based estimate by work package
P-3.6.b,Short-Term ECCS Performance (Reflood/Refill/Cooling),Power Reactor,shared_program,power_reactor_engineering,thermal_hydraulics,analysis_model,2029-10-01,2032-06-30,0.240925,0.941,1580.9,252.195,49.249752,237.315533,91.35,81.2,0.0,0.0,0.0,0.0,10.15,20.3,66.04733,49.249752,506.362863,257.866981,764.229844,405.09029,708.908008,457.113111,928.15,Engineering planning estimate,Bottom-up activity-based estimate by work package
P-3.6.c,Long-Term Core Cooling & Sump/Strainer Performance,Power Reactor,shared_program,power_reactor_engineering,licensing_authorization,licensing_product,2029-10-01,2032-09-30,0.200085,1.1,1848.0,260.0,42.337986,286.0,76.0725,15.2145,0.0,0.0,0.0,30.429,12.1716,18.2574,65.72175,42.337986,503.86675,200.956493,704.823243,403.0934,705.41345,461.528764,1090.11,Engineering planning estimate,Bottom-up activity-based estimate by work package
P-3.6.d,Containment Pressure-Temperature Response,Power Reactor,shared_program,power_reactor_engineering,thermal_hydraulics,design_engineering,2030-07-01,2032-12-31,0.501933,2.475,4158.0,252.249,102.629781,624.316288,412.5,187.5,0.0,0.0,0.0,0.0,60.0,90.0,206.147443,102.629781,1580.463731,565.190138,2145.653869,1264.370985,2212.649224,1477.83395,1439.97,Engineering planning estimate,Bottom-up activity-based estimate by work package
P-3.6.e,Hydrogen Management (10 CFR 50.44),Power Reactor,shared_program,power_reactor_engineering,safety_analysis,design_engineering,2029-10-01,2034-03-30,0.540807,0.945,1587.6,260.0,114.434762,245.7,73.073,33.215,0.0,0.0,0.0,0.0,10.6288,15.9432,56.784,114.434762,435.344,207.167876,642.511876,348.2752,609.4816,320.909238,280.43,Engineering planning estimate,Bottom-up activity-based estimate by work package
P-3.6.f,"Containment Sprays, Filtration & Iodine Chemistry",Power Reactor,shared_program,power_reactor_engineering,risk_pra,analysis_model,2030-01-01,2032-09-30,0.574198,1.316,2210.9,252.249,117.405735,331.959681,119.73825,106.434,0.0,0.0,0.0,0.0,13.30425,26.6085,89.706702,117.405735,687.751383,331.778518,1019.529901,550.201107,962.851936,570.345648,485.79,Engineering planning estimate,Bottom-up activity-based estimate by work package
P-3.6.g,Containment Isolation Valves (CIV) & Isolation Logic,Power Reactor,shared_program,power_reactor_engineering,thermal_hydraulics,design_engineering,2030-10-01,2032-12-31,0.383299,1.217,2044.6,252.249,78.37262,306.986431,106.2369,48.2895,0.0,0.0,0.0,0.0,15.45264,23.17896,75.021665,78.37262,575.166096,277.919133,853.085229,460.132877,805.232534,496.793476,633.89,Engineering planning estimate,Bottom-up activity-based estimate by work package
P-3.6.h,Appendix J Leakage Testing Program (Type A/B/C),Power Reactor,shared_program,power_reactor_engineering,safety_analysis,test_experiment,2030-01-01,2033-09-30,0.936082,1.264,2123.5,253.02,193.134183,319.817344,87.75,14.625,87.75,87.75,0.0,0.0,14.625,0.0,91.847602,193.134183,704.164946,332.517751,1036.682697,563.331956,985.830924,511.030763,264.6,Engineering planning estimate,Bottom-up activity-based estimate by work package
P-3.6.i,Post-Accident Monitoring (PAM) per RG 1.97,Power Reactor,shared_program,power_reactor_engineering,safety_analysis,analysis_model,2029-07-01,2033-09-30,0.505495,0.997,1675.0,260.0,106.962742,259.22,85.41,75.92,0.0,0.0,0.0,0.0,9.49,18.98,67.353,106.962742,516.373,262.287371,778.660371,413.0984,722.9222,409.410258,382.76,Engineering planning estimate,Bottom-up activity-based estimate by work package
P-3.6.j,Radiological Consequences & Control Room Habitability Interfaces,Power Reactor,shared_program,power_reactor_engineering,safety_analysis,design_engineering,2030-01-01,2033-12-31,0.462767,1.925,3234.0,260.0,97.921497,500.5,330.0,150.0,0.0,0.0,0.0,0.0,48.0,72.0,165.075,97.921497,1265.575,422.008636,1687.583636,1012.46,1771.805,1167.653503,1192.44,Engineering planning estimate,Bottom-up activity-based estimate by work package
P-3.6.k,"Interface to EQ, Structural & Setpoint Programs",Power Reactor,shared_program,power_reactor_engineering,instrumentation_controls,design_engineering,2030-04-01,2034-03-31,0.47306,0.919,1543.9,260.0,100.099496,238.94,70.2625,31.9375,0.0,0.0,0.0,0.0,10.22,15.33,55.0035,100.099496,421.6935,184.676625,606.370125,337.3548,590.3709,321.594004,321.27,Engineering planning estimate,Bottom-up activity-based estimate by work package
P-3.6.l,"FSAR Chapter 6 Authoring, QA Reviews & Records",Power Reactor,shared_program,power_reactor_engineering,licensing_authorization,design_engineering,2029-10-01,2033-12-30,0.828156,1.65,2772.0,260.0,175.23781,429.0,64.6415,29.3825,0.0,0.0,0.0,0.0,9.4024,14.1036,81.9795,175.23781,628.5095,301.43474,929.94424,502.8076,879.9133,453.27169,258.66,Engineering planning estimate,Bottom-up activity-based estimate by work package
P-3.7.a,Safety I&C Functional Requirements & Architecture (IEEE 603),Power Reactor,shared_program,power_reactor_engineering,instrumentation_controls,design_engineering,2029-04-01,2031-06-30,0.146615,3.025,5082.0,247.783,29.925172,749.544822,330.0,150.0,0.0,0.0,0.0,0.0,48.0,72.0,202.431723,29.925172,1551.976545,607.893393,2159.869938,1241.581236,2172.767163,1522.051373,5086.19,Engineering planning estimate,Bottom-up activity-based estimate by work package
P-3.7.b,Independence & Isolation Analysis (IEEE 384),Power Reactor,shared_program,power_reactor_engineering,instrumentation_controls,analysis_model,2029-04-01,2032-03-30,0.362807,1.227,2061.4,245.763,72.018042,301.551719,83.8125,74.5,0.0,0.0,0.0,0.0,9.3125,18.625,73.170258,72.018042,560.971977,295.894082,856.866059,448.777581,785.360768,488.953935,678.93,Engineering planning estimate,Bottom-up activity-based estimate by work package
P-3.7.c,Single Failure Criterion Demonstration (IEEE 379),Power Reactor,shared_program,power_reactor_engineering,instrumentation_controls,analysis_model,2029-07-01,2032-06-30,0.225256,1.227,2061.4,245.743,44.709664,301.526959,83.8125,74.5,0.0,0.0,0.0,0.0,9.3125,18.625,73.166544,44.709664,560.943503,295.894082,856.837585,448.754802,785.320904,516.233839,1154.64,Engineering planning estimate,Bottom-up activity-based estimate by work package
P-3.7.d,Setpoint Methodology & Uncertainty (RG 1.105),Power Reactor,shared_program,power_reactor_engineering,instrumentation_controls,analysis_model,2029-10-01,2032-09-30,0.24644,1.925,3234.0,245.744,48.914459,473.056721,83.8125,74.5,0.0,0.0,0.0,0.0,9.3125,18.625,98.896008,48.914459,758.202729,464.2095,1222.412229,606.562183,1061.483821,709.28827,1450.06,Engineering planning estimate,Bottom-up activity-based estimate by work package
P-3.7.e,"Software Lifecycle, V&V & Configuration Management (IEEE 7-4.3.2)",Power Reactor,shared_program,power_reactor_engineering,quality_configuration,design_engineering,2029-07-01,2034-03-30,0.599662,2.75,4620.0,245.775,119.040792,675.881695,330.0,150.0,0.0,0.0,0.0,0.0,48.0,72.0,191.382254,119.040792,1467.263949,502.391233,1969.655182,1173.811159,2054.169529,1348.223157,1132.57,Engineering planning estimate,Bottom-up activity-based estimate by work package
P-3.7.f,Diversity & Defense-in-Depth (D3) Assessment (BTP 7-19),Power Reactor,shared_program,power_reactor_engineering,safety_analysis,analysis_model,2030-01-01,2032-09-30,0.278759,1.925,3234.0,245.743,55.329145,473.055773,87.165,77.48,0.0,0.0,0.0,0.0,9.685,19.37,100.013366,55.329145,766.769139,506.410363,1273.179502,613.415311,1073.476795,711.439994,1285.83,Engineering planning estimate,Bottom-up activity-based estimate by work package
P-3.7.g,EMI/RFI Control Program & Testing (RG 1.180),Power Reactor,shared_program,power_reactor_engineering,instrumentation_controls,test_experiment,2029-07-01,2033-12-30,0.999896,1.35,2268.0,241.398,195.590252,325.886747,85.21875,14.203125,85.21875,85.21875,0.0,0.0,14.203125,0.0,91.492387,195.590252,701.441634,325.549519,1026.991153,561.153307,982.018288,505.851382,258.63,Engineering planning estimate,Bottom-up activity-based estimate by work package
P-3.7.h,Environmental & Seismic Qualification (IEEE 323/344),Power Reactor,shared_program,power_reactor_engineering,civil_structural,design_engineering,2031-01-01,2033-06-30,0.495247,1.65,2772.0,245.771,98.311131,405.522099,180.0,30.0,180.0,180.0,0.0,0.0,30.0,0.0,150.828315,98.311131,1156.350414,331.578214,1487.928628,925.080331,1618.890579,1058.039283,1076.22,Engineering planning estimate,Bottom-up activity-based estimate by work package
P-3.7.i,"Communications, Networks & Data Integrity",Power Reactor,shared_program,power_reactor_engineering,instrumentation_controls,design_engineering,2030-10-01,2033-03-31,0.224907,1.142,1918.6,245.743,44.640396,280.638806,71.70625,32.59375,0.0,0.0,0.0,0.0,10.43,15.645,61.652071,44.640396,472.665877,229.4971,702.162977,378.132702,661.732228,428.025481,958.83,Engineering planning estimate,Bottom-up activity-based estimate by work package
P-3.7.j,Cybersecurity Program (10 CFR 73.54; RG 5.71; NEI 08-09),Power Reactor,shared_program,power_reactor_engineering,instrumentation_controls,operations_program,2031-10-01,2036-03-31,0.918618,1.925,3234.0,245.764,182.347947,473.094853,42.1875,18.75,0.0,0.0,0.0,0.0,9.375,23.4375,85.026728,182.347947,651.871581,386.84125,1038.712831,521.497265,912.620213,469.523634,257.49,Engineering planning estimate,Bottom-up activity-based estimate by work package
P-3.7.k,"Logic Design, Test, and V&V (Platform-Specific)",Power Reactor,shared_program,power_reactor_engineering,instrumentation_controls,design_engineering,2031-07-01,2033-09-30,0.441607,1.136,1908.5,241.397,86.38312,274.227262,39.1125,6.51875,39.1125,39.1125,0.0,0.0,6.51875,0.0,60.690339,86.38312,465.292601,228.288969,693.58157,372.234081,651.409642,378.909481,438.64,Engineering planning estimate,Bottom-up activity-based estimate by work package
P-3.7.l,HSI/HFE & PAM Interfaces (NUREG-0711 / RG 1.97),Power Reactor,shared_program,power_reactor_engineering,human_factors,operations_program,2031-10-01,2036-06-30,0.5252,1.034,1737.1,245.744,104.244248,254.099722,33.525,14.9,0.0,0.0,0.0,0.0,7.45,18.625,49.289958,104.244248,377.88968,188.896929,566.786609,302.311744,529.045552,273.645432,262.5,Engineering planning estimate,Bottom-up activity-based estimate by work package
P-3.7.m,"FSAR Chapter 7 Drafting, Reviews & Records",Power Reactor,shared_program,power_reactor_engineering,licensing_authorization,design_engineering,2029-07-01,2033-09-30,0.826792,1.65,2772.0,260.0,174.949187,429.0,65.96975,29.98625,0.0,0.0,0.0,0.0,9.5956,14.3934,82.34175,174.949187,631.28675,301.43474,932.72149,505.0294,883.80145,456.337563,260.84,Engineering planning estimate,Bottom-up activity-based estimate by work package
P-3.8.a,Offsite Power & Grid Interconnection (GDC 17),Power Reactor,shared_program,power_reactor_engineering,site_environmental,design_engineering,2030-01-01,2032-06-30,0.216406,0.892,1498.6,226.336,39.832458,201.892028,71.70625,32.59375,0.0,0.0,0.0,0.0,10.43,15.645,49.840054,39.832458,382.107082,162.961797,545.068879,305.685666,534.949915,342.274624,859.29,Engineering planning estimate,Bottom-up activity-based estimate by work package
P-3.8.b,Onsite AC Power - Class 1E Medium/Low Voltage Distribution,Power Reactor,shared_program,power_reactor_engineering,site_environmental,design_engineering,2030-04-01,2032-09-30,0.228692,1.65,2772.0,226.336,42.093864,373.454995,71.225,32.375,0.0,0.0,0.0,0.0,10.36,15.54,75.443249,42.093864,578.398244,301.43474,879.832984,462.718595,809.757542,536.30438,1274.07,Engineering planning estimate,Bottom-up activity-based estimate by work package
P-3.8.c,"Onsite DC/UPS - Batteries, Chargers, and Inverters",Power Reactor,shared_program,power_reactor_engineering,site_environmental,design_engineering,2030-07-01,2033-03-31,0.251852,0.906,1522.1,226.332,46.355985,205.056875,71.70625,32.59375,0.0,0.0,0.0,0.0,10.43,15.645,50.314781,46.355985,385.746656,165.51725,551.263906,308.597325,540.045319,339.390671,732.14,Engineering planning estimate,Bottom-up activity-based estimate by work package
P-3.8.d,Standby/Emergency Power (EDG/AAC/ALT) & Qualification,Power Reactor,shared_program,power_reactor_engineering,electrical,design_engineering,2031-04-01,2033-09-30,0.451339,1.086,1824.5,226.48,83.122722,245.957095,35.9835,5.99725,35.9835,35.9835,0.0,0.0,5.99725,0.0,54.885314,83.122722,420.787409,208.321092,629.108501,336.629927,589.102373,337.664687,406.22,Engineering planning estimate,Bottom-up activity-based estimate by work package
P-3.8.e,SBO Coping Analysis (10 CFR 50.63),Power Reactor,shared_program,power_reactor_engineering,electrical,analysis_model,2030-04-01,2032-12-31,0.538218,0.974,1636.3,226.48,99.123164,220.591379,67.05,59.6,0.0,0.0,0.0,0.0,7.45,14.9,55.438707,99.123164,425.030086,224.198939,649.229025,340.024069,595.04212,325.906922,328.79,Engineering planning estimate,Bottom-up activity-based estimate by work package
P-3.8.f,"Cable Routing, Separation, & Fire/Environmental Qualification",Power Reactor,shared_program,power_reactor_engineering,electrical,design_engineering,2031-07-01,2034-03-31,0.515635,1.094,1837.9,226.483,94.965238,247.772324,36.225,6.0375,36.225,36.225,0.0,0.0,6.0375,0.0,55.278349,94.965238,423.800673,209.851102,633.651775,339.040538,593.320942,328.835435,346.27,Engineering planning estimate,Bottom-up activity-based estimate by work package
P-3.8.g,"Protection & Coordination, Arc-Flash, and Grounding",Power Reactor,shared_program,power_reactor_engineering,electrical,design_engineering,2031-04-01,2033-06-30,0.216048,0.929,1560.7,226.332,39.765878,210.262467,57.365,26.075,0.0,0.0,0.0,0.0,8.344,12.516,47.18437,39.765878,361.746837,178.200454,539.947291,289.39747,506.445572,321.980959,809.69,Engineering planning estimate,Bottom-up activity-based estimate by work package
P-3.8.h,"Independence, Separation Audits & Class 1E Qualification",Power Reactor,shared_program,power_reactor_engineering,quality_configuration,design_engineering,2030-04-01,2034-03-31,0.454795,0.899,1510.3,211.116,78.035753,189.793726,35.9835,5.99725,35.9835,35.9835,0.0,0.0,5.99725,0.0,46.460809,78.035753,356.199535,164.234087,520.433622,284.959628,498.679349,278.163782,356.46,Engineering planning estimate,Bottom-up activity-based estimate by work package
P-3.8.i,"Documentation: SLDs, Load Lists, Settings, and FSAR Ch.8",Power Reactor,shared_program,power_reactor_engineering,licensing_authorization,design_engineering,2031-04-01,2033-06-30,0.274615,0.819,1375.9,260.0,58.108534,212.94,66.4125,30.1875,0.0,0.0,0.0,0.0,9.66,14.49,50.0535,58.108534,383.7435,149.619069,533.362569,306.9948,537.2409,325.634966,560.39,Engineering planning estimate,Bottom-up activity-based estimate by work package
P-3.9.a,HVAC & Air Cleaning (SRP 9.4; RG 1.52/ASME AG-1),Power Reactor,shared_program,power_reactor_engineering,licensing_authorization,design_engineering,2030-01-01,2032-06-30,0.209571,1.65,2772.0,229.297,39.389506,378.339683,66.4125,30.1875,0.0,0.0,0.0,0.0,9.66,14.49,74.863452,39.389506,573.953135,301.43474,875.387875,459.162508,803.53439,534.563629,1357.12,Engineering planning estimate,Bottom-up activity-based estimate by work package
P-3.9.b,Cooling Water Systems (SRP 9.2) - CCW/ECW/SW/UCWS,Power Reactor,shared_program,power_reactor_engineering,licensing_authorization,design_engineering,2030-04-01,2032-09-30,0.221379,1.65,2772.0,229.299,41.609208,378.342543,66.4125,30.1875,0.0,0.0,0.0,0.0,9.66,14.49,74.863881,41.609208,573.956424,301.43474,875.391164,459.16514,803.538994,532.347216,1279.4,Engineering planning estimate,Bottom-up activity-based estimate by work package
P-3.9.c,Compressed Air Systems (SRP 9.3.1/9.3.2) - Instrument & Service Air,Power Reactor,shared_program,power_reactor_engineering,licensing_authorization,design_engineering,2030-07-01,2033-03-31,0.243929,0.928,1559.0,229.301,45.848145,212.791333,65.96975,29.98625,0.0,0.0,0.0,0.0,9.5956,14.3934,49.91045,45.848145,382.646783,169.529856,552.176639,306.117426,535.705496,336.798638,734.6,Engineering planning estimate,Bottom-up activity-based estimate by work package
P-3.9.d,Fuel Oil Storage & Transfer (SRP 9.5.4 interface to EDGs),Power Reactor,shared_program,power_reactor_engineering,licensing_authorization,design_engineering,2029-10-01,2034-06-30,0.569491,1.073,1802.6,229.302,107.04005,246.040537,65.96975,29.98625,0.0,0.0,0.0,0.0,9.5956,14.3934,54.897831,107.04005,420.883368,196.019575,616.902943,336.706694,589.236715,313.843318,293.2,Engineering planning estimate,Bottom-up activity-based estimate by work package
P-3.9.e,Cranes & Heavy Load Handling (SRP 9.1.5; NUREG-0612; ASME NOG-1/BTH-1),Power Reactor,shared_program,power_reactor_engineering,licensing_authorization,design_engineering,2030-10-01,2033-06-30,0.290809,0.928,1559.0,229.297,54.658451,212.787468,65.96975,29.98625,0.0,0.0,0.0,0.0,9.5956,14.3934,49.90987,54.658451,382.642338,169.529856,552.172194,306.113871,535.699273,327.983887,600.06,Engineering planning estimate,Bottom-up activity-based estimate by work package
P-3.9.f,Liquid & Gaseous Radwaste (SRP 11 interface; RG 1.143; 10 CFR 20/50.34a/61/71),Power Reactor,shared_program,power_reactor_engineering,systems_engineering,design_engineering,2030-01-01,2034-06-30,0.603639,1.063,1785.8,229.3,113.457767,243.746274,57.75,26.25,0.0,0.0,0.0,0.0,8.4,12.6,52.311941,113.457767,401.058215,194.192698,595.250913,320.846572,561.481501,287.600448,253.49,Engineering planning estimate,Bottom-up activity-based estimate by work package
P-3.9.g,Cask Handling & Fuel Pool Support Systems (cross-links Ch.9.1/Ch.3/Ch.15),Power Reactor,shared_program,power_reactor_engineering,materials,design_engineering,2031-04-01,2033-06-30,0.209176,1.235,2074.8,229.296,39.315059,283.180205,86.0475,39.1125,0.0,0.0,0.0,0.0,12.516,18.774,65.944531,39.315059,505.574736,270.743203,776.317939,404.459789,707.80463,466.259677,1185.96,Engineering planning estimate,Bottom-up activity-based estimate by work package
P-3.9.h,"Failure Effects, Interlocks, and Technical Specification Interfaces",Power Reactor,shared_program,power_reactor_engineering,systems_engineering,design_engineering,2030-04-01,2034-03-31,0.535171,1.056,1774.1,229.298,100.587611,242.138678,57.365,26.075,0.0,0.0,0.0,0.0,8.344,12.516,51.965802,100.587611,398.40448,192.920409,591.324889,318.723584,557.766272,297.816869,296.08,Engineering planning estimate,Bottom-up activity-based estimate by work package
P-3.9.i,"P&IDs, SDDs, Calculations & Records (Configuration Control)",Power Reactor,shared_program,power_reactor_engineering,quality_configuration,analysis_model,2029-10-01,2034-03-30,0.613094,0.907,1523.8,229.467,115.328974,208.126701,67.5,60.0,0.0,0.0,0.0,0.0,7.5,15.0,53.719005,115.328974,411.845706,198.842535,610.688241,329.476565,576.583989,296.516732,257.11,Engineering planning estimate,Bottom-up activity-based estimate by work package
P-4.a,"Threat, DBT & Target Set Definition",Power Reactor,shared_program,power_reactor_engineering,instrumentation_controls,design_engineering,2030-04-01,2032-09-30,0.148562,0.995,1671.6,248.055,29.803147,246.81498,71.70625,32.59375,0.0,0.0,0.0,0.0,10.43,15.645,56.578497,29.803147,433.768477,199.951711,633.720188,347.014782,607.275868,403.96533,1355.45,Engineering planning estimate,Bottom-up activity-based estimate by work package
P-4.b,Vital Area Analysis & Physical Security Design,Power Reactor,shared_program,power_reactor_engineering,instrumentation_controls,design_engineering,2031-04-01,2033-09-30,0.324702,1.925,3234.0,248.02,65.128166,477.438233,412.5,187.5,0.0,0.0,0.0,0.0,60.0,90.0,184.115735,65.128166,1411.553968,386.84125,1798.395218,1129.243174,1976.175555,1346.425802,2067.35,Engineering planning estimate,Bottom-up activity-based estimate by work package
P-4.c,Access Authorization (73.56) & FFD (Part 26) Interfaces,Power Reactor,shared_program,power_reactor_engineering,instrumentation_controls,design_engineering,2030-07-01,2034-12-31,0.430333,1.06,1780.8,248.057,86.330206,262.94056,71.70625,32.59375,0.0,0.0,0.0,0.0,10.43,15.645,58.997334,86.330206,452.312894,213.013883,665.326777,361.850315,633.238052,365.982688,423.93,Engineering planning estimate,Bottom-up activity-based estimate by work package
P-4.d,Cybersecurity Program Architecture (73.54; RG 5.71),Power Reactor,shared_program,power_reactor_engineering,instrumentation_controls,operations_program,2032-10-01,2037-12-31,0.802734,1.925,3234.0,248.02,161.011404,477.439287,42.1875,18.75,0.0,0.0,0.0,0.0,9.375,23.4375,85.678393,161.011404,656.86768,386.84125,1043.70893,525.494144,919.614752,495.856276,307.96,Engineering planning estimate,Bottom-up activity-based estimate by work package
P-4.e,Critical Digital Asset (CDA) Identification & Risk Assessment,Power Reactor,shared_program,power_reactor_engineering,instrumentation_controls,analysis_model,2031-04-01,2034-03-31,0.406918,1.925,3234.0,248.02,81.618909,477.438229,83.8125,74.5,0.0,0.0,0.0,0.0,9.3125,18.625,99.553234,81.618909,763.241463,464.2095,1227.450963,610.593171,1068.538049,681.622554,835.13,Engineering planning estimate,Bottom-up activity-based estimate by work package
P-4.f,Defensive Controls Implementation & Hardening,Power Reactor,shared_program,power_reactor_engineering,instrumentation_controls,design_engineering,2032-01-01,2034-03-31,0.242528,0.978,1643.0,248.057,48.654163,242.599875,71.70625,32.59375,0.0,0.0,0.0,0.0,10.43,15.645,55.946231,48.654163,428.921106,196.530666,625.451772,343.136885,600.489549,380.266943,781.57,Engineering planning estimate,Bottom-up activity-based estimate by work package
P-4.g,"Security & Cyber Procedures, Training, and Qualification",Power Reactor,shared_program,power_reactor_engineering,instrumentation_controls,licensing_product,2036-04-01,2038-03-31,0.480445,1.127,1893.4,221.253,87.534481,249.351726,96.384375,19.276875,0.0,0.0,0.0,38.55375,15.4215,23.13225,66.318071,87.534481,508.438547,226.482753,734.9213,406.750838,711.813966,420.904066,480.84,Engineering planning estimate,Bottom-up activity-based estimate by work package
P-4.h,"Drills, Force-on-Force (FOF), and Tabletop Exercises",Power Reactor,shared_program,power_reactor_engineering,instrumentation_controls,design_engineering,2033-01-01,2034-06-30,0.164167,0.916,1538.9,248.057,32.933962,227.220332,71.70625,32.59375,0.0,0.0,0.0,0.0,10.43,15.645,53.6393,32.933962,411.234632,184.07854,595.313172,328.987705,575.728485,378.30067,1148.66,Engineering planning estimate,Bottom-up activity-based estimate by work package
P-4.i,"Monitoring, Incident Response & Forensics",Power Reactor,shared_program,power_reactor_engineering,instrumentation_controls,design_engineering,2031-01-01,2034-09-30,0.496017,1.048,1760.6,247.999,99.480635,259.902772,71.70625,32.59375,0.0,0.0,0.0,0.0,10.43,15.645,58.541666,99.480635,448.819438,210.59762,659.417058,359.05555,628.347213,349.338803,351.16,Engineering planning estimate,Bottom-up activity-based estimate by work package
P-4.j,Configuration & Change Control (Security/Cyber),Power Reactor,shared_program,power_reactor_engineering,instrumentation_controls,design_engineering,2031-01-01,2034-09-30,0.816635,1.102,1851.4,248.02,163.799275,273.317942,71.70625,32.59375,0.0,0.0,0.0,0.0,10.43,15.645,60.553941,163.799275,464.246883,221.45884,685.705723,371.397507,649.945637,300.447608,183.42,Engineering planning estimate,Bottom-up activity-based estimate by work package
P-4.k,"Program Assessments, Audits & NRC Interface",Power Reactor,shared_program,power_reactor_engineering,quality_configuration,analysis_model,2030-07-01,2034-03-31,0.326994,0.823,1382.6,211.235,56.139283,173.846738,67.05,59.6,0.0,0.0,0.0,0.0,7.45,14.9,48.427011,56.139283,371.273749,180.417174,551.690923,297.018999,519.783248,315.134466,561.34,Engineering planning estimate,Bottom-up activity-based estimate by work package
P-4.l,Documentation & FSAR/CSP/PSP Interfaces,Power Reactor,shared_program,power_reactor_engineering,licensing_authorization,design_engineering,2030-07-01,2034-03-31,0.840941,1.135,1906.8,260.0,177.943116,295.1,65.96975,29.98625,0.0,0.0,0.0,0.0,9.5956,14.3934,62.25675,177.943116,477.30175,207.350564,684.652314,381.8414,668.22245,299.358634,168.23,Engineering planning estimate,Bottom-up activity-based estimate by work package
P-5.a,EP Path Selection & Regulatory Strategy,Power Reactor,shared_program,power_reactor_engineering,project_controls,management_control,2029-07-01,2032-12-30,0.152974,0.662,1112.2,260.0,32.369299,172.12,20.115,8.94,0.0,0.0,0.0,0.0,4.47,11.175,32.523,32.369299,249.343,120.943621,370.286621,199.4744,349.0802,216.973701,670.31,Engineering planning estimate,Bottom-up activity-based estimate by work package
P-5.b,Hazard & Consequence Analysis for EP Basis,Power Reactor,shared_program,power_reactor_engineering,safety_analysis,analysis_model,2030-01-01,2032-06-30,0.445043,1.061,1782.5,212.767,78.643224,225.745849,87.165,77.48,0.0,0.0,0.0,0.0,9.685,19.37,62.916877,78.643224,482.362726,279.12074,761.483466,385.890181,675.307817,403.719502,513.36,Engineering planning estimate,Bottom-up activity-based estimate by work package
P-5.c,Emergency Action Levels (EALs) & Technical Bases (NEI 99-01),Power Reactor,shared_program,power_reactor_engineering,project_controls,management_control,2031-04-01,2034-12-31,0.295995,0.665,1117.2,212.694,52.290105,141.441396,20.115,8.94,0.0,0.0,0.0,0.0,4.47,11.175,27.921209,52.290105,214.062605,121.487335,335.54994,171.250084,299.687648,161.7725,309.37,Engineering planning estimate,Bottom-up activity-based estimate by work package
P-5.d,Emergency Response Facilities & Communications,Power Reactor,shared_program,power_reactor_engineering,operations_maintenance,design_engineering,2031-10-01,2034-06-30,0.319691,0.844,1417.9,212.694,56.476215,179.51361,57.365,26.075,0.0,0.0,0.0,0.0,8.344,12.516,42.572041,56.476215,326.385651,154.186262,480.571913,261.108521,456.939912,269.909436,477.92,Engineering planning estimate,Bottom-up activity-based estimate by work package
P-5.e,Dose Assessment Capability & Procedures,Power Reactor,shared_program,power_reactor_engineering,operations_maintenance,analysis_model,2031-04-01,2034-03-31,0.342221,0.873,1466.6,212.694,60.456342,185.681751,67.5,60.0,0.0,0.0,0.0,0.0,7.5,15.0,50.352263,60.456342,386.034014,191.378437,577.412451,308.827211,540.447619,325.577672,538.53,Engineering planning estimate,Bottom-up activity-based estimate by work package
P-5.f,Public Alert & Notification System (ANS) / IPAWS,Power Reactor,shared_program,power_reactor_engineering,project_controls,management_control,2032-04-01,2035-09-30,0.367016,0.658,1105.4,212.691,64.835993,139.951001,20.115,8.94,0.0,0.0,0.0,0.0,4.47,11.175,27.69765,64.835993,212.348651,120.204171,332.552822,169.878921,297.288112,147.512658,227.52,Engineering planning estimate,Bottom-up activity-based estimate by work package
P-5.g,Evacuation Time Estimate (ETE) & Traffic Modeling,Power Reactor,shared_program,power_reactor_engineering,operations_maintenance,analysis_model,2031-10-01,2034-03-31,0.44295,0.87,1461.6,212.764,78.272551,185.105006,67.05,59.6,0.0,0.0,0.0,0.0,7.45,14.9,50.115751,78.272551,384.220757,190.725981,574.946738,307.376606,537.90906,305.948206,390.88,Engineering planning estimate,Bottom-up activity-based estimate by work package
P-5.h,Field Monitoring Teams & Laboratory Interfaces,Power Reactor,shared_program,power_reactor_engineering,operations_maintenance,design_engineering,2031-01-01,2034-06-30,0.715101,0.965,1621.2,212.809,126.385506,205.360363,31.29,5.215,31.29,31.29,0.0,0.0,5.215,0.0,46.449054,126.385506,356.109417,176.293651,532.403068,284.887534,498.553184,229.723911,181.76,Engineering planning estimate,Bottom-up activity-based estimate by work package
P-5.i,"Staffing, Augmentation & Training (NIMS/ICS)",Power Reactor,shared_program,power_reactor_engineering,licensing_authorization,licensing_product,2036-01-01,2038-06-30,0.308034,1.1,1848.0,212.693,54.416795,233.962673,77.1075,15.4215,0.0,0.0,0.0,30.843,12.3372,18.5058,58.226651,54.416795,446.404324,200.956493,647.360817,357.123459,624.966054,391.987529,720.34,Engineering planning estimate,Bottom-up activity-based estimate by work package
P-5.j,"Drills, Exercises & Corrective Action",Power Reactor,shared_program,power_reactor_engineering,quality_configuration,management_control,2034-07-01,2036-12-31,0.272208,0.721,1211.3,212.693,48.087839,153.351928,20.115,8.94,0.0,0.0,0.0,0.0,4.47,11.175,29.707789,48.087839,227.759717,131.720022,359.479739,182.207774,318.863604,179.671878,373.63,Engineering planning estimate,Bottom-up activity-based estimate by work package
P-5.k,MOUs/MOAs & Offsite Interfaces,Power Reactor,shared_program,power_reactor_engineering,site_environmental,design_engineering,2031-04-01,2034-12-31,0.698708,0.943,1584.2,212.695,123.433221,200.570956,70.74375,32.15625,0.0,0.0,0.0,0.0,10.29,15.435,49.379393,123.433221,378.575349,172.270171,550.84552,302.86028,530.005489,255.142128,206.7,Engineering planning estimate,Bottom-up activity-based estimate by work package
P-5.l,Change Control & Configuration Management (50.54(q)),Power Reactor,shared_program,power_reactor_engineering,quality_configuration,management_control,2030-10-01,2036-12-31,0.768768,1.038,1743.8,212.81,135.871088,220.89654,19.98,8.88,0.0,0.0,0.0,0.0,4.44,11.1,39.794481,135.871088,305.091021,189.625505,494.716526,244.072817,427.127429,169.219933,124.54,Engineering planning estimate,Bottom-up activity-based estimate by work package
P-7.a,Technical Specifications (TS) Implementation & Surveillance Initialization,Power Reactor,shared_program,power_reactor_engineering,operations_maintenance,design_engineering,2031-01-01,2033-03-31,0.201515,1.925,3234.0,212.695,35.599561,409.438038,71.70625,32.59375,0.0,0.0,0.0,0.0,10.43,15.645,80.971956,35.599561,620.784994,351.673863,972.458857,496.627995,869.098991,585.185433,1643.8,Engineering planning estimate,Bottom-up activity-based estimate by work package
P-7.b,Radiation Protection (RP) Program,Power Reactor,shared_program,power_reactor_engineering,operations_maintenance,operations_program,2033-10-01,2037-09-30,0.520429,0.944,1585.9,212.69,91.937072,200.779661,33.525,14.9,0.0,0.0,0.0,0.0,7.45,18.625,41.291949,91.937072,316.57161,172.455034,489.026644,253.257288,443.200254,224.634538,244.34,Engineering planning estimate,Bottom-up activity-based estimate by work package
P-7.c,Fire Protection Program (Appendix R or NFPA 805),Power Reactor,shared_program,power_reactor_engineering,operations_maintenance,operations_program,2033-10-01,2037-12-31,0.544841,0.962,1616.2,212.693,96.250492,204.610354,33.525,14.9,0.0,0.0,0.0,0.0,7.45,18.625,41.866553,96.250492,320.976907,175.749938,496.726845,256.781526,449.36767,224.726415,233.48,Engineering planning estimate,Bottom-up activity-based estimate by work package
P-7.d,Inservice Inspection (ISI) - ASME Section XI,Power Reactor,shared_program,power_reactor_engineering,operations_maintenance,operations_program,2035-04-01,2037-06-30,0.272271,0.907,1523.8,212.69,48.098382,192.910067,33.525,14.9,0.0,0.0,0.0,0.0,7.45,18.625,40.11151,48.098382,307.521577,165.702113,473.22369,246.017262,430.530208,259.423195,539.36,Engineering planning estimate,Bottom-up activity-based estimate by work package
P-7.e,Inservice Testing (IST) - ASME OM,Power Reactor,shared_program,power_reactor_engineering,operations_maintenance,test_experiment,2033-01-01,2034-09-30,0.579872,0.909,1527.1,214.082,102.967867,194.600283,56.8125,11.3625,45.45,90.9,0.0,0.0,18.18,4.545,63.277542,102.967867,485.127825,199.273157,684.400982,388.10226,679.178956,382.159958,371.14,Engineering planning estimate,Bottom-up activity-based estimate by work package
P-7.f,Maintenance Rule (10 CFR 50.65) - (a)(1)/(a)(2) Program,Power Reactor,shared_program,power_reactor_engineering,operations_maintenance,operations_program,2034-01-01,2038-09-30,0.603789,0.951,1597.7,212.692,106.663636,202.26962,33.525,14.9,0.0,0.0,0.0,0.0,7.45,18.625,41.515443,106.663636,318.285063,173.738198,492.023261,254.62805,445.599088,211.621427,198.4,Engineering planning estimate,Bottom-up activity-based estimate by work package
P-7.g,Fitness-for-Duty (FFD) - 10 CFR 26,Power Reactor,shared_program,power_reactor_engineering,operations_maintenance,operations_program,2036-01-01,2037-12-31,0.213445,0.886,1488.5,212.692,37.706591,188.444722,33.3,14.8,0.0,0.0,0.0,0.0,7.4,18.5,39.366708,37.706591,301.81143,161.863496,463.674926,241.449144,422.536002,264.104839,700.42,Engineering planning estimate,Bottom-up activity-based estimate by work package
P-7.h,Training & SAT (Operations and Support),Power Reactor,shared_program,power_reactor_engineering,licensing_authorization,licensing_product,2036-07-01,2038-06-30,0.236484,1.1,1848.0,212.692,41.776699,233.96141,77.1075,15.4215,0.0,0.0,0.0,30.843,12.3372,18.5058,58.226461,41.776699,446.402872,200.956493,647.359365,357.122297,624.96402,404.626172,968.55,Engineering planning estimate,Bottom-up activity-based estimate by work package
P-7.i,"Chemistry, Effluents (ODCM/REMP) & Environmental Monitoring",Power Reactor,shared_program,power_reactor_engineering,site_environmental,operations_program,2034-04-01,2038-09-30,0.622585,1.046,1757.3,212.81,110.034889,222.599018,41.90625,18.625,0.0,0.0,0.0,0.0,9.3125,23.28125,47.358603,110.034889,363.082621,191.093531,554.176152,290.466097,508.315669,253.047732,229.97,Engineering planning estimate,Bottom-up activity-based estimate by work package
P-7.j,Operability Determinations (OD/F) & Corrective Action Program (CAP),Power Reactor,shared_program,power_reactor_engineering,quality_configuration,operations_program,2034-07-01,2038-12-31,0.56802,0.896,1505.3,212.691,100.344782,190.571575,33.525,14.9,0.0,0.0,0.0,0.0,7.45,18.625,39.760736,100.344782,304.832311,163.690373,468.522684,243.865849,426.765236,204.487529,203.78,Engineering planning estimate,Bottom-up activity-based estimate by work package
P-7.k,"Program Performance Indicators, Audits & Readiness",Power Reactor,shared_program,power_reactor_engineering,quality_configuration,test_experiment,2034-07-01,2038-12-31,0.271614,0.936,1572.5,211.233,46.630918,197.713984,56.8125,11.3625,45.45,90.9,0.0,0.0,18.18,4.545,63.744598,46.630918,488.708582,205.197458,693.90604,390.966865,684.192014,442.077664,948.04,Engineering planning estimate,Bottom-up activity-based estimate by work package
P-LIC-DEC.01,Power Reactor Part 52 vs Part 53 Decision Program,Power Reactor,shared_program,power_reactor_licensing,licensing_authorization,design_engineering,2026-10-01,2029-12-31,0.322215,1.256,2110.1,256.658,67.890583,322.362614,60.676875,13.48375,0.0,0.0,0.0,26.9675,13.48375,20.225625,82.296021,67.890583,539.496135,0.0,539.496135,431.596908,782.269395,471.605552,694.66,Licensing planning estimate,Bottom-up activity-based estimate by work package
P-OPT-01,Power-reactor initial criticality and low-power physics commissioning,Power Reactor,shared_program,power_reactor_construction,neutronics,test_experiment,2035-01-01,2036-06-30,0.471381,2.495,4191.6,230.52,88.620214,575.146801,225.0,45.0,180.0,360.0,0.0,0.0,72.0,18.0,177.017616,768.620214,1652.164417,0.0,1652.164417,1321.731534,2313.030184,883.544203,114.95,Preliminary capital estimate,Bottom-up activity-based estimate by work package
P-OPT-02,"Power ascension, heat balance, protection and performance demonstration",Power Reactor,shared_program,power_reactor_construction,test_commissioning,test_experiment,2035-01-01,2037-12-31,0.592607,2.2,3696.0,225.998,109.382211,497.196484,234.6,46.92,187.68,375.36,0.0,0.0,75.072,18.768,172.271578,925.382211,1607.868062,0.0,1607.868062,1286.29445,2251.015287,682.485851,73.75,Preliminary capital estimate,Bottom-up activity-based estimate by work package
P-OPT-03,"Reliability-growth, defect elimination and component-performance optimization",Power Reactor,shared_program,power_reactor_construction,operations_maintenance,analysis_model,2035-04-01,2037-12-31,1.897521,2.277,3825.4,223.274,347.018297,508.395769,234.6,46.92,187.68,375.36,0.0,0.0,75.072,18.768,173.615492,1163.018297,1620.411261,0.0,1620.411261,1296.329009,2268.575766,457.392964,39.33,Preliminary capital estimate,Bottom-up activity-based estimate by work package
P-OPT-04,"Fuel-salt chemistry, corrosion and component-life optimization",Power Reactor,shared_program,power_reactor_construction,chemistry,analysis_model,2035-04-01,2038-12-31,1.684642,2.022,3397.0,231.82,317.40212,468.739064,234.6,46.92,187.68,375.36,0.0,0.0,75.072,18.768,168.856688,1133.40212,1575.995752,0.0,1575.995752,1260.796601,2206.394052,442.593632,39.05,Preliminary capital estimate,Bottom-up activity-based estimate by work package
P-OPT-05,"Thermal efficiency, heat-rejection and power-conversion optimization",Power Reactor,shared_program,power_reactor_construction,thermal_hydraulics,analysis_model,2035-04-01,2038-12-31,1.441385,1.73,2906.4,227.629,267.74228,393.797448,254.15,50.83,203.32,406.64,0.0,0.0,81.328,20.332,169.247694,1151.74228,1579.645142,0.0,1579.645142,1263.716113,2211.503198,427.902862,37.15,Preliminary capital estimate,Bottom-up activity-based estimate by work package
P-OPT-06,"Fuel utilization, salt inventory, waste and consumables optimization",Power Reactor,shared_program,power_reactor_construction,neutronics,analysis_model,2035-07-01,2038-12-31,1.122868,1.553,2609.0,233.29,212.450084,362.300012,254.15,50.83,203.32,406.64,0.0,0.0,81.328,20.332,165.468001,1096.450084,1544.368013,0.0,1544.368013,1235.494411,2162.115219,447.917929,40.85,Preliminary capital estimate,Bottom-up activity-based estimate by work package
P-OPT-07,"Staffing, automation, maintenance-duration and availability economics optimization",Power Reactor,shared_program,power_reactor_construction,operations_maintenance,analysis_model,2035-07-01,2038-12-31,1.271182,1.525,2562.0,229.214,239.695489,349.550629,280.5,56.1,224.4,448.8,0.0,0.0,89.76,22.44,176.586075,1259.695489,1648.136704,0.0,1648.136704,1318.509364,2307.391386,388.441215,30.84,Preliminary capital estimate,Bottom-up activity-based estimate by work package
P-OPT-08,"Commercial performance demonstration, fleet feedback and reference-plant baseline",Power Reactor,shared_program,power_reactor_construction,systems_engineering,analysis_model,2036-07-01,2038-12-31,0.496116,1.24,2083.2,236.311,96.827189,293.02622,254.15,50.83,203.32,406.64,0.0,0.0,81.328,20.332,157.155146,980.827189,1466.781366,0.0,1466.781366,1173.425093,2053.493913,485.954177,49.55,Preliminary capital estimate,Bottom-up activity-based estimate by work package
P-PKG-01,EPC and Vendor Detailed Design Contracts,Power Reactor,shared_program,power_reactor_engineering,procurement_fabrication,procurement_fabrication,2029-04-01,2033-12-31,1.766926,18.0,30240.0,245.47,353.071446,4418.451695,62925.84,8390.112,0.0,0.0,0.0,0.0,4195.056,8390.112,13247.935754,79505.071446,101567.507449,0.0,101567.507449,81254.005959,142194.510429,22062.436003,27.75,Preliminary capital estimate,Bottom-up activity-based estimate by work package
P-PKG-02,"Commercial Fuel, Materials and Irradiation Qualification",Power Reactor,shared_program,power_reactor_engineering,materials,design_engineering,2028-07-01,2034-06-30,5.076329,25.0,42000.0,249.943,1028.460038,6248.563972,17767.296,2961.216,17767.296,17767.296,0.0,0.0,2961.216,0.0,9820.932596,56900.460038,75293.816568,0.0,75293.816568,60235.053254,105411.343195,18393.35653,32.33,Preliminary capital estimate,Bottom-up activity-based estimate by work package
P-PKG-03,Supply Chain and Manufacturing Process Development,Power Reactor,shared_program,power_reactor_engineering,procurement_fabrication,procurement_fabrication,2029-01-01,2034-03-31,6.817357,15.0,25200.0,224.803,1246.158464,3372.046737,1144.8,0.0,16485.12,4579.2,0.0,0.0,686.88,0.0,3940.207011,22846.158464,30208.253748,0.0,30208.253748,24166.602998,42291.555247,7362.095284,32.22,Preliminary capital estimate,Bottom-up activity-based estimate by work package
P-PKG-04,Manufacturing Facility and Production Tooling,Power Reactor,shared_program,power_reactor_engineering,procurement_fabrication,procurement_fabrication,2030-01-01,2034-06-30,6.44669,12.0,20160.0,231.932,1212.085929,2783.178955,1526.4,0.0,21980.16,6105.6,0.0,0.0,915.84,0.0,4996.676843,30012.085929,38307.855798,0.0,38307.855798,30646.284639,53630.998118,8295.769869,27.64,Preliminary capital estimate,Bottom-up activity-based estimate by work package
P-PKG-05,"Power Reactor Site, Buildings and Shared Facilities",Power Reactor,shared_program,power_reactor_engineering,civil_structural,design_engineering,2029-01-01,2034-09-30,3.628344,20.0,33600.0,235.637,691.048212,4712.733605,1795.0464,0.0,25848.66816,7180.1856,0.0,0.0,1077.02784,0.0,6092.049241,34559.848212,46705.710846,0.0,46705.710846,37364.568677,65387.995184,12145.862634,35.14,Preliminary capital estimate,Bottom-up activity-based estimate by work package
P-PKG-06,Power Reactor Reactor and Balance-of-Plant Construction,Power Reactor,shared_program,power_reactor_construction,construction_installation,construction_installation,2030-01-01,2034-09-30,23.80782,70.0,117600.0,228.321,4426.815743,15982.460444,9536.184,0.0,137321.0496,38144.736,0.0,0.0,5721.7104,0.0,24804.736853,184354.815743,231510.877297,0.0,231510.877297,185208.701838,324115.228216,47156.061554,25.58,Preliminary capital estimate,Bottom-up activity-based estimate by work package
P-PKG-07,"Initial Core, Commissioning, Spares and Startup Services",Power Reactor,shared_program,power_reactor_construction,test_commissioning,test_experiment,2034-01-01,2035-12-31,7.236937,35.0,58800.0,221.682,1308.893769,7758.861062,2703.0,540.6,2162.4,4324.8,0.0,0.0,864.96,216.24,2228.503327,11508.893769,20799.364389,0.0,20799.364389,16639.491512,29119.110145,9290.47062,80.72,Preliminary capital estimate,Bottom-up activity-based estimate by work package
P-PKG-08,Independent Licensing Review and Application Assurance,Power Reactor,shared_program,power_reactor_engineering,licensing_authorization,management_control,2027-07-01,2035-06-30,2.992452,10.0,16800.0,275.979,658.534758,2759.793273,1625.0,125.0,0.0,0.0,0.0,500.0,125.0,125.0,788.968991,10258.534758,6048.762264,0.0,6048.762264,4839.009811,8468.26717,-4209.772494,-41.04,Engineering planning estimate,Bottom-up activity-based estimate by work package
P-RESERVE,Power Reactor Program Reserve and Scope Contingency,Power Reactor,shared_program,power_reactor_engineering,licensing_authorization,design_engineering,2030-01-01,2035-03-31,0.0,0.0,0.0,0.0,0.0,0.0,0.0,0.0,0.0,0.0,0.0,0.0,0.0,0.0,0.0,0.0,0.0,0.0,0.0,0.0,0.0,0.0,,Engineering planning estimate,Bottom-up activity-based estimate by work package
S-0.1.a,Regulatory Pathway Decision Analysis (Part 50 vs Part 52),Shared,shared_program,program_backbone,licensing_authorization,analysis_model,2026-10-01,2027-03-31,0.048831,0.482,809.8,256.293,10.2187,123.533093,23.598,20.976,0.0,0.0,0.0,0.0,2.622,5.244,21.116771,10.2187,197.089864,0.0,197.089864,157.671891,275.92581,186.871164,1828.72,Engineering planning estimate,Bottom-up activity-based estimate by work package
S-0.1.b,Define Licensing Products & Scope (ESP/DC/COL/CP/OL/Topicals),Shared,shared_program,program_backbone,licensing_authorization,design_engineering,2026-10-01,2026-12-31,0.044977,0.422,709.0,261.343,9.581505,110.286895,19.525275,8.875125,0.0,0.0,0.0,0.0,2.84004,4.26006,17.494487,9.581505,163.281882,0.0,163.281882,130.625506,228.594635,153.700377,1604.14,Engineering planning estimate,Bottom-up activity-based estimate by work package
S-0.1.c,Topical Report Portfolio & Methods Qualification Plan,Shared,shared_program,program_backbone,licensing_authorization,analysis_model,2026-10-01,2027-03-31,0.034716,0.589,989.5,261.838,7.410221,154.222446,19.018124,3.169688,19.018125,19.018125,0.0,0.0,3.169688,0.0,26.113944,7.410221,243.73014,0.0,243.73014,194.984112,341.222195,236.319919,3189.11,Engineering planning estimate,Bottom-up activity-based estimate by work package
S-0.1.d,Regulatory Precedent & Risk/Opportunity Scan,Shared,shared_program,program_backbone,project_controls,management_control,2026-10-01,2027-03-31,0.032894,0.314,527.5,250.352,6.723296,78.610588,5.89275,2.619,0.0,0.0,0.0,0.0,1.3095,3.27375,11.004671,6.723296,102.710259,0.0,102.710259,82.168207,143.794362,95.986963,1427.68,Engineering planning estimate,Bottom-up activity-based estimate by work package
S-0.1.e,Integrated Schedule & Resource Model,Shared,shared_program,program_backbone,project_controls,management_control,2026-10-01,2027-03-31,0.046076,0.314,527.5,261.304,9.814143,82.049299,5.85225,2.601,0.0,0.0,0.0,0.0,1.3005,3.25125,11.406516,9.814143,106.460815,0.0,106.460815,85.168652,149.045141,96.646672,984.77,Engineering planning estimate,Bottom-up activity-based estimate by work package
S-0.1.f,"RACI, Interface Control & Governance",Shared,shared_program,program_backbone,licensing_authorization,design_engineering,2026-10-01,2027-06-30,0.059762,0.467,784.6,260.763,12.709991,121.776333,19.39245,8.81475,0.0,0.0,0.0,0.0,2.82072,4.23108,18.84424,12.709991,175.879573,0.0,175.879573,140.703658,246.231402,163.169582,1283.79,Engineering planning estimate,Bottom-up activity-based estimate by work package
S-0.1.g,Commitment & Configuration Management Setup,Shared,shared_program,program_backbone,quality_configuration,design_engineering,2026-10-01,2027-03-31,0.052478,0.386,648.5,260.939,11.168588,100.722404,16.863,7.665,0.0,0.0,0.0,0.0,2.4528,3.6792,15.765888,11.168588,147.148292,0.0,147.148292,117.718634,206.007609,135.979704,1217.52,Engineering planning estimate,Bottom-up activity-based estimate by work package
S-0.1.h,Decision Record & Strategy Memo,Shared,shared_program,program_backbone,project_controls,management_control,2026-10-01,2027-03-31,0.024753,0.314,527.5,254.298,5.148129,79.849719,5.85225,2.601,0.0,0.0,0.0,0.0,1.3005,3.25125,11.142566,5.148129,103.997285,0.0,103.997285,83.197828,145.596199,98.849156,1920.1,Engineering planning estimate,Bottom-up activity-based estimate by work package
S-0.2.a,Author QAPD/QATR and Appendix B Mapping,Shared,shared_program,program_backbone,quality_configuration,design_engineering,2027-01-01,2028-03-31,0.075275,0.481,808.1,218.528,13.417764,105.111743,16.863,7.665,0.0,0.0,0.0,0.0,2.4528,3.6792,16.292609,13.417764,152.064352,0.0,152.064352,121.651482,212.890093,138.646588,1033.31,Engineering planning estimate,Bottom-up activity-based estimate by work package
S-0.2.b,Implement Corrective Action Program (CAP) and Nonconformance Control,Shared,shared_program,program_backbone,quality_configuration,design_engineering,2026-10-01,2030-03-31,0.193666,0.558,937.4,218.528,34.520819,121.938585,16.863,7.665,0.0,0.0,0.0,0.0,2.4528,3.6792,18.31183,34.520819,170.910415,0.0,170.910415,136.728332,239.274581,136.389596,395.09,Engineering planning estimate,Bottom-up activity-based estimate by work package
S-0.2.c,10 CFR 21 Evaluation & Reporting Process,Shared,shared_program,program_backbone,quality_configuration,analysis_model,2027-07-01,2028-09-30,0.091355,0.498,836.6,218.528,16.283999,108.826833,19.575,17.4,0.0,0.0,0.0,0.0,2.175,4.35,18.27922,16.283999,170.606053,0.0,170.606053,136.484842,238.848474,154.322054,947.69,Engineering planning estimate,Bottom-up activity-based estimate by work package
S-0.2.d,"Supplier Qualification, Audits & Surveillance",Shared,shared_program,program_backbone,procurement_fabrication,procurement_fabrication,2026-10-01,2030-06-30,0.37457,0.802,1347.4,215.083,65.802895,172.496546,20.99601,3.499335,20.99601,20.99601,0.0,0.0,3.499335,0.0,29.09799,65.802895,271.581236,0.0,271.581236,217.264988,380.21373,205.778341,312.72,Engineering planning estimate,Bottom-up activity-based estimate by work package
S-0.2.e,Software Quality Assurance (SQA) for Safety-Significant Codes,Shared,shared_program,program_backbone,quality_configuration,design_engineering,2027-07-01,2028-12-31,0.129768,0.499,838.3,217.774,23.144061,108.669317,16.9785,7.7175,0.0,0.0,0.0,0.0,2.4696,3.7044,16.744718,23.144061,156.284035,0.0,156.284035,125.027228,218.797649,133.139974,575.27,Engineering planning estimate,Bottom-up activity-based estimate by work package
S-0.2.f,"Document Control, Records & Electronic Records Management",Shared,shared_program,program_backbone,quality_configuration,design_engineering,2027-01-01,2030-12-31,0.243373,0.57,957.6,218.199,43.302902,124.373699,16.863,7.665,0.0,0.0,0.0,0.0,2.4528,3.6792,18.604044,43.302902,173.637743,0.0,173.637743,138.910194,243.09284,130.334841,300.98,Engineering planning estimate,Bottom-up activity-based estimate by work package
S-0.2.g,Configuration Management (CM) & Change Control,Shared,shared_program,program_backbone,quality_configuration,design_engineering,2027-01-01,2030-06-30,0.20752,0.567,952.6,218.2,36.923613,123.719184,16.863,7.665,0.0,0.0,0.0,0.0,2.4528,3.6792,18.525502,36.923613,172.904686,0.0,172.904686,138.323749,242.066561,135.981073,368.28,Engineering planning estimate,Bottom-up activity-based estimate by work package
S-0.2.h,"Licensing Basis, Commitments & 50.71(e) FSAR Update Process",Shared,shared_program,program_backbone,licensing_authorization,design_engineering,2027-04-01,2030-09-30,0.405098,0.651,1093.7,260.309,85.940634,169.461014,19.525275,8.875125,0.0,0.0,0.0,0.0,2.84004,4.26006,24.595382,85.940634,229.556896,0.0,229.556896,183.645517,321.379654,143.616262,167.11,Engineering planning estimate,Bottom-up activity-based estimate by work package
S-0.2.i,"Internal Audits, Independent Assessments & Surveillances",Shared,shared_program,program_backbone,quality_configuration,analysis_model,2027-04-01,2030-12-31,0.23936,0.594,997.9,217.932,42.724365,129.451711,19.575,17.4,0.0,0.0,0.0,0.0,2.175,4.35,20.754205,42.724365,193.705916,0.0,193.705916,154.964733,271.188283,150.981551,353.39,Engineering planning estimate,Bottom-up activity-based estimate by work package
S-0.2.j,"Training, Qualification & Indoctrination",Shared,shared_program,program_backbone,licensing_authorization,licensing_product,2029-07-01,2031-03-31,0.157663,0.673,1130.6,214.404,27.631814,144.293752,26.066475,5.213295,0.0,0.0,0.0,10.42659,4.170636,6.255954,23.571204,27.631814,219.997906,0.0,219.997906,175.998325,307.997069,192.366092,696.18,Engineering planning estimate,Bottom-up activity-based estimate by work package
S-0.2.k,Program Performance Metrics & Management Review,Shared,shared_program,program_backbone,quality_configuration,design_engineering,2027-04-01,2031-03-31,0.237333,0.566,950.9,218.2,42.228132,123.501067,16.7475,7.6125,0.0,0.0,0.0,0.0,2.436,3.654,18.474128,42.228132,172.425195,0.0,172.425195,137.940156,241.395273,130.197063,308.32,Engineering planning estimate,Bottom-up activity-based estimate by work package
S-0.2.l,Interface with Design & Analysis Organizations,Shared,shared_program,program_backbone,quality_configuration,design_engineering,2027-07-01,2031-03-31,0.341465,0.57,957.6,215.274,59.876703,122.706378,16.7475,7.6125,0.0,0.0,0.0,0.0,2.436,3.654,18.378765,59.876703,171.535143,0.0,171.535143,137.228115,240.149201,111.65844,186.48,Engineering planning estimate,Bottom-up activity-based estimate by work package
S-10.a,Project Execution Plan (PEP) & Controls Governance,Shared,shared_program,program_backbone,project_controls,management_control,2026-10-01,2035-06-30,0.240648,0.385,646.8,229.048,45.755356,88.183315,5.994,2.664,0.0,0.0,0.0,0.0,1.332,3.33,12.180398,45.755356,113.683713,0.0,113.683713,90.94697,159.157198,67.928357,148.46,Engineering planning estimate,Bottom-up activity-based estimate by work package
S-10.b,SRP-Aligned WBS (L1-L3) & Dictionary,Shared,shared_program,program_backbone,project_controls,management_control,2029-01-01,2032-12-31,0.095863,0.392,658.6,231.053,18.381418,90.572597,5.994,2.664,0.0,0.0,0.0,0.0,1.332,3.33,12.467112,18.381418,116.359709,0.0,116.359709,93.087767,162.903592,97.978291,533.03,Engineering planning estimate,Bottom-up activity-based estimate by work package
S-10.c,Master Deliverables List (MDL) Build-out,Shared,shared_program,program_backbone,project_controls,management_control,2029-07-01,2033-09-30,0.105403,0.393,660.2,231.053,20.210708,90.803794,5.994,2.664,0.0,0.0,0.0,0.0,1.332,3.33,12.494855,20.210708,116.618649,0.0,116.618649,93.294919,163.266109,96.407941,477.01,Engineering planning estimate,Bottom-up activity-based estimate by work package
S-10.d,Integrated Master Schedule (IMS) & Logic,Shared,shared_program,program_backbone,project_controls,management_control,2030-01-01,2034-09-30,0.19937,0.4,672.0,229.394,37.962543,91.757556,5.994,2.664,0.0,0.0,0.0,0.0,1.332,3.33,12.609307,37.962543,117.686863,0.0,117.686863,94.14949,164.761608,79.72432,210.01,Engineering planning estimate,Bottom-up activity-based estimate by work package
S-10.e,Milestone Framework (L0-L9) & Gate Reviews,Shared,shared_program,program_backbone,project_controls,management_control,2030-07-01,2035-09-30,0.124176,0.393,660.2,231.053,23.81028,90.803711,5.994,2.664,0.0,0.0,0.0,0.0,1.332,3.33,12.494845,23.81028,116.618556,0.0,116.618556,93.294845,163.265979,92.808276,389.78,Engineering planning estimate,Bottom-up activity-based estimate by work package
S-10.f,"Commitments, License Conditions & Action Tracking",Shared,shared_program,program_backbone,licensing_authorization,licensing_product,2027-07-01,2038-03-31,0.679948,0.782,1313.8,260.0,143.876891,203.32,23.13225,4.62645,0.0,0.0,0.0,9.2529,3.70116,5.55174,29.95014,143.876891,279.53464,0.0,279.53464,223.627712,391.348496,135.657749,94.29,Engineering planning estimate,Bottom-up activity-based estimate by work package
S-10.g,RAI / Inspection Calendar & Readiness,Shared,shared_program,program_backbone,licensing_authorization,licensing_product,2034-10-01,2037-03-31,0.120646,0.531,892.1,224.956,22.120218,119.451519,23.13225,4.62645,0.0,0.0,0.0,9.2529,3.70116,5.55174,19.885922,22.120218,185.601941,0.0,185.601941,148.481553,259.842718,163.481723,739.06,Engineering planning estimate,Bottom-up activity-based estimate by work package
S-10.h,Earned Value Management (EVM) & Performance Reporting,Shared,shared_program,program_backbone,project_controls,management_control,2028-01-01,2037-03-31,0.253659,0.385,646.8,229.048,48.229055,88.183333,5.994,2.664,0.0,0.0,0.0,0.0,1.332,3.33,12.1804,48.229055,113.683733,0.0,113.683733,90.946986,159.157226,65.454678,135.72,Engineering planning estimate,Bottom-up activity-based estimate by work package
S-10.i,Schedule Risk & Readiness Monte Carlo,Shared,shared_program,program_backbone,safety_analysis,test_experiment,2035-04-01,2038-06-30,0.145985,0.732,1229.8,264.302,31.468274,193.469177,22.156875,4.431375,17.7255,35.451,0.0,0.0,7.0902,1.77255,33.851601,31.468274,315.948278,0.0,315.948278,252.758623,442.32759,284.480004,904.02,Engineering planning estimate,Bottom-up activity-based estimate by work package
S-10.j,Interfaces & Data Pipelines (Reqs/EDMS/Models/CMMS),Shared,shared_program,program_backbone,project_controls,analysis_model,2028-04-01,2038-06-30,0.431212,0.496,833.3,229.394,82.107995,113.779372,19.98,17.76,0.0,0.0,0.0,0.0,2.22,4.44,18.981525,82.107995,177.160897,0.0,177.160897,141.728717,248.025255,95.052902,115.77,Engineering planning estimate,Bottom-up activity-based estimate by work package
S-10.k,QA Baseline Control & Auditable Records,Shared,shared_program,program_backbone,quality_configuration,management_control,2028-07-01,2038-12-31,0.547118,0.629,1056.7,209.444,93.119475,131.740549,5.9535,2.646,0.0,0.0,0.0,0.0,1.323,3.3075,17.396466,93.119475,162.367015,0.0,162.367015,129.893612,227.313821,69.24754,74.36,Engineering planning estimate,Bottom-up activity-based estimate by work package
S-10.l,Dashboards & Analytics,Shared,shared_program,program_backbone,project_controls,management_control,2034-04-01,2038-12-31,0.119482,0.314,527.5,231.053,22.910387,72.550604,4.7952,2.1312,0.0,0.0,0.0,0.0,1.0656,2.664,9.984792,22.910387,93.191396,0.0,93.191396,74.553117,130.467955,70.281009,306.76,Engineering planning estimate,Bottom-up activity-based estimate by work package
S-10.m,Risk & Opportunity Register (Schedule/Technical/Regulatory),Shared,shared_program,program_backbone,project_controls,management_control,2034-07-01,2038-06-30,0.240819,0.414,695.5,260.0,50.95727,107.64,6.0345,2.682,0.0,0.0,0.0,0.0,1.341,3.3525,14.526,50.95727,135.576,0.0,135.576,108.4608,189.8064,84.61873,166.06,Engineering planning estimate,Bottom-up activity-based estimate by work package
S-10.n,Readiness Reviews & Lessons Learned,Shared,shared_program,program_backbone,test_commissioning,test_experiment,2036-04-01,2038-12-31,0.125527,0.668,1122.2,224.956,23.015093,150.270492,21.304688,4.260937,17.04375,34.0875,0.0,0.0,6.8175,1.704375,28.258709,23.015093,263.747951,0.0,263.747951,210.998361,369.247131,240.732858,1045.98,Engineering planning estimate,Bottom-up activity-based estimate by work package
S-11.a,"Data Model, IDs & Governance",Shared,shared_program,program_backbone,quality_configuration,analysis_model,2026-10-01,2033-12-31,0.584572,0.672,1129.0,209.326,99.437057,140.667258,20.115,17.88,0.0,0.0,0.0,0.0,2.235,4.47,22.244071,99.437057,207.611329,0.0,207.611329,166.089063,290.655861,108.174272,108.79,Engineering planning estimate,Bottom-up activity-based estimate by work package
S-11.b,Regulatory Source Library & Edition Control,Shared,shared_program,program_backbone,licensing_authorization,design_engineering,2028-10-01,2031-12-31,0.198508,0.53,890.4,260.0,42.004187,137.8,19.790925,8.995875,0.0,0.0,0.0,0.0,2.87868,4.31802,20.85402,42.004187,194.63752,0.0,194.63752,155.710016,272.492528,152.633333,363.38,Engineering planning estimate,Bottom-up activity-based estimate by work package
S-11.c,GDC -> PDC Mapping & Departure Basis,Shared,shared_program,program_backbone,systems_engineering,design_engineering,2027-07-01,2030-09-30,0.234658,0.552,927.4,247.688,47.881609,136.723998,17.094,7.77,0.0,0.0,0.0,0.0,2.4864,3.7296,20.13648,47.881609,187.940478,0.0,187.940478,150.352382,263.116669,140.058869,292.51,Engineering planning estimate,Bottom-up activity-based estimate by work package
S-11.d,DBFR Authoring & Classification,Shared,shared_program,program_backbone,quality_configuration,design_engineering,2028-01-01,2031-06-30,0.25367,0.446,749.3,209.355,43.155793,93.372272,16.80525,7.63875,0.0,0.0,0.0,0.0,2.4444,3.6666,14.871273,43.155793,138.798545,0.0,138.798545,111.038836,194.317962,95.642752,221.62,Engineering planning estimate,Bottom-up activity-based estimate by work package
S-11.e,DBFRs -> SDDs / Calcs / Drawings / Specs,Shared,shared_program,program_backbone,quality_configuration,design_engineering,2030-01-01,2034-03-31,0.189942,0.465,781.2,208.75,32.218914,97.068719,16.80525,7.63875,0.0,0.0,0.0,0.0,2.4444,3.6666,15.314846,32.218914,142.938565,0.0,142.938565,114.350852,200.113991,110.719651,343.65,Engineering planning estimate,Bottom-up activity-based estimate by work package
S-11.f,Design -> FSAR Section Mapping,Shared,shared_program,program_backbone,licensing_authorization,design_engineering,2030-07-01,2034-12-31,0.473381,0.544,913.9,260.0,100.167321,141.44,19.458862,8.844938,0.0,0.0,0.0,0.0,2.83038,4.24557,21.21837,100.167321,198.03812,0.0,198.03812,158.430496,277.253368,97.870799,97.71,Engineering planning estimate,Bottom-up activity-based estimate by work package
S-11.g,Safety Analysis/Design -> Construction Verification and Evidence Path,Shared,shared_program,program_backbone,licensing_authorization,design_engineering,2031-01-01,2033-12-31,0.318855,0.628,1055.0,260.0,67.469846,163.28,24.323578,11.056172,0.0,0.0,0.0,0.0,3.537975,5.306963,24.900563,67.469846,232.405251,0.0,232.405251,185.9242,325.367351,164.935405,244.46,Engineering planning estimate,Bottom-up activity-based estimate by work package
S-11.h,Design/Analyses -> Technical Specifications (TS) & COL Items,Shared,shared_program,program_backbone,quality_configuration,design_engineering,2031-04-01,2034-09-30,0.265413,1.625,2730.0,209.326,45.14721,340.155077,21.150938,9.614062,0.0,0.0,0.0,0.0,3.0765,4.61475,45.433359,45.14721,424.044686,0.0,424.044686,339.235749,593.662561,378.897476,839.25,Engineering planning estimate,Bottom-up activity-based estimate by work package
S-11.i,Commitments & License Conditions Register,Shared,shared_program,program_backbone,licensing_authorization,licensing_product,2028-01-01,2035-12-31,0.493501,0.568,954.2,260.0,104.424751,147.68,22.588875,4.517775,0.0,0.0,0.0,9.03555,3.61422,5.42133,23.14293,104.424751,216.00068,0.0,216.00068,172.800544,302.400952,111.575929,106.85,Engineering planning estimate,Bottom-up activity-based estimate by work package
S-11.j,"Automated QC: Orphans, Conflicts & Impact Analysis",Shared,shared_program,program_backbone,quality_configuration,analysis_model,2032-04-01,2036-03-31,0.318905,0.487,818.2,209.326,54.24631,101.941864,19.6425,17.46,0.0,0.0,0.0,0.0,2.1825,4.365,17.471024,54.24631,163.062888,0.0,163.062888,130.45031,228.288043,108.816578,200.6,Engineering planning estimate,Bottom-up activity-based estimate by work package
S-11.k,50.71(e) FSAR Update Support & Redline/Strikeout,Shared,shared_program,program_backbone,licensing_authorization,design_engineering,2032-10-01,2036-12-31,0.432805,0.536,900.5,260.0,91.581551,139.36,19.458862,8.844938,0.0,0.0,0.0,0.0,2.83038,4.24557,20.96877,91.581551,195.70852,0.0,195.70852,156.566816,273.991928,104.126969,113.7,Engineering planning estimate,Bottom-up activity-based estimate by work package
S-11.l,RAI/SER Trace & Closure Evidence,Shared,shared_program,program_backbone,licensing_authorization,licensing_product,2034-07-01,2036-12-31,0.170617,0.503,845.0,247.688,34.814317,124.58726,22.744125,4.548825,0.0,0.0,0.0,9.09765,3.63906,5.45859,20.409061,34.814317,190.484571,0.0,190.484571,152.387657,266.6784,155.670254,447.14,Engineering planning estimate,Bottom-up activity-based estimate by work package
S-11.m,"Dashboards, Exports & Audit Packs",Shared,shared_program,program_backbone,quality_configuration,design_engineering,2028-10-01,2036-03-31,0.34024,0.391,656.9,208.75,57.713238,81.62125,13.4442,6.111,0.0,0.0,0.0,0.0,1.95552,2.93328,12.72783,57.713238,118.79308,0.0,118.79308,95.034464,166.310312,61.079842,105.83,Engineering planning estimate,Bottom-up activity-based estimate by work package
S-12.a,Acceptance Criteria Catalog & Checklists,Shared,shared_program,program_backbone,quality_configuration,design_engineering,2027-01-01,2030-03-31,0.14173,0.451,757.7,208.75,24.041024,94.14629,17.094,7.77,0.0,0.0,0.0,0.0,2.4864,3.7296,15.027155,24.041024,140.253445,0.0,140.253445,112.202756,196.354823,116.212421,483.39,Engineering planning estimate,Bottom-up activity-based estimate by work package
S-12.b,IV&V Planning & Independence Matrix,Shared,shared_program,program_backbone,quality_configuration,design_engineering,2027-07-01,2031-03-31,0.159157,0.47,789.6,208.75,26.996888,98.112445,17.094,7.77,0.0,0.0,0.0,0.0,2.4864,3.7296,15.503093,26.996888,144.695538,0.0,144.695538,115.756431,202.573754,117.69865,435.97,Engineering planning estimate,Bottom-up activity-based estimate by work package
S-12.c,Calculation Package Acceptance (Inputs -> Methods -> Checks -> Results),Shared,shared_program,program_backbone,quality_configuration,analysis_model,2030-04-01,2034-06-30,0.194734,0.498,836.6,208.75,33.031777,103.957468,19.98,17.76,0.0,0.0,0.0,0.0,2.22,4.44,17.802896,33.031777,166.160364,0.0,166.160364,132.928291,232.62451,133.128587,403.03,Engineering planning estimate,Bottom-up activity-based estimate by work package
S-12.d,Model Deck & Software QA Acceptance,Shared,shared_program,program_backbone,quality_configuration,analysis_model,2030-10-01,2035-06-30,0.373932,0.498,836.6,209.326,63.606629,104.244468,19.98,17.76,0.0,0.0,0.0,0.0,2.22,4.44,17.837336,63.606629,166.481804,0.0,166.481804,133.185443,233.074526,102.875175,161.74,Engineering planning estimate,Bottom-up activity-based estimate by work package
S-12.e,Drawing/Spec/SDD Acceptance,Shared,shared_program,program_backbone,quality_configuration,design_engineering,2031-07-01,2036-06-30,0.22552,0.476,799.7,208.75,38.253802,99.365,17.094,7.77,0.0,0.0,0.0,0.0,2.4864,3.7296,15.6534,38.253802,146.0984,0.0,146.0984,116.87872,204.53776,107.844598,281.92,Engineering planning estimate,Bottom-up activity-based estimate by work package
S-12.f,Test Procedure/Report Acceptance (Pre-op/Startup/ITAAC),Shared,shared_program,program_backbone,quality_configuration,test_experiment,2033-10-01,2038-09-30,0.433894,0.682,1145.8,214.582,76.184283,146.345054,25.565625,4.260937,25.565625,25.565625,0.0,0.0,4.260937,1e-06,27.787656,76.184283,259.35146,0.0,259.35146,207.481168,363.092045,183.167177,240.43,Engineering planning estimate,Bottom-up activity-based estimate by work package
S-12.g,FSAR Section/Table Acceptance,Shared,shared_program,program_backbone,licensing_authorization,design_engineering,2032-10-01,2036-03-31,0.380733,0.536,900.5,260.0,80.563145,139.36,19.790925,8.995875,0.0,0.0,0.0,0.0,2.87868,4.31802,21.04122,80.563145,196.38472,0.0,196.38472,157.107776,274.938608,115.821575,143.76,Engineering planning estimate,Bottom-up activity-based estimate by work package
S-12.h,ITAAC Evidence & ICN Content Verification,Shared,shared_program,program_backbone,quality_configuration,design_engineering,2034-07-01,2038-03-31,0.163658,0.588,987.8,208.75,27.760486,122.745045,21.3675,9.7125,0.0,0.0,0.0,0.0,3.108,4.662,19.391405,27.760486,180.98645,0.0,180.98645,144.78916,253.381031,153.225964,551.96,Engineering planning estimate,Bottom-up activity-based estimate by work package
S-12.i,Automated QC & Trace Integrity (with Node 11 Links),Shared,shared_program,program_backbone,systems_engineering,design_engineering,2034-01-01,2038-06-30,0.319966,0.571,959.3,247.688,65.288767,141.430065,17.094,7.77,0.0,0.0,0.0,0.0,2.4864,3.7296,20.701208,65.288767,193.211273,0.0,193.211273,154.569018,270.495782,127.922506,195.93,Engineering planning estimate,Bottom-up activity-based estimate by work package
S-12.j,"Records Indexing, Hashing & Retention",Shared,shared_program,program_backbone,quality_configuration,design_engineering,2029-04-01,2038-09-30,0.507256,0.583,979.4,209.444,86.335016,122.106098,17.094,7.77,0.0,0.0,0.0,0.0,2.4864,3.7296,18.382332,86.335016,171.56843,0.0,171.56843,137.254744,240.195802,85.233414,98.72,Engineering planning estimate,Bottom-up activity-based estimate by work package
S-12.k,Closeout Certificates & Readiness Reviews,Shared,shared_program,program_backbone,quality_configuration,test_experiment,2036-07-01,2038-12-31,0.11501,0.506,850.1,208.75,19.5087,105.627555,17.04375,3.40875,13.635,27.27,0.0,0.0,5.454,1.3635,20.856307,19.5087,194.658862,0.0,194.658862,155.727089,272.522406,175.150162,897.81,Engineering planning estimate,Bottom-up activity-based estimate by work package
S-14.a,Tailoring Strategy & Regulatory Alignment,Shared,shared_program,program_backbone,project_controls,management_control,2026-10-01,2028-09-30,0.162523,0.413,693.8,260.0,34.389882,107.38,6.0345,2.682,0.0,0.0,0.0,0.0,1.341,3.3525,14.4948,34.389882,135.2848,0.0,135.2848,108.22784,189.39872,100.894918,293.39,Engineering planning estimate,Bottom-up activity-based estimate by work package
S-14.b,Non-LWR Design Criteria (ARDC/PDC) & DBFRs,Shared,shared_program,program_backbone,systems_engineering,design_engineering,2028-10-01,2031-12-31,0.411631,0.639,1073.5,247.455,83.933681,158.123459,16.68975,7.58625,0.0,0.0,0.0,0.0,2.4276,3.6414,22.616215,83.933681,211.084674,0.0,211.084674,168.867739,295.518544,127.150993,151.49,Engineering planning estimate,Bottom-up activity-based estimate by work package
S-14.c,Mechanistic Source Term (MST) & EPZ Tailoring (50.160),Shared,shared_program,program_backbone,safety_analysis,analysis_model,2029-04-01,2032-12-31,0.448493,1.625,2730.0,247.455,91.450131,402.113649,180.0,160.0,0.0,0.0,0.0,0.0,20.0,40.0,96.253638,91.450131,898.367287,0.0,898.367287,718.69383,1257.714202,806.917156,882.36,Engineering planning estimate,Bottom-up activity-based estimate by work package
S-14.d,"LMP: LBEs, PRA & Safety Classification",Shared,shared_program,program_backbone,risk_pra,analysis_model,2028-01-01,2031-09-30,0.448903,0.823,1382.6,247.455,91.533647,203.655095,27.15525,24.138,0.0,0.0,0.0,0.0,3.01725,6.0345,31.680011,91.533647,295.680106,0.0,295.680106,236.544085,413.952149,204.146459,223.03,Engineering planning estimate,Bottom-up activity-based estimate by work package
S-14.e,Thermal-Hydraulic & Neutronics Methods for Non-LWRs,Shared,shared_program,program_backbone,neutronics,analysis_model,2030-04-01,2034-06-30,0.298931,1.19,1999.2,247.688,60.996591,294.749172,37.634625,33.453,0.0,0.0,0.0,0.0,4.181625,8.36325,45.405801,60.996591,423.787473,0.0,423.787473,339.029978,593.302462,362.790882,594.77,Engineering planning estimate,Bottom-up activity-based estimate by work package
S-14.f,Modular/Multi-Unit Interactions & Shared Systems,Shared,shared_program,program_backbone,systems_engineering,design_engineering,2030-10-01,2035-03-31,0.326978,0.678,1139.0,247.688,66.719492,167.93273,17.094,7.77,0.0,0.0,0.0,0.0,2.4864,3.7296,23.881528,66.719492,222.894258,0.0,222.894258,178.315406,312.051961,156.174766,234.08,Engineering planning estimate,Bottom-up activity-based estimate by work package
S-14.g,I&C Architecture Tailoring (Non-LWR Physics & Digital Safety),Shared,shared_program,program_backbone,instrumentation_controls,design_engineering,2028-07-01,2031-03-31,0.349374,0.695,1167.6,247.455,71.239234,171.9809,21.511875,9.778125,0.0,0.0,0.0,0.0,3.129,4.6935,25.331208,71.239234,236.424608,0.0,236.424608,189.139686,330.994451,165.185374,231.87,Engineering planning estimate,Bottom-up activity-based estimate by work package
S-14.h,HFE & Operations for Multi-Module Control Rooms,Shared,shared_program,program_backbone,human_factors,operations_program,2031-10-01,2035-03-31,0.241903,0.604,1014.7,247.688,49.360025,149.603776,9.88875,4.395,0.0,0.0,0.0,0.0,2.1975,5.49375,20.589453,49.360025,192.168229,0.0,192.168229,153.734583,269.035521,142.808204,289.32,Engineering planning estimate,Bottom-up activity-based estimate by work package
S-14.i,"Programs Tailoring (EP, Fire, RP, ISI/IST) to Technology",Shared,shared_program,program_backbone,systems_engineering,design_engineering,2028-04-01,2035-12-31,0.576361,0.677,1137.4,247.688,117.605625,167.685042,17.2095,7.8225,0.0,0.0,0.0,0.0,2.5032,3.7548,23.877005,117.605625,222.852047,0.0,222.852047,178.281638,311.992866,105.246422,89.49,Engineering planning estimate,Bottom-up activity-based estimate by work package
S-14.j,Testing & ITP Adaptations (Prototype/First-of-a-Kind),Shared,shared_program,program_backbone,systems_engineering,test_experiment,2033-07-01,2036-12-31,0.546477,0.724,1216.3,240.901,108.479808,174.412084,20.115,3.3525,20.115,20.115,0.0,0.0,3.3525,0.0,28.97545,108.479808,270.437534,0.0,270.437534,216.350027,378.612548,161.957726,149.3,Engineering planning estimate,Bottom-up activity-based estimate by work package
S-14.k,FSAR/ITAAC/Departures Packaging,Shared,shared_program,program_backbone,licensing_authorization,design_engineering,2033-04-01,2036-12-31,0.381071,0.755,1268.4,260.0,80.634693,196.3,24.157547,10.980703,0.0,0.0,0.0,0.0,3.513825,5.270737,28.826737,80.634693,269.049549,0.0,269.049549,215.23964,376.669369,188.414856,233.66,Engineering planning estimate,Bottom-up activity-based estimate by work package
S-14.l,Pre-Application Engagement & NRC Feedback Loop,Shared,shared_program,program_backbone,licensing_authorization,licensing_product,2033-10-01,2036-12-31,0.399343,0.606,1018.1,247.455,81.428199,149.957454,22.588875,4.517775,0.0,0.0,0.0,9.03555,3.61422,5.42133,23.416224,81.428199,218.551428,0.0,218.551428,174.841143,305.972,137.123229,168.4,Engineering planning estimate,Bottom-up activity-based estimate by work package
S-2.a,Codes & Standards Basis and Compliance Matrix,Shared,shared_program,methods_and_topicals,systems_engineering,analysis_model,2026-10-01,2027-09-30,0.0942,1.503,2525.0,279.629,21.653774,420.282039,80.46,71.52,0.0,0.0,0.0,0.0,8.94,17.88,119.816408,21.653774,718.898447,104.733521,823.631968,539.173835,1078.34767,697.244673,3219.97,R&D planning estimate,Bottom-up activity-based estimate by work package
S-2.b,Software Quality Assurance (SQA) & Configuration Control for Analysis Codes,Shared,shared_program,methods_and_topicals,quality_configuration,analysis_model,2026-10-01,2029-03-31,0.478946,1.45,2436.0,215.138,84.168634,311.95054,81.0,72.0,0.0,0.0,0.0,0.0,9.0,18.0,98.390108,84.168634,590.340648,101.041923,691.382571,442.755486,885.510972,506.172014,601.38,R&D planning estimate,Bottom-up activity-based estimate by work package
S-2.c,Neutronics/Core Physics Methods Topical,Shared,shared_program,methods_and_topicals,neutronics,analysis_model,2027-07-01,2029-12-30,0.225475,2.982,5009.8,271.778,50.326088,810.443324,153.09,136.08,0.0,0.0,0.0,0.0,17.01,34.02,230.128665,50.326088,1380.771989,259.7495,1640.521489,1035.578992,2071.157983,1330.445901,2643.65,R&D planning estimate,Bottom-up activity-based estimate by work package
S-2.d,System Thermal-Hydraulics Methods Topical,Shared,shared_program,methods_and_topicals,thermal_hydraulics,analysis_model,2027-07-01,2030-03-30,0.248974,2.768,4650.2,271.676,55.547502,751.997996,153.09,136.08,0.0,0.0,0.0,0.0,17.01,34.02,218.439599,55.547502,1310.637595,241.10486,1551.742455,982.978196,1965.956393,1255.090093,2259.49,R&D planning estimate,Bottom-up activity-based estimate by work package
S-2.e,Fuel Performance Methods Topical,Shared,shared_program,methods_and_topicals,systems_engineering,analysis_model,2027-10-01,2030-06-30,0.233587,1.79,3007.2,282.551,54.218949,505.765712,80.46,71.52,0.0,0.0,0.0,0.0,8.94,17.88,136.913142,54.218949,821.478854,124.734512,946.213366,616.109141,1232.218282,767.259905,1415.11,R&D planning estimate,Bottom-up activity-based estimate by work package
S-2.f,Containment Thermal-Hydraulics & Radiological Consequence Methods,Shared,shared_program,methods_and_topicals,thermal_hydraulics,analysis_model,2027-10-01,2030-09-30,0.280921,2.829,4752.7,271.675,62.674991,768.569354,225.0,200.0,0.0,0.0,0.0,0.0,25.0,50.0,253.713871,62.674991,1522.283225,246.419308,1768.702533,1141.712419,2283.424837,1459.608234,2328.85,R&D planning estimate,Bottom-up activity-based estimate by work package
S-2.g,Seismic/SSI & Structural Analysis Methods,Shared,shared_program,methods_and_topicals,civil_structural,analysis_model,2027-10-01,2030-06-30,0.263081,2.616,4394.9,274.24,59.255305,717.411955,136.6875,121.5,0.0,0.0,0.0,0.0,15.1875,30.375,204.232391,59.255305,1225.394346,200.523836,1425.918182,919.04576,1838.091519,1166.139041,1967.99,R&D planning estimate,Bottom-up activity-based estimate by work package
S-2.h,"I&C Safety Architecture, Setpoint Methodology, and Digital Lifecycle",Shared,shared_program,methods_and_topicals,instrumentation_controls,analysis_model,2027-01-01,2029-09-30,0.193001,2.602,4371.4,271.572,43.041286,706.631253,135.77625,120.69,0.0,0.0,0.0,0.0,15.08625,30.1725,201.671251,43.041286,1210.027504,199.451613,1409.479117,907.520628,1815.041255,1166.986218,2711.32,R&D planning estimate,Bottom-up activity-based estimate by work package
S-2.i,Equipment Qualification (EQ) Program Plan,Shared,shared_program,methods_and_topicals,systems_engineering,analysis_model,2027-01-01,2030-12-30,0.445561,2.157,3623.8,282.551,103.421156,609.461509,120.0,20.0,120.0,120.0,0.0,0.0,20.0,0.0,201.892302,103.421156,1211.353811,150.310231,1361.664042,908.515358,1817.030716,1107.932655,1071.28,R&D planning estimate,Bottom-up activity-based estimate by work package
S-2.j,Design Control & Calculation Control Procedures,Shared,shared_program,methods_and_topicals,operations_maintenance,analysis_model,2028-04-01,2030-12-30,0.249454,1.615,2713.2,270.734,55.489791,437.235642,81.0,72.0,0.0,0.0,0.0,0.0,9.0,18.0,123.447128,55.489791,740.68277,112.539797,853.222567,555.512078,1111.024156,685.192979,1234.81,R&D planning estimate,Bottom-up activity-based estimate by work package
S-2.k,Requirements Flowdown to Specs/Drawings and ITAAC Mapping,Shared,shared_program,methods_and_topicals,systems_engineering,analysis_model,2027-07-01,2030-06-30,0.203017,2.239,3761.5,249.581,41.762287,558.810857,100.575,89.4,0.0,0.0,0.0,0.0,11.175,22.35,156.462171,41.762287,938.773028,156.021837,1094.794865,704.079771,1408.159543,897.010741,2147.9,R&D planning estimate,Bottom-up activity-based estimate by work package
S-2.l,Interface Control & Data Exchange (ICDs),Shared,shared_program,methods_and_topicals,systems_engineering,analysis_model,2027-01-01,2031-06-30,0.452536,1.878,3155.0,249.58,93.090402,468.712174,80.46,71.52,0.0,0.0,0.0,0.0,8.94,17.88,129.502435,93.090402,777.014609,130.865052,907.879661,582.760957,1165.521913,683.924207,734.69,R&D planning estimate,Bottom-up activity-based estimate by work package
S-2.m,"Methods V&V, Benchmarking, and Evidence Repository",Shared,shared_program,methods_and_topicals,systems_engineering,analysis_model,2028-07-01,2031-03-30,0.112011,1.767,2968.6,279.629,25.748022,494.104618,80.46,71.52,0.0,0.0,0.0,0.0,8.94,17.88,134.580924,25.748022,807.485542,123.133437,930.618979,605.614156,1211.228312,781.73752,3036.11,R&D planning estimate,Bottom-up activity-based estimate by work package
S-2.n,PRA Program & Risk-Informed Applications (RIDM),Shared,shared_program,methods_and_topicals,risk_pra,analysis_model,2027-04-01,2031-03-30,0.669592,2.229,3744.7,274.769,151.095261,612.459088,109.35,97.2,0.0,0.0,0.0,0.0,12.15,24.3,171.091818,151.095261,1026.550906,178.623745,1205.174651,769.913179,1539.826358,875.455645,579.41,R&D planning estimate,Bottom-up activity-based estimate by work package
S-2.o,Human Factors Engineering (HFE) Methods Integration,Shared,shared_program,methods_and_topicals,human_factors,analysis_model,2028-10-01,2031-06-30,0.201574,1.627,2733.4,270.734,44.839071,440.483893,80.46,71.52,0.0,0.0,0.0,0.0,8.94,17.88,123.856779,44.839071,743.140672,113.377664,856.518336,557.355504,1114.711007,698.301601,1557.35,R&D planning estimate,Bottom-up activity-based estimate by work package
S-8.a,Requirements Traceability (regulation -> design criteria -> requirements -> design -> verification),Shared,shared_program,program_backbone,systems_engineering,design_engineering,2027-01-01,2030-03-31,0.228114,0.578,971.0,247.688,46.546265,143.163891,18.927562,8.603438,0.0,0.0,0.0,0.0,2.7531,4.12965,21.309317,46.546265,198.886958,0.0,198.886958,159.109566,278.441741,152.340693,327.29,Engineering planning estimate,Bottom-up activity-based estimate by work package
S-8.b,Configuration & Records Management,Shared,shared_program,program_backbone,systems_engineering,design_engineering,2027-04-01,2035-12-31,0.739252,0.85,1428.0,247.406,150.715575,210.295307,16.45875,7.48125,0.0,0.0,0.0,0.0,2.394,3.591,28.826437,150.715575,269.046744,0.0,269.046744,215.237395,376.665441,118.331169,78.51,Engineering planning estimate,Bottom-up activity-based estimate by work package
S-8.c,Software QA & Tool Qualification (NQA-1 Subpart 2.7),Shared,shared_program,program_backbone,quality_configuration,design_engineering,2032-01-01,2035-12-31,0.311482,0.498,836.6,209.326,52.983756,104.244506,10.324124,1.720688,10.324125,10.324125,0.0,0.0,1.720688,0.0,16.638991,52.983756,155.297247,0.0,155.297247,124.237797,217.416145,102.313491,193.1,Engineering planning estimate,Bottom-up activity-based estimate by work package
S-8.d,"Uncertainty, Sensitivity & BEPU",Shared,shared_program,program_backbone,systems_engineering,analysis_model,2029-07-01,2034-03-31,0.341469,0.548,920.6,247.688,69.676325,135.733235,19.2375,17.1,0.0,0.0,0.0,0.0,2.1375,4.275,21.417988,69.676325,199.901223,0.0,199.901223,159.920979,279.861712,130.224898,186.9,Engineering planning estimate,Bottom-up activity-based estimate by work package
S-8.e,Setpoint / Allowable Value Methodology (RG 1.105),Shared,shared_program,program_backbone,instrumentation_controls,analysis_model,2029-10-01,2034-09-30,0.362504,0.614,1031.5,247.688,73.968501,152.080668,24.046875,21.375,0.0,0.0,0.0,0.0,2.671875,5.34375,24.66218,73.968501,230.180348,0.0,230.180348,184.144279,322.252487,156.211847,211.19,Engineering planning estimate,Bottom-up activity-based estimate by work package
S-8.f,"Seismic Hazard, SSI & ISRS Generation",Shared,shared_program,program_backbone,civil_structural,design_engineering,2030-04-01,2035-06-30,0.686051,1.625,2730.0,247.455,139.88947,402.11364,330.0,150.0,0.0,0.0,0.0,0.0,48.0,72.0,120.253637,139.88947,1122.367277,0.0,1122.367277,897.893821,1571.314188,982.477807,702.32,Engineering planning estimate,Bottom-up activity-based estimate by work package
S-8.g,Structural & Piping Dynamics (Pipe Whip / Jet Impingement / Water-Hammer),Shared,shared_program,program_backbone,civil_structural,design_engineering,2030-04-01,2033-12-31,0.263405,0.571,959.3,247.688,53.747583,141.43007,20.717812,9.417188,0.0,0.0,0.0,0.0,3.0135,4.52025,21.491858,53.747583,200.590678,0.0,200.590678,160.472543,280.82695,146.843095,273.21,Engineering planning estimate,Bottom-up activity-based estimate by work package
S-8.h,Equipment Qualification (EQ) IEEE 323/344 & 10 CFR 50.49,Shared,shared_program,program_backbone,systems_engineering,design_engineering,2033-01-01,2036-06-30,0.461189,1.3,2184.0,247.455,94.03913,321.690897,120.0,20.0,120.0,120.0,0.0,0.0,20.0,0.0,86.602908,94.03913,808.293805,0.0,808.293805,646.635044,1131.611326,714.254675,759.53,Engineering planning estimate,Bottom-up activity-based estimate by work package
S-8.i,Containment Mass/Energy Releases & TH Response,Shared,shared_program,program_backbone,systems_engineering,analysis_model,2034-07-01,2037-09-30,0.398524,0.734,1233.1,247.455,81.261167,181.631636,25.970625,23.085,0.0,0.0,0.0,0.0,2.885625,5.77125,28.721296,81.261167,268.065432,0.0,268.065432,214.452346,375.291605,186.804265,229.88,Engineering planning estimate,Bottom-up activity-based estimate by work package
S-8.j,Fuel Performance & Subchannel Thermal Limits,Shared,shared_program,program_backbone,systems_engineering,design_engineering,2031-04-01,2035-12-31,0.348013,0.572,961.0,247.688,71.011669,141.67776,16.45875,7.48125,0.0,0.0,0.0,0.0,2.394,3.591,20.592331,71.011669,192.195091,0.0,192.195091,153.756073,269.073128,121.183422,170.65,Engineering planning estimate,Bottom-up activity-based estimate by work package
S-8.k,Dose Consequence & chi/Q Analyses,Shared,shared_program,program_backbone,systems_engineering,design_engineering,2031-07-01,2036-06-30,0.377228,0.535,898.8,247.688,76.973025,132.513287,16.57425,7.53375,0.0,0.0,0.0,0.0,2.4108,3.6162,19.517794,76.973025,182.166081,0.0,182.166081,145.732865,255.032514,105.193056,136.66,Engineering planning estimate,Bottom-up activity-based estimate by work package
S-8.l,"PRA Modeling, Peer Review & RIDM Support",Shared,shared_program,program_backbone,risk_pra,analysis_model,2031-10-01,2036-12-31,1.196884,1.376,2311.7,256.374,253.260655,352.770689,26.152875,23.247,0.0,0.0,0.0,0.0,2.905875,5.81175,49.306583,253.260655,460.194772,0.0,460.194772,368.155817,644.27268,206.934117,81.71,Engineering planning estimate,Bottom-up activity-based estimate by work package
S-8.m,Human Factors Engineering (HFE) V&V & ISV,Shared,shared_program,program_backbone,human_factors,operations_program,2032-01-01,2035-09-30,0.486584,0.56,940.8,247.455,99.217129,138.574548,9.68625,4.305,0.0,0.0,0.0,0.0,2.1525,5.38125,19.211946,99.217129,179.311494,0.0,179.311494,143.449195,251.036091,80.094365,80.73,Engineering planning estimate,Bottom-up activity-based estimate by work package
S-8.n,Cybersecurity CDA Identification & Controls,Shared,shared_program,program_backbone,instrumentation_controls,design_engineering,2032-04-01,2036-03-31,0.523037,0.601,1009.7,247.455,106.650062,148.720184,20.573438,9.351562,0.0,0.0,0.0,0.0,2.9925,4.48875,22.335172,106.650062,208.461606,0.0,208.461606,166.769285,291.846249,101.811544,95.46,Engineering planning estimate,Bottom-up activity-based estimate by work package
S-8.o,Fire Modeling & Program Interfaces,Shared,shared_program,program_backbone,systems_engineering,analysis_model,2028-07-01,2037-12-31,1.246769,1.434,2409.1,247.455,254.223012,354.849823,19.2375,17.1,0.0,0.0,0.0,0.0,2.1375,4.275,47.711979,254.223012,445.311802,0.0,445.311802,356.249441,623.436522,191.08879,75.17,Engineering planning estimate,Bottom-up activity-based estimate by work package
S-8.p,Hydrology & Flooding (External/Internal),Shared,shared_program,program_backbone,site_environmental,design_engineering,2032-10-01,2037-06-30,0.355726,1.3,2184.0,247.688,72.585467,321.994888,220.0,100.0,0.0,0.0,0.0,0.0,32.0,48.0,86.639387,72.585467,808.634275,0.0,808.634275,646.90742,1132.087984,736.048808,1014.04,Engineering planning estimate,Bottom-up activity-based estimate by work package
S-8.q,"Data Acquisition, Calibration (M&TE) & Time Sync",Shared,shared_program,program_backbone,instrumentation_controls,design_engineering,2033-01-01,2038-03-31,0.478815,0.589,989.5,227.664,91.135162,134.094252,20.717812,9.417188,0.0,0.0,0.0,0.0,3.0135,4.52025,20.61156,91.135162,192.374562,0.0,192.374562,153.89965,269.324387,101.2394,111.09,Engineering planning estimate,Bottom-up activity-based estimate by work package
S-8.r,IST/ISI Baselines & Trending,Shared,shared_program,program_backbone,systems_engineering,design_engineering,2033-04-01,2036-09-30,0.25616,0.524,880.3,247.688,52.269167,129.7887,16.45875,7.48125,0.0,0.0,0.0,0.0,2.394,3.591,19.165644,52.269167,178.879344,0.0,178.879344,143.103475,250.431082,126.610177,242.23,Engineering planning estimate,Bottom-up activity-based estimate by work package
S-8.s,"Materials, Aging & Environmental Qualification Profiles",Shared,shared_program,program_backbone,site_environmental,design_engineering,2034-10-01,2038-03-31,0.448903,0.602,1011.4,247.455,91.533647,148.967639,12.905156,2.150859,12.905156,12.905156,0.0,0.0,2.150859,2e-06,23.038179,91.533647,215.023006,0.0,215.023006,172.018405,301.032209,123.489359,134.91,Engineering planning estimate,Bottom-up activity-based estimate by work package
S-8.t,ALARA & Shielding Evaluations,Shared,shared_program,program_backbone,systems_engineering,analysis_model,2033-10-01,2037-12-31,0.313188,0.552,927.4,247.688,63.905733,136.72398,19.3725,17.22,0.0,0.0,0.0,0.0,2.1525,4.305,21.572878,63.905733,201.346858,0.0,201.346858,161.077486,281.885601,137.441125,215.07,Engineering planning estimate,Bottom-up activity-based estimate by work package
S-8.u,Emergency Preparedness EAL Development & Validation,Shared,shared_program,program_backbone,systems_engineering,test_experiment,2035-01-01,2038-12-31,0.679153,0.781,1312.1,240.901,134.817194,188.143403,22.588874,3.764813,22.588875,22.588875,0.0,0.0,3.764813,0.0,31.612758,134.817194,295.052411,0.0,295.052411,236.041929,413.073376,160.235217,118.85,Engineering planning estimate,Bottom-up activity-based estimate by work package
S-8.v,Operability Determinations (OD/F) & CRMP,Shared,shared_program,program_backbone,operations_maintenance,operations_program,2034-04-01,2038-12-31,0.355726,0.492,826.6,247.688,72.585467,121.862681,9.61875,4.275,0.0,0.0,0.0,0.0,2.1375,5.34375,17.188522,72.585467,160.426203,0.0,160.426203,128.340962,224.596684,87.840736,121.02,Engineering planning estimate,Bottom-up activity-based estimate by work package
S-8.w,ITAAC Evidence Packaging & ICN Content Controls,Shared,shared_program,program_backbone,systems_engineering,design_engineering,2034-07-01,2038-12-31,0.334223,0.675,1134.0,247.688,68.197909,167.18965,20.717812,9.417188,0.0,0.0,0.0,0.0,3.0135,4.52025,24.583008,68.197909,229.441408,0.0,229.441408,183.553126,321.217971,161.243499,236.43,Engineering planning estimate,Bottom-up activity-based estimate by work package
S-8.x,Calculation Package Standard (Inputs -> Methods -> Checks -> Results),Shared,shared_program,program_backbone,quality_configuration,analysis_model,2034-10-01,2038-06-30,0.328438,0.451,757.7,227.664,62.513285,102.676582,19.2375,17.1,0.0,0.0,0.0,0.0,2.1375,4.275,17.45119,62.513285,162.877772,0.0,162.877772,130.302217,228.028881,100.364487,160.55,Engineering planning estimate,Bottom-up activity-based estimate by work package
S-8.y,Peer Review / Independent Verification (IV&V) Discipline,Shared,shared_program,program_backbone,systems_engineering,design_engineering,2035-10-01,2038-12-31,0.24237,0.585,982.8,247.688,49.455406,144.897708,18.794738,8.543062,0.0,0.0,0.0,0.0,2.73378,4.10067,21.488395,49.455406,200.558353,0.0,200.558353,160.446682,280.781694,151.102947,305.53,Engineering planning estimate,Bottom-up activity-based estimate by work package
S-8.z,Inspection/RAI Readiness & Evidence Binders,Shared,shared_program,program_backbone,licensing_authorization,licensing_product,2036-07-01,2038-12-31,0.185108,0.467,784.6,247.688,37.77115,115.670472,22.123125,4.424625,0.0,0.0,0.0,8.84925,3.5397,5.30955,19.190007,37.77115,179.106729,0.0,179.106729,143.285383,250.74942,141.335579,374.19,Engineering planning estimate,Bottom-up activity-based estimate by work package
S-GOV-01,"Establish Engineering Organization, Design Authority and Delegations",Shared,shared_program,program_backbone,systems_engineering,management_control,2026-10-01,2027-06-30,0.145652,0.467,784.6,310.596,37.302448,145.048561,5.994,2.664,0.0,0.0,0.0,0.0,1.332,3.33,19.004227,37.302448,177.372788,0.0,177.372788,141.898231,248.321904,140.07034,375.5,Engineering planning estimate,Bottom-up activity-based estimate by work package
S-GOV-02,Issue Integrated Engineering Management Plan and Technical Governance Procedures,Shared,shared_program,program_backbone,project_controls,management_control,2026-10-01,2027-09-30,0.330137,0.38,638.4,262.545,71.235965,99.767148,6.09525,2.709,0.0,0.0,0.0,0.0,1.3545,3.38625,13.597458,71.235965,126.909606,0.0,126.909606,101.527685,177.673448,55.673641,78.15,Engineering planning estimate,Bottom-up activity-based estimate by work package
S-GOV-03,"Operate Engineering Council, Technical Baseline and Decision Log",Shared,shared_program,program_backbone,systems_engineering,management_control,2027-01-01,2038-12-31,1.629791,1.874,3148.3,316.679,427.442499,593.45551,5.994,2.664,0.0,0.0,0.0,0.0,1.332,3.33,72.813061,427.442499,679.588571,0.0,679.588571,543.670857,951.424,252.146072,58.99,Engineering planning estimate,Bottom-up activity-based estimate by work package
S-GOV-04,Execute Stage-Gate Design Reviews and Maturity Assessments (SRR/PDR/CDR/PRR/TRR/ORR),Shared,shared_program,program_backbone,systems_engineering,management_control,2027-01-01,2038-12-31,1.065601,1.225,2058.0,270.807,237.022743,331.738299,85.3875,37.95,0.0,0.0,0.0,0.0,18.975,47.4375,62.578596,402.022743,584.066895,0.0,584.066895,467.253516,817.693653,182.044152,45.28,Engineering planning estimate,Bottom-up activity-based estimate by work package
S-GOV-05,"Independent Technical Assurance, Nuclear Safety Challenge and Stop-Work Process",Shared,shared_program,program_backbone,quality_configuration,management_control,2027-01-01,2038-12-31,1.116461,1.284,2157.1,260.508,238.059847,334.492287,142.3125,63.25,0.0,0.0,0.0,0.0,31.625,79.0625,78.089074,513.059847,728.831361,0.0,728.831361,583.065089,1020.363906,215.771514,42.06,Engineering planning estimate,Bottom-up activity-based estimate by work package
S-GOV-06,"Engineering Competency, Staffing, Qualification and Succession Management",Shared,shared_program,program_backbone,human_factors,management_control,2026-10-01,2038-12-31,0.688546,0.792,1330.6,247.361,141.085772,195.909662,71.15625,31.625,0.0,0.0,0.0,0.0,15.8125,39.53125,42.484159,278.585772,396.518821,0.0,396.518821,317.215057,555.12635,117.933049,42.33,Engineering planning estimate,Bottom-up activity-based estimate by work package
S-GOV-07,"Executive Technical Decision Rights, Escalation and Design-Use Concurrence Protocol",Shared,shared_program,program_backbone,project_controls,management_control,2026-10-01,2027-03-31,0.075046,0.297,499.0,291.086,17.877547,86.452483,5.8725,2.61,0.0,0.0,0.0,0.0,1.305,3.2625,11.940298,17.877547,111.442781,0.0,111.442781,89.154225,156.019893,93.565234,523.37,Engineering planning estimate,Bottom-up activity-based estimate by work package
S-GOV-08,"Transition Design Authority to Construction, Commissioning and Operations",Shared,shared_program,program_backbone,systems_engineering,management_control,2031-01-01,2038-12-31,1.214347,1.396,2345.3,237.588,237.248838,331.67225,56.925,25.3,0.0,0.0,0.0,0.0,12.65,31.625,54.98067,347.248838,513.15292,0.0,513.15292,410.522336,718.414088,165.904082,47.78,Engineering planning estimate,Bottom-up activity-based estimate by work package
S-INL-01,"INL partnership, scope, governance and integrated project charter",Shared,shared_program,critical_experiment,project_controls,management_control,2026-10-01,2026-12-31,0.048169,0.37,621.6,318.226,12.449201,117.743711,43.125,5.75,0.0,0.0,0.0,0.0,2.875,5.75,35.048742,62.449201,210.292453,0.0,210.292453,157.71934,315.43868,147.843252,236.74,R&D planning estimate,Bottom-up activity-based estimate by work package
S-INL-02,"Critical-experiment PIRT, measurement objectives and data-requirements matrix",Shared,shared_program,critical_experiment,neutronics,analysis_model,2026-10-01,2026-12-31,0.179982,0.821,1379.3,243.658,35.690862,200.043267,178.29,23.772,0.0,0.0,0.0,0.0,11.886,23.772,87.552653,110.690862,525.31592,0.0,525.31592,393.98694,787.973881,414.625058,374.58,R&D planning estimate,Bottom-up activity-based estimate by work package
S-INL-03,Select and confirm the fastest suitable INL MSR host pathway,Shared,shared_program,critical_experiment,site_environmental,management_control,2026-10-01,2026-12-31,0.104533,0.534,897.1,259.632,22.196876,138.643683,64.6875,8.625,0.0,0.0,0.0,0.0,4.3125,8.625,44.978737,97.196876,269.87242,0.0,269.87242,202.404315,404.808629,172.675544,177.66,R&D planning estimate,Bottom-up activity-based estimate by work package
S-INL-04,"DOE authorization, NEPA and experiment safety strategy",Shared,shared_program,critical_experiment,licensing_authorization,licensing_product,2026-10-01,2027-03-31,0.248378,1.95,3276.0,252.376,50.728548,492.133387,325.0,65.0,0.0,0.0,0.0,130.0,52.0,78.0,228.426677,250.728548,1370.560064,0.0,1370.560064,1027.920048,2055.840097,1119.831516,446.63,R&D planning estimate,Bottom-up activity-based estimate by work package
S-INL-05,"Fuel-salt specification, production route, characterization and material control/accountability",Shared,shared_program,critical_experiment,chemistry,design_engineering,2027-01-01,2028-06-30,0.884562,1.238,2079.8,232.704,166.506291,288.087159,120.75,20.125,120.75,120.75,0.0,0.0,20.125,0.0,138.117432,516.506291,828.704591,0.0,828.704591,621.528443,1243.056886,312.1983,60.44,R&D planning estimate,Bottom-up activity-based estimate by work package
S-INL-06,Critical assembly and experiment physics design,Shared,shared_program,critical_experiment,neutronics,design_engineering,2026-10-01,2027-03-31,0.545475,0.838,1407.8,252.635,112.47799,211.708197,258.75,34.5,0.0,0.0,0.0,0.0,17.25,34.5,111.341639,412.47799,668.049836,0.0,668.049836,501.037377,1002.074755,255.571846,61.96,R&D planning estimate,Bottom-up activity-based estimate by work package
S-INL-07,"Thermal, confinement, shielding, source-term and criticality-safety design",Shared,shared_program,critical_experiment,neutronics,analysis_model,2026-10-01,2027-03-31,0.616332,1.625,2730.0,242.844,121.188091,394.621175,215.625,28.75,0.0,0.0,0.0,0.0,14.375,28.75,136.424235,371.188091,818.54541,0.0,818.54541,613.909058,1227.818115,447.357319,120.52,R&D planning estimate,Bottom-up activity-based estimate by work package
S-INL-08,"Experiment I&C, neutron instrumentation, process instrumentation and data acquisition architecture",Shared,shared_program,critical_experiment,instrumentation_controls,design_engineering,2026-10-01,2027-03-31,0.5854,0.82,1377.6,235.745,112.138698,193.311106,129.375,17.25,0.0,0.0,0.0,0.0,8.625,17.25,73.162221,262.138698,438.973327,0.0,438.973327,329.229995,658.459991,176.834629,67.46,R&D planning estimate,Bottom-up activity-based estimate by work package
S-INL-09,"Experiment QA, software QA, calibration and qualified-data plan",Shared,shared_program,critical_experiment,quality_configuration,management_control,2026-10-01,2027-06-30,0.321031,0.462,776.2,221.357,58.363158,102.266849,86.25,11.5,0.0,0.0,0.0,0.0,5.75,11.5,43.45337,158.363158,260.720219,0.0,260.720219,195.540164,391.080328,102.357061,64.63,R&D planning estimate,Bottom-up activity-based estimate by work package
S-INL-10,"Host-facility interfaces, modifications, utilities, handling and installation design",Shared,shared_program,critical_experiment,systems_engineering,design_engineering,2026-10-01,2027-03-31,0.491582,0.688,1155.8,228.313,91.727377,157.079258,12.9375,0.0,186.3,51.75,0.0,0.0,7.7625,0.0,83.165852,316.727377,498.99511,0.0,498.99511,374.246332,748.492664,182.267733,57.55,R&D planning estimate,Bottom-up activity-based estimate by work package
S-INL-11,INL critical experiment preliminary design review,Shared,shared_program,critical_experiment,systems_engineering,management_control,2027-01-01,2027-03-31,0.024687,0.851,1429.7,258.095,5.197498,219.638801,54.81,7.308,0.0,0.0,0.0,0.0,3.654,7.308,58.54376,55.197498,351.262561,0.0,351.262561,263.446921,526.893842,296.065063,536.37,R&D planning estimate,Bottom-up activity-based estimate by work package
S-INL-12,"Final design, safety analysis and critical design review",Shared,shared_program,critical_experiment,safety_analysis,design_engineering,2027-07-01,2027-12-31,0.660493,0.925,1554.0,245.719,131.637938,227.29044,107.8125,14.375,0.0,0.0,0.0,0.0,7.1875,14.375,74.208088,256.637938,445.248528,0.0,445.248528,333.936396,667.872792,188.61059,73.49,R&D planning estimate,Bottom-up activity-based estimate by work package
S-INL-13,"Procurement, fabrication, inspection and factory acceptance testing",Shared,shared_program,critical_experiment,procurement_fabrication,procurement_fabrication,2027-10-01,2028-06-30,0.48811,0.803,1349.0,226.112,89.600318,181.567717,293.25,48.875,293.25,293.25,0.0,0.0,48.875,0.0,231.813543,939.600318,1390.88126,0.0,1390.88126,1043.160945,2086.321891,451.280942,48.03,R&D planning estimate,Bottom-up activity-based estimate by work package
S-INL-14,"Fuel-salt production, batch acceptance, packaging and delivery",Shared,shared_program,critical_experiment,chemistry,procurement_fabrication,2027-10-01,2028-06-30,0.433691,1.131,1900.1,227.139,79.633543,256.894,478.5,79.75,478.5,478.5,0.0,0.0,79.75,0.0,370.3788,1529.633543,2222.2728,0.0,2222.2728,1666.7046,3333.4092,692.639257,45.28,R&D planning estimate,Bottom-up activity-based estimate by work package
S-INL-15,"Host modification, installation, turnover and preoperational testing",Shared,shared_program,critical_experiment,construction_installation,construction_installation,2028-01-01,2028-06-30,0.474374,0.733,1231.4,225.945,87.070893,165.618051,25.875,0.0,372.6,103.5,0.0,0.0,15.525,0.0,136.62361,537.070893,819.741661,0.0,819.741661,614.806246,1229.612492,282.670768,52.63,R&D planning estimate,Bottom-up activity-based estimate by work package
S-INL-16,DOE/INL readiness review and authorization to operate,Shared,shared_program,critical_experiment,licensing_authorization,management_control,2028-04-01,2028-12-31,0.201006,0.586,984.5,237.737,39.104615,139.313974,129.375,57.5,0.0,0.0,0.0,0.0,28.75,71.875,85.362795,289.104615,512.176769,0.0,512.176769,384.132577,768.265153,223.072154,77.16,R&D planning estimate,Bottom-up activity-based estimate by work package
S-INL-17,"Initial fuel-salt loading, approach to critical and initial criticality",Shared,shared_program,critical_experiment,neutronics,test_experiment,2028-07-01,2028-12-31,0.233553,1.788,3003.8,232.952,44.279131,416.518226,150.0,30.0,120.0,240.0,0.0,0.0,48.0,12.0,203.303645,394.279131,1219.821871,0.0,1219.821871,914.866403,1829.732807,825.54274,209.38,R&D planning estimate,Bottom-up activity-based estimate by work package
S-INL-18,"Low-power physics, kinetics, feedback and fuel-salt operational campaign",Shared,shared_program,critical_experiment,neutronics,test_experiment,2028-10-01,2029-06-30,0.573913,1.287,2162.2,231.635,108.445834,298.114867,115.0,23.0,92.0,184.0,0.0,0.0,36.8,9.2,151.622973,508.445834,909.73784,0.0,909.73784,682.30338,1364.606761,401.292006,78.93,R&D planning estimate,Bottom-up activity-based estimate by work package
S-INL-19,"Model validation, uncertainty update and design-data release",Shared,shared_program,critical_experiment,neutronics,analysis_model,2028-07-01,2029-06-30,0.547884,1.111,1866.5,248.128,111.230664,275.670185,194.0625,25.875,0.0,0.0,0.0,0.0,12.9375,25.875,106.884037,336.230664,641.304222,0.0,641.304222,480.978166,961.956333,305.073558,90.73,R&D planning estimate,Bottom-up activity-based estimate by work package
S-INL-20,"Experiment closeout, fuel-salt disposition, end-state and lessons learned",Shared,shared_program,critical_experiment,operations_maintenance,operations_program,2029-04-01,2029-12-31,0.240361,0.787,1322.2,217.913,42.57548,171.497919,28.65375,5.73075,22.923,45.846,0.0,0.0,9.1692,2.2923,57.222584,117.57548,343.335503,0.0,343.335503,257.501627,515.003254,225.760023,192.01,R&D planning estimate,Bottom-up activity-based estimate by work package
S-ITHF-01,"Program Charter, Mission, Success Criteria and Governance",Shared,shared_program,integral_test_facility,project_controls,management_control,2026-10-01,2026-12-31,0.051861,0.343,576.2,250.228,10.60219,85.828209,3.1625,0.0,45.54,12.65,0.0,0.0,1.8975,0.0,29.815642,65.60219,178.893851,0.0,178.893851,134.170388,268.340776,113.291661,172.69,R&D planning estimate,Bottom-up activity-based estimate by work package
S-ITHF-02,Phenomena Identification and Ranking Table (PIRT) and Validation Requirements,Shared,shared_program,integral_test_facility,thermal_hydraulics,analysis_model,2026-10-01,2027-03-31,0.317579,0.809,1359.1,245.623,63.471622,198.708977,10.07055,0.0,145.01592,40.2822,0.0,0.0,6.04233,0.0,80.023995,145.971622,480.143972,0.0,480.143972,360.107979,720.215959,334.17235,228.93,R&D planning estimate,Bottom-up activity-based estimate by work package
S-ITHF-03,Scaling Analysis and Formal Definition of the 1:1 Configuration,Shared,shared_program,integral_test_facility,thermal_hydraulics,analysis_model,2026-10-01,2027-03-31,0.317624,0.716,1202.9,242.254,62.78978,173.453955,7.90625,0.0,113.85,31.625,0.0,0.0,4.74375,0.0,66.315791,200.28978,397.894746,0.0,397.894746,298.42106,596.842119,197.604966,98.66,R&D planning estimate,Bottom-up activity-based estimate by work package
S-ITHF-04,Dual-Concept Reference Design Data Package and Configuration Baseline,Shared,shared_program,integral_test_facility,systems_engineering,design_engineering,2026-10-01,2026-12-31,0.246459,0.546,917.3,238.17,48.120967,130.040654,4.3785,0.0,63.0504,17.514,0.0,0.0,2.6271,0.0,43.522131,103.120967,261.132785,0.0,261.132785,195.849589,391.699177,158.011818,153.23,R&D planning estimate,Bottom-up activity-based estimate by work package
S-ITHF-05,"Representative Salt Selection, Procurement Specification and Similarity Qualification",Shared,shared_program,integral_test_facility,procurement_fabrication,procurement_fabrication,2026-10-01,2027-03-31,0.346821,0.685,1150.8,238.193,66.957886,163.162176,14.23125,0.0,204.93,56.925,0.0,0.0,8.53875,0.0,89.557435,314.457886,537.344611,0.0,537.344611,403.008458,806.016917,222.886725,70.88,R&D planning estimate,Bottom-up activity-based estimate by work package
S-ITHF-06,"Host High-Bay Selection, Utility Survey and Site Integration Basis",Shared,shared_program,integral_test_facility,site_environmental,design_engineering,2026-10-01,2026-12-31,0.131697,0.546,917.3,227.702,24.453039,124.325312,5.473125,0.0,78.813,21.8925,0.0,0.0,3.283875,0.0,46.757562,79.453039,280.545374,0.0,280.545374,210.409031,420.818062,201.092335,253.1,R&D planning estimate,Bottom-up activity-based estimate by work package
S-ITHF-07,"Facility Classification, QA Grading and Licensing-Quality Data Plan",Shared,shared_program,integral_test_facility,quality_configuration,management_control,2026-10-01,2026-12-31,0.203543,0.404,678.7,231.258,38.561027,93.428337,3.1625,0.0,45.54,12.65,0.0,0.0,1.8975,0.0,31.335667,93.561027,188.014004,0.0,188.014004,141.010503,282.021007,94.452977,100.95,R&D planning estimate,Bottom-up activity-based estimate by work package
S-ITHF-08,"Process Hazards Analysis, FMEA/HAZOP and Facility Safety Basis",Shared,shared_program,integral_test_facility,safety_analysis,design_engineering,2026-12-01,2027-06-30,0.329184,0.723,1214.6,237.027,63.652877,171.370332,5.69205,0.0,81.96552,22.7682,0.0,0.0,3.41523,0.0,57.042266,146.152877,342.253598,0.0,342.253598,256.690199,513.380398,196.100721,134.18,R&D planning estimate,Bottom-up activity-based estimate by work package
S-ITHF-09,"System Architecture, PFDs, Mass/Energy Balance and Operating Modes",Shared,shared_program,integral_test_facility,thermal_hydraulics,design_engineering,2026-12-01,2027-03-31,0.30366,0.648,1088.6,240.6,59.516107,155.908648,6.1299,0.0,88.27056,24.5196,0.0,0.0,3.67794,0.0,55.70133,142.016107,334.207978,0.0,334.207978,250.655983,501.311966,192.191871,135.33,R&D planning estimate,Bottom-up activity-based estimate by work package
S-ITHF-10,Primary Loop Thermal-Hydraulic Design and Pump/Valve Selection,Shared,shared_program,integral_test_facility,thermal_hydraulics,design_engineering,2026-12-01,2027-06-30,0.320441,0.686,1152.5,237.425,61.843408,162.873883,9.4875,0.0,136.62,37.95,0.0,0.0,5.6925,0.0,70.524777,226.843408,423.14866,0.0,423.14866,317.361495,634.722989,196.305252,86.54,R&D planning estimate,Bottom-up activity-based estimate by work package
S-ITHF-11,"Electrical Heater, Power Supply and Heat-Input Design",Shared,shared_program,integral_test_facility,electrical,design_engineering,2026-12-01,2027-06-30,0.305982,0.628,1055.0,232.237,57.841073,145.844709,7.90625,0.0,113.85,31.625,0.0,0.0,4.74375,0.0,60.793942,195.341073,364.763651,0.0,364.763651,273.572738,547.145476,169.422578,86.73,R&D planning estimate,Bottom-up activity-based estimate by work package
S-ITHF-12,"Heat Rejection, Secondary Loop and Ultimate Heat-Sink Design",Shared,shared_program,integral_test_facility,thermal_hydraulics,design_engineering,2026-12-01,2027-06-30,0.311141,0.699,1174.3,234.11,59.284461,163.643138,9.4875,0.0,136.62,37.95,0.0,0.0,5.6925,0.0,70.678628,224.284461,424.071766,0.0,424.071766,318.053824,636.107648,199.787305,89.08,R&D planning estimate,Bottom-up activity-based estimate by work package
S-ITHF-13,"Freeze Protection, Drain, Trace-Heat and Recovery Architecture",Shared,shared_program,integral_test_facility,thermal_hydraulics,design_engineering,2027-01-01,2027-06-30,0.377234,0.68,1142.4,236.718,72.620638,160.967901,7.90625,0.0,113.85,31.625,0.0,0.0,4.74375,0.0,63.81858,210.120638,382.911481,0.0,382.911481,287.183611,574.367222,172.790843,82.23,R&D planning estimate,Bottom-up activity-based estimate by work package
S-ITHF-14,"Cover-Gas, Gas Entrainment and Off-Gas Analog System Design",Shared,shared_program,integral_test_facility,licensing_authorization,design_engineering,2027-01-01,2027-06-30,0.277885,0.544,913.9,237.422,53.61047,129.157465,6.325,0.0,91.08,25.3,0.0,0.0,3.795,0.0,51.131493,163.61047,306.788958,0.0,306.788958,230.091718,460.183437,143.178488,87.51,R&D planning estimate,Bottom-up activity-based estimate by work package
S-ITHF-15,Preliminary Design Review (PDR) and Authorization for Detailed Design,Shared,shared_program,integral_test_facility,systems_engineering,management_control,2027-01-01,2027-06-30,0.021468,0.623,1046.6,249.969,4.37345,155.730992,2.134688,0.0,30.7395,8.53875,0.0,0.0,1.280812,0.0,39.684948,31.87345,238.10969,0.0,238.10969,178.582268,357.164536,206.23624,647.05,R&D planning estimate,Bottom-up activity-based estimate by work package
S-ITHF-16,"Mechanical, Vessel, Piping, Pump and Valve Detailed Design",Shared,shared_program,integral_test_facility,thermal_hydraulics,design_engineering,2027-04-01,2027-12-31,0.461019,0.805,1352.4,231.245,86.914603,186.151834,20.55625,0.0,296.01,82.225,0.0,0.0,12.33375,0.0,119.455367,444.414603,716.732201,0.0,716.732201,537.549151,1075.098301,272.317598,61.28,R&D planning estimate,Bottom-up activity-based estimate by work package
S-ITHF-17,"Materials, Joining, Coatings and Corrosion-Monitoring Detailed Design",Shared,shared_program,integral_test_facility,materials,design_engineering,2027-04-01,2027-12-31,0.343886,1.3,2184.0,236.572,66.131665,307.543491,12.65,0.0,182.16,50.6,0.0,0.0,7.59,0.0,112.108698,286.131665,672.652189,0.0,672.652189,504.489142,1008.978284,386.520524,135.08,R&D planning estimate,Bottom-up activity-based estimate by work package
S-ITHF-18,"Salt Preparation, Storage, Transfer, Cleanup and Sampling System Design",Shared,shared_program,integral_test_facility,materials,design_engineering,2027-04-01,2027-12-31,0.376091,0.714,1199.5,235.254,72.05315,167.971551,15.8125,0.0,227.7,63.25,0.0,0.0,9.4875,0.0,96.84431,347.05315,581.065861,0.0,581.065861,435.799396,871.598792,234.012711,67.43,R&D planning estimate,Bottom-up activity-based estimate by work package
S-ITHF-19,"Electrical Distribution, Grounding, Protection and Heat-Trace Detailed Design",Shared,shared_program,integral_test_facility,electrical,design_engineering,2027-04-01,2027-12-31,0.257632,0.752,1263.4,225.448,47.294606,169.536928,11.06875,0.0,159.39,44.275,0.0,0.0,6.64125,0.0,78.182386,239.794606,469.094314,0.0,469.094314,351.820735,703.64147,229.299708,95.62,R&D planning estimate,Bottom-up activity-based estimate by work package
S-ITHF-20,"I&C, Control Logic, Trips/Interlocks, DAQ and Cyber/Data Architecture",Shared,shared_program,integral_test_facility,instrumentation_controls,design_engineering,2027-04-01,2027-12-31,0.516395,0.669,1123.9,236.966,99.897956,158.530089,18.975,0.0,273.24,75.9,0.0,0.0,11.385,0.0,107.606018,429.897956,645.636107,0.0,645.636107,484.22708,968.45416,215.738151,50.18,R&D planning estimate,Bottom-up activity-based estimate by work package
S-ITHF-21,"Instrumentation Selection, Placement and Measurement-Uncertainty Design",Shared,shared_program,integral_test_facility,instrumentation_controls,design_engineering,2027-04-01,2027-12-31,0.555181,0.696,1169.3,238.123,107.55023,165.733752,15.8125,0.0,227.7,63.25,0.0,0.0,9.4875,0.0,96.39675,382.55023,578.380502,0.0,578.380502,433.785377,867.570754,195.830272,51.19,R&D planning estimate,Bottom-up activity-based estimate by work package
S-ITHF-22,"Civil/Structural, Layout, Rigging, Ventilation and Maintainability Detailed Design",Shared,shared_program,integral_test_facility,civil_structural,design_engineering,2027-04-01,2027-12-31,0.379739,0.785,1318.8,228.754,70.933417,179.57191,11.06875,0.0,159.39,44.275,0.0,0.0,6.64125,0.0,80.189382,263.433417,481.136292,0.0,481.136292,360.852219,721.704438,217.702875,82.64,R&D planning estimate,Bottom-up activity-based estimate by work package
S-ITHF-23,"Critical Design Review (CDR), Design Freeze and Authorization to Procure/Construct",Shared,shared_program,integral_test_facility,systems_engineering,management_control,2027-10-01,2027-12-31,0.024373,0.537,902.2,244.497,4.849265,131.295101,2.53,0.0,36.432,10.12,0.0,0.0,1.518,0.0,36.37902,48.849265,218.274121,0.0,218.274121,163.705591,327.411182,169.424856,346.83,R&D planning estimate,Bottom-up activity-based estimate by work package
S-ITHF-24,"Supplier Qualification, Procurement Specifications and Source Surveillance Plan",Shared,shared_program,integral_test_facility,procurement_fabrication,design_engineering,2027-07-01,2027-12-31,0.294772,0.615,1033.2,222.589,53.364659,136.892434,5.790566,0.0,83.384154,23.162265,0.0,0.0,3.47434,0.0,50.540752,135.864659,303.244511,0.0,303.244511,227.433383,454.866766,167.379852,123.2,R&D planning estimate,Bottom-up activity-based estimate by work package
S-ITHF-25,Long-Lead Equipment Procurement and Vendor Engineering,Shared,shared_program,integral_test_facility,procurement_fabrication,procurement_fabrication,2027-07-01,2028-03-31,0.355842,0.624,1048.3,221.706,64.173141,138.34462,196.625,0.0,2831.4,786.5,0.0,0.0,117.975,0.0,814.168924,3639.173141,4885.013544,0.0,4885.013544,3663.760158,7327.520316,1245.840403,34.23,R&D planning estimate,Bottom-up activity-based estimate by work package
S-ITHF-26,"Facility Equipment Fabrication, Shop Assembly and Source Inspection",Shared,shared_program,integral_test_facility,procurement_fabrication,procurement_fabrication,2027-10-01,2028-06-30,0.280436,0.635,1066.8,230.75,52.501585,146.526008,151.25,0.0,2178.0,605.0,0.0,0.0,90.75,0.0,634.305202,2802.501585,3805.83121,0.0,3805.83121,2854.373407,5708.746814,1003.329625,35.8,R&D planning estimate,Bottom-up activity-based estimate by work package
S-ITHF-27,"Host Facility Modifications, Utilities, Ventilation, Fire Protection and Foundations",Shared,shared_program,integral_test_facility,civil_structural,design_engineering,2027-10-01,2028-06-30,0.29579,0.683,1147.4,229.44,55.09649,156.707479,75.625,0.0,1089.0,302.5,0.0,0.0,45.375,0.0,333.841496,1430.09649,2003.048975,0.0,2003.048975,1502.286731,3004.573462,572.952485,40.06,R&D planning estimate,Bottom-up activity-based estimate by work package
S-ITHF-28,Salt Preparation/Transfer System Fabrication and Representative Salt Procurement/Purification,Shared,shared_program,integral_test_facility,chemistry,procurement_fabrication,2028-01-01,2028-06-30,0.350349,0.715,1201.2,230.054,65.530266,164.488429,66.55,0.0,958.32,266.2,0.0,0.0,39.93,0.0,299.097686,1275.530266,1794.586115,0.0,1794.586115,1345.939586,2691.879172,519.055849,40.69,R&D planning estimate,Bottom-up activity-based estimate by work package
S-ITHF-29,"Electrical/I&C Panels, DAQ, Historian and Control Software Build/FAT",Shared,shared_program,integral_test_facility,instrumentation_controls,design_engineering,2028-01-01,2028-06-30,0.402417,0.664,1115.5,232.976,76.570355,154.696183,56.925,0.0,819.72,227.7,0.0,0.0,34.155,0.0,258.639237,1066.570355,1551.83542,0.0,1551.83542,1163.876565,2327.753129,485.265065,45.5,R&D planning estimate,Bottom-up activity-based estimate by work package
S-ITHF-30,"Factory Acceptance Tests, Receiving Inspection and Preservation",Shared,shared_program,integral_test_facility,test_commissioning,test_experiment,2028-01-01,2028-06-30,0.146368,0.862,1448.2,221.201,26.333848,190.675657,12.65,0.0,182.16,50.6,0.0,0.0,7.59,0.0,88.735131,246.333848,532.410788,0.0,532.410788,399.308091,798.616183,286.07694,116.13,R&D planning estimate,Bottom-up activity-based estimate by work package
S-ITHF-31,"Site Installation, Insulation, Trace Heat, Cabling and Integrated Assembly",Shared,shared_program,integral_test_facility,site_environmental,construction_installation,2028-04-01,2028-06-30,0.232548,0.681,1144.1,232.742,43.877108,158.497195,105.875,0.0,1524.6,423.5,0.0,0.0,63.525,0.0,455.199439,1968.877108,2731.196634,0.0,2731.196634,2048.397475,4096.794951,762.319526,38.72,R&D planning estimate,Bottom-up activity-based estimate by work package
S-ITHF-32,"Pre-Commissioning, Dry Checks, Pressure/Leak Tests and System Turnover",Shared,shared_program,integral_test_facility,test_commissioning,test_experiment,2028-04-01,2028-09-30,0.13673,0.848,1424.6,225.712,25.114842,191.404168,56.925,9.4875,56.925,56.925,0.0,0.0,9.4875,0.0,76.230834,190.114842,457.385002,0.0,457.385002,343.038751,686.077502,267.27016,140.58,R&D planning estimate,Bottom-up activity-based estimate by work package
S-ITHF-33,"Heat-Up, Trace-Heat, Thermal Expansion and Hot Inert Commissioning",Shared,shared_program,integral_test_facility,test_commissioning,test_experiment,2028-04-01,2028-09-30,0.145896,0.834,1401.1,227.422,27.019319,189.670062,47.4375,7.90625,47.4375,47.4375,0.0,0.0,7.90625,0.0,69.559012,164.519319,417.354074,0.0,417.354074,313.015556,626.031112,252.834755,153.68,R&D planning estimate,Bottom-up activity-based estimate by work package
S-ITHF-34,"Integrated Test Readiness Review, Procedures and Blind-Prediction Baseline",Shared,shared_program,integral_test_facility,test_commissioning,test_experiment,2028-04-01,2028-09-30,0.130544,0.726,1219.7,228.476,24.363197,165.873904,72.39375,12.065625,72.39375,72.39375,0.0,0.0,12.065625,0.0,81.437281,79.363197,488.623685,0.0,488.623685,366.467764,732.935527,409.260488,515.68,R&D planning estimate,Bottom-up activity-based estimate by work package
S-ITHF-35,"First Salt Load, Circulation, Shakedown and Baseline Operating Map",Shared,shared_program,integral_test_facility,test_commissioning,test_experiment,2028-07-01,2028-09-30,0.12268,0.723,1214.6,228.832,22.894747,165.44539,75.9,12.65,75.9,75.9,0.0,0.0,12.65,0.0,83.689078,242.894747,502.134468,0.0,502.134468,376.600851,753.201702,259.239721,106.73,R&D planning estimate,Bottom-up activity-based estimate by work package
S-ITHF-36,"Steady-State Operating Map, Pressure Loss, Heat Balance and Component Performance Tests",Shared,shared_program,integral_test_facility,thermal_hydraulics,test_experiment,2028-07-01,2028-12-31,0.196368,0.789,1325.5,232.609,37.249539,183.528484,66.4125,11.06875,66.4125,66.4125,0.0,0.0,11.06875,0.0,80.980697,229.749539,485.884181,0.0,485.884181,364.413136,728.826271,256.134642,111.48,R&D planning estimate,Bottom-up activity-based estimate by work package
S-ITHF-37,"Load-Following, Power Ramp, Startup/Shutdown and Control-System Response Tests",Shared,shared_program,integral_test_facility,thermal_hydraulics,test_experiment,2028-07-01,2029-03-31,0.246478,0.855,1436.4,229.857,46.203922,196.527983,85.3875,14.23125,85.3875,85.3875,0.0,0.0,14.23125,0.0,96.230597,293.703922,577.38358,0.0,577.38358,433.037685,866.075369,283.679658,96.59,R&D planning estimate,Bottom-up activity-based estimate by work package
S-ITHF-38,"Natural Circulation, Pump Coastdown, Loss-of-Flow and Loss-of-Heat-Sink Tests",Shared,shared_program,integral_test_facility,thermal_hydraulics,test_experiment,2028-10-01,2029-03-31,0.328768,0.802,1347.4,233.027,62.453644,186.887603,94.875,15.8125,94.875,94.875,0.0,0.0,15.8125,0.0,100.627521,337.453644,603.765124,0.0,603.765124,452.823843,905.647685,266.31148,78.92,R&D planning estimate,Bottom-up activity-based estimate by work package
S-ITHF-39,"Freeze Initiation, Freeze-Plug, Thaw, Drain and Recovery Tests",Shared,shared_program,integral_test_facility,thermal_hydraulics,test_experiment,2028-10-01,2029-06-30,0.320441,0.855,1436.4,233.403,60.766193,199.559483,104.3625,17.39375,104.3625,104.3625,0.0,0.0,17.39375,0.0,109.486897,363.266193,656.92138,0.0,656.92138,492.691035,985.382069,293.655187,80.84,R&D planning estimate,Bottom-up activity-based estimate by work package
S-ITHF-40,"Gas Entrainment, Cavitation, Free-Surface, Bypass and Off-Gas Analog Tests",Shared,shared_program,integral_test_facility,thermal_hydraulics,test_experiment,2028-10-01,2029-06-30,0.297909,0.855,1436.4,232.349,56.322819,198.658759,75.9,12.65,75.9,75.9,0.0,0.0,12.65,0.0,90.331752,276.322819,541.990511,0.0,541.990511,406.492883,812.985766,265.667692,96.14,R&D planning estimate,Bottom-up activity-based estimate by work package
S-ITHF-41,"Pre-Test Predictions, Blind Acceptance Envelopes and Analysis Readiness",Shared,shared_program,integral_test_facility,thermal_hydraulics,analysis_model,2028-10-01,2028-12-31,0.29869,0.68,1142.4,240.997,58.803489,163.878076,52.542,8.757,52.542,52.542,0.0,0.0,8.757,0.0,67.803615,141.303489,406.821691,0.0,406.821691,305.116268,610.232537,265.518202,187.91,R&D planning estimate,Bottom-up activity-based estimate by work package
S-ITHF-42,"Post-Test Model Validation, Uncertainty Quantification and Discrepancy Closure",Shared,shared_program,integral_test_facility,thermal_hydraulics,analysis_model,2028-10-01,2029-09-30,0.871353,1.089,1829.5,242.141,172.62407,263.691166,113.85,18.975,113.85,113.85,0.0,0.0,18.975,0.0,128.638233,502.62407,771.829399,0.0,771.829399,578.872049,1157.744099,269.205329,53.56,R&D planning estimate,Bottom-up activity-based estimate by work package
S-ITHF-43,"Qualified Test Database, Methods Topical Integration and NRC Audit Package",Shared,shared_program,integral_test_facility,quality_configuration,analysis_model,2029-01-01,2029-12-31,0.754103,0.943,1584.2,234.101,145.503652,220.757341,66.4125,11.06875,66.4125,66.4125,0.0,0.0,11.06875,0.0,88.426468,338.003652,530.558809,0.0,530.558809,397.919107,795.838214,192.555157,56.97,R&D planning estimate,Bottom-up activity-based estimate by work package
S-ITHF-44,"Facility Operations, Maintenance, Calibration, Spares and Configuration Program",Shared,shared_program,integral_test_facility,operations_maintenance,operations_program,2028-07-01,2030-12-31,1.988091,2.485,4174.8,220.032,358.82017,546.779828,47.4375,0.0,683.1,189.75,0.0,0.0,28.4625,0.0,299.105966,1183.82017,1794.635794,0.0,1794.635794,1345.976845,2691.95369,610.815624,51.6,R&D planning estimate,Bottom-up activity-based estimate by work package
S-ITHF-45,"Long-Duration Chemistry, Corrosion, Instrument Drift and Thermal-Cycling Endurance Campaign",Shared,shared_program,integral_test_facility,materials,test_experiment,2028-07-01,2030-06-30,1.088918,1.361,2286.5,229.378,204.046247,312.182867,31.625,0.0,455.4,126.5,0.0,0.0,18.975,0.0,188.936573,754.046247,1133.61944,0.0,1133.61944,850.21458,1700.429161,379.573193,50.34,R&D planning estimate,Bottom-up activity-based estimate by work package
S-ITHF-46,"Facility Layup, Salt Removal, Decontamination, Decommissioning and Reuse Plan",Shared,shared_program,integral_test_facility,operations_maintenance,test_experiment,2031-01-01,2031-12-31,0.769985,0.962,1616.2,225.692,141.723378,217.115861,23.71875,0.0,341.55,94.875,0.0,0.0,14.23125,0.0,138.298172,554.223378,829.789033,0.0,829.789033,622.341775,1244.68355,275.565655,49.72,R&D planning estimate,Bottom-up activity-based estimate by work package
S-ITHF-47,ITHF Controlled Direct Contingency for Defined Construction and Test Risks,Shared,shared_program,integral_test_facility,project_controls,management_control,2029-07-01,2031-09-30,0.409313,0.512,860.2,234.992,78.334863,120.315953,75.625,0.0,1089.0,302.5,0.0,0.0,45.375,0.0,326.563191,1453.334863,1959.379144,0.0,1959.379144,1469.534358,2939.068715,506.044281,34.82,R&D planning estimate,Bottom-up activity-based estimate by work package
S-MSR-01,"Liquid-Fuel MSR Regulatory Applicability, Event Taxonomy and LWR Crosswalk",Shared,shared_program,methods_and_topicals,materials,analysis_model,2026-10-01,2027-03-31,0.299635,1.054,1770.7,260.621,63.706227,274.694294,108.54,96.48,0.0,0.0,0.0,0.0,12.06,24.12,103.178859,150.706227,619.073153,88.135435,707.208588,464.304865,928.609729,468.366926,310.78,R&D planning estimate,Bottom-up activity-based estimate by work package
S-MSR-02,"Fuel-Salt Thermophysical Property Database, Correlations and Uncertainty",Shared,shared_program,methods_and_topicals,materials,analysis_model,2026-10-01,2031-06-30,1.914494,5.0,8400.0,243.097,379.26373,1215.486298,450.225,400.2,0.0,0.0,0.0,0.0,50.025,100.05,443.19726,1249.26373,2659.183558,418.104509,3077.288067,1994.387668,3988.775336,1409.919828,112.86,R&D planning estimate,Bottom-up activity-based estimate by work package
S-MSR-03,"Coupled Liquid-Fuel Neutronics, Delayed-Neutron-Precursor Transport and Decay-Heat Methods",Shared,shared_program,methods_and_topicals,neutronics,analysis_model,2026-10-01,2031-12-31,2.459214,7.0,11760.0,248.041,498.196414,1736.285891,574.2,510.4,0.0,0.0,0.0,0.0,63.8,127.6,602.457178,1658.196414,3614.743069,609.735742,4224.478811,2711.057302,5422.114604,1956.546655,117.99,R&D planning estimate,Bottom-up activity-based estimate by work package
S-MSR-04,"Mechanistic Source Term, Fission-Product Transport, Off-Gas and Plate-Out Basis",Shared,shared_program,methods_and_topicals,safety_analysis,analysis_model,2026-10-01,2032-06-30,2.686416,6.0,10080.0,246.26,537.422775,1477.560996,717.75,638.0,0.0,0.0,0.0,0.0,79.75,159.5,614.512199,1987.422775,3687.073195,501.725411,4188.798606,2765.304896,5530.609793,1699.65042,85.52,R&D planning estimate,Bottom-up activity-based estimate by work package
S-MSR-05,"High-Temperature Instrumentation, Online Salt Chemistry and Sampling Qualification",Shared,shared_program,methods_and_topicals,chemistry,analysis_model,2027-01-01,2031-12-31,2.406204,5.0,8400.0,236.424,462.766941,1182.122411,421.08,70.18,421.08,421.08,0.0,0.0,70.18,0.0,517.144482,1738.766941,3102.866893,418.104509,3520.971402,2327.15017,4654.30034,1364.099952,78.45,R&D planning estimate,Bottom-up activity-based estimate by work package
S-MSR-06,"Liquid-Fuel Material Control, Accounting, Safeguards and Security Interfaces",Shared,shared_program,methods_and_topicals,materials,analysis_model,2026-10-01,2031-06-30,1.233146,1.541,2588.9,239.062,238.525033,368.394131,300.15,266.8,0.0,0.0,0.0,0.0,33.35,66.7,207.078826,818.525033,1242.472957,128.860806,1371.333763,931.854718,1863.709436,423.947924,51.79,R&D planning estimate,Bottom-up activity-based estimate by work package
S-MSR-07,"Freeze Protection, Drain, Passive Decay-Heat Removal, Recovery and End-State Basis",Shared,shared_program,methods_and_topicals,thermal_hydraulics,analysis_model,2026-10-01,2031-12-31,2.251566,5.0,8400.0,238.784,436.701261,1193.921553,516.78,459.36,0.0,0.0,0.0,0.0,57.42,114.84,468.464311,1480.701261,2810.785864,435.525531,3246.311395,2108.089398,4216.178795,1330.084603,89.83,R&D planning estimate,Bottom-up activity-based estimate by work package
S-MSR-08,"Remote Inspection, Maintenance, Decontamination and Repair Technology",Shared,shared_program,methods_and_topicals,test_commissioning,analysis_model,2027-07-01,2031-12-31,2.287372,2.859,4803.1,223.706,417.501119,639.576091,717.75,638.0,0.0,0.0,0.0,0.0,79.75,159.5,446.915218,1867.501119,2681.491309,199.225969,2880.717278,2011.118482,4022.236964,813.99019,43.59,R&D planning estimate,Bottom-up activity-based estimate by work package
S-MSR-09,"Salt-Wetted Materials, Joining, Corrosion Surveillance, Code Cases and Inservice Inspection Basis",Shared,shared_program,methods_and_topicals,materials,analysis_model,2026-10-01,2032-12-31,3.304369,7.0,11760.0,238.458,639.840404,1669.208906,1148.4,1020.8,0.0,0.0,0.0,0.0,127.6,255.2,844.241781,2959.840404,5065.450687,585.346313,5650.797,3799.088015,7598.176031,2105.610283,71.14,R&D planning estimate,Bottom-up activity-based estimate by work package
S-MTH-01,Integrated analytical-methods and topical-report program plan,Shared,shared_program,methods_and_topicals,systems_engineering,analysis_model,2027-01-01,2027-03-31,0.081925,0.878,1475.0,254.937,17.042007,223.834646,74.79,66.48,0.0,0.0,0.0,0.0,8.31,16.62,78.006929,17.042007,468.041575,61.180968,529.222543,351.031181,702.062363,450.999568,2646.4,R&D planning estimate,Bottom-up activity-based estimate by work package
S-MTH-02,"Neutronics, moving-fuel kinetics and criticality-safety method development and topical report",Shared,shared_program,methods_and_topicals,neutronics,analysis_model,2027-01-01,2031-12-31,3.578688,8.0,13440.0,250.645,731.26591,2005.162797,405.0,360.0,0.0,0.0,0.0,0.0,45.0,90.0,581.032559,731.26591,3486.195356,696.840848,4183.036204,2614.646517,5229.293035,2754.929446,376.73,R&D planning estimate,Bottom-up activity-based estimate by work package
S-MTH-03,"Thermal-hydraulics, free-surface, gas-entrainment and freeze-drain method development and topical report",Shared,shared_program,methods_and_topicals,thermal_hydraulics,analysis_model,2027-01-01,2032-06-30,4.914619,10.0,16800.0,241.788,968.579248,2417.876716,540.0,480.0,0.0,0.0,0.0,0.0,60.0,120.0,723.575343,968.579248,4341.452059,871.051061,5212.50312,3256.089044,6512.178089,3372.872811,348.23,R&D planning estimate,Bottom-up activity-based estimate by work package
S-MTH-04,"Fuel-salt chemistry, thermophysical properties, source-term and off-gas method development and topical report",Shared,shared_program,methods_and_topicals,chemistry,analysis_model,2027-01-01,2032-12-31,5.103515,8.0,13440.0,238.407,983.380659,1907.253311,405.0,360.0,0.0,0.0,0.0,0.0,45.0,90.0,561.450662,983.380659,3368.703973,668.967215,4037.671188,2526.52798,5053.05596,2385.323314,242.56,R&D planning estimate,Bottom-up activity-based estimate by work package
S-MTH-05,"Materials, corrosion, joining, irradiation and aging method development and topical report",Shared,shared_program,methods_and_topicals,materials,analysis_model,2027-01-01,2032-12-31,5.418834,8.0,13440.0,238.401,1045.948165,1907.20978,495.0,440.0,0.0,0.0,0.0,0.0,55.0,110.0,601.441956,1045.948165,3608.651736,668.967215,4277.618951,2706.488802,5412.977604,2562.703571,245.01,R&D planning estimate,Bottom-up activity-based estimate by work package
S-MTH-06,"Multiphysics coupling, scaling, uncertainty quantification and safety-margin integration",Shared,shared_program,methods_and_topicals,materials,analysis_model,2026-10-01,2033-06-30,4.788417,10.0,16800.0,244.347,957.23609,2443.474367,540.0,480.0,0.0,0.0,0.0,0.0,60.0,120.0,728.694873,957.23609,4372.16924,836.209019,5208.378259,3279.12693,6558.253861,3414.93315,356.75,R&D planning estimate,Bottom-up activity-based estimate by work package
S-MTH-07,"Software quality assurance, reproducibility and validation-evidence repository",Shared,shared_program,methods_and_topicals,quality_configuration,analysis_model,2026-10-01,2032-12-31,4.972815,6.216,10442.9,228.616,945.317977,1421.079432,86.94,77.28,0.0,0.0,0.0,0.0,9.66,19.32,322.855886,945.317977,1937.135318,433.157101,2370.292419,1452.851489,2905.702978,991.817341,104.92,R&D planning estimate,Bottom-up activity-based estimate by work package
S-MTH-08,"Topical-report authoring, independent review, pre-application interaction and closure",Shared,shared_program,methods_and_topicals,materials,analysis_model,2027-04-01,2033-12-31,3.011654,7.0,11760.0,251.712,613.088712,1761.980986,315.0,280.0,0.0,0.0,0.0,0.0,35.0,70.0,492.396197,613.088712,2954.377183,585.346313,3539.723496,2215.782887,4431.565775,2341.288471,381.88,R&D planning estimate,Bottom-up activity-based estimate by work package
S-PKG-01,Methods V&V Data and Independent Review Contracts,Shared,shared_program,methods_and_topicals,quality_configuration,procurement_fabrication,2026-10-01,2032-12-31,1.467996,4.0,6720.0,250.078,298.894099,1000.312712,5742.0,765.6,0.0,0.0,0.0,0.0,382.8,765.6,1731.262542,7258.894099,10387.575254,0.0,10387.575254,7790.681441,15581.362882,3128.681155,43.1,R&D planning estimate,Bottom-up activity-based estimate by work package
S-PKG-02,"QA, EDMS, Requirements and Digital Thread Toolchain",Shared,shared_program,program_backbone,instrumentation_controls,design_engineering,2026-10-01,2038-12-31,2.150148,4.0,6720.0,225.526,403.813155,902.102376,1815.0,242.0,0.0,0.0,0.0,0.0,121.0,242.0,398.652285,2603.813155,3720.754661,0.0,3720.754661,2976.603729,5209.056526,1116.941506,42.9,Engineering planning estimate,Bottom-up activity-based estimate by work package
S-PKG-03,"NRC Fees, Topical Review and Independent Licensing Advisors",Shared,shared_program,program_backbone,licensing_authorization,management_control,2027-04-01,2036-12-31,1.184123,3.0,5040.0,266.684,252.611152,800.051283,907.5,0.0,0.0,0.0,1996.5,363.0,181.5,181.5,531.606154,3552.611152,4961.657437,0.0,4961.657437,3969.32595,6946.320412,1409.046285,39.66,Engineering planning estimate,Bottom-up activity-based estimate by work package
S-PKG-04,"Program Controls, Schedule Risk and Independent Cost Reviews",Shared,shared_program,program_backbone,project_controls,management_control,2026-10-01,2038-12-31,1.370272,3.0,5040.0,238.396,267.420475,715.1867,1361.25,181.5,0.0,0.0,0.0,0.0,90.75,181.5,303.622404,1917.420475,2833.809104,0.0,2833.809104,2267.047283,3967.332746,916.388629,47.79,Engineering planning estimate,Bottom-up activity-based estimate by work package
S-PKG-05,Shared External Laboratory and Vendor Validation Packages (Excludes ITHF),Shared,shared_program,methods_and_topicals,materials,procurement_fabrication,2026-10-01,2031-12-31,1.578959,3.0,5040.0,236.942,304.103268,710.827248,1148.4,191.4,1148.4,1148.4,0.0,0.0,191.4,0.0,907.76545,3784.103268,5446.592698,0.0,5446.592698,4084.944523,8169.889046,1662.48943,43.93,R&D planning estimate,Bottom-up activity-based estimate by work package
S-RESERVE,Shared Program Reserve and Scope Contingency,Shared,shared_program,program_backbone,project_controls,management_control,2030-01-01,2038-12-31,0.0,0.0,0.0,0.0,0.0,0.0,0.0,0.0,0.0,0.0,0.0,0.0,0.0,0.0,0.0,0.0,0.0,0.0,0.0,0.0,0.0,0.0,,Engineering planning estimate,Bottom-up activity-based estimate by work package
S-TECH-01,"Technology Strategy, R&D Portfolio and Integrated Technology Roadmap",Shared,shared_program,program_backbone,project_controls,management_control,2026-10-01,2035-09-30,0.953333,1.096,1841.3,322.446,255.117553,353.401112,113.85,50.6,0.0,0.0,0.0,0.0,25.3,63.25,72.768133,475.117553,679.169245,0.0,679.169245,543.335396,950.836944,204.051692,42.95,Engineering planning estimate,Bottom-up activity-based estimate by work package
S-TECH-02,"Technology Readiness, Down-Selection and ITHF/Model Evidence Integration",Shared,shared_program,program_backbone,systems_engineering,analysis_model,2027-01-01,2033-06-30,1.117803,1.285,2158.8,262.992,241.607913,337.944638,71.15625,63.25,0.0,0.0,0.0,0.0,7.90625,15.8125,59.528357,379.107913,555.597995,0.0,555.597995,444.478396,777.837192,176.490082,46.55,Engineering planning estimate,Bottom-up activity-based estimate by work package
S-TECH-03,"Digital Engineering, Model/Data Governance, IP and Knowledge Management",Shared,shared_program,program_backbone,instrumentation_controls,management_control,2027-01-01,2036-12-31,1.386841,1.595,2679.6,259.724,298.462573,414.259968,170.775,75.9,0.0,0.0,0.0,0.0,37.95,94.875,95.251196,628.462573,889.011164,0.0,889.011164,711.208931,1244.61563,260.548591,41.46,Engineering planning estimate,Bottom-up activity-based estimate by work package
